enrolment_id,date,status,marked_by,remarks,corrected_by,corrected_at,school_id,id,created_at,updated_at
298,2026-06-24,present,45,,,,36,5873,2026-09-21 13:42:20.897635+05:30,2026-09-21 13:42:20.897635+05:30
298,2026-06-25,absent,45,,,,36,5874,2026-09-21 13:42:20.897635+05:30,2026-09-21 13:42:20.897635+05:30
298,2026-06-26,present,45,,,,36,5875,2026-09-21 13:42:20.897635+05:30,2026-09-21 13:42:20.897635+05:30
298,2026-06-27,present,45,,,,36,5876,2026-09-21 13:42:20.897635+05:30,2026-09-21 13:42:20.897635+05:30
298,2026-06-29,present,45,,,,36,5877,2026-09-21 13:42:20.897635+05:30,2026-09-21 13:42:20.897635+05:30
298,2026-06-30,present,45,,,,36,5878,2026-09-21 13:42:20.897635+05:30,2026-09-21 13:42:20.897635+05:30
298,2026-07-01,present,45,,,,36,5879,2026-09-21 13:42:20.897635+05:30,2026-09-21 13:42:20.897635+05:30
298,2026-07-02,present,45,,,,36,5880,2026-09-21 13:42:20.897635+05:30,2026-09-21 13:42:20.897635+05:30
298,2026-07-03,present,45,,,,36,5881,2026-09-21 13:42:20.897635+05:30,2026-09-21 13:42:20.897635+05:30
298,2026-07-04,present,45,,,,36,5882,2026-09-21 13:42:20.897635+05:30,2026-09-21 13:42:20.897635+05:30
298,2026-07-06,present,45,,,,36,5883,2026-09-21 13:42:20.897635+05:30,2026-09-21 13:42:20.897635+05:30
298,2026-07-07,present,45,,,,36,5884,2026-09-21 13:42:20.897635+05:30,2026-09-21 13:42:20.897635+05:30
298,2026-07-08,present,45,,,,36,5885,2026-09-21 13:42:20.897635+05:30,2026-09-21 13:42:20.897635+05:30
298,2026-07-09,present,45,,,,36,5886,2026-09-21 13:42:20.897635+05:30,2026-09-21 13:42:20.897635+05:30
298,2026-07-10,present,45,,,,36,5887,2026-09-21 13:42:20.897635+05:30,2026-09-21 13:42:20.897635+05:30
298,2026-07-11,present,45,,,,36,5888,2026-09-21 13:42:20.897635+05:30,2026-09-21 13:42:20.897635+05:30
298,2026-07-13,present,45,,,,36,5889,2026-09-21 13:42:20.897635+05:30,2026-09-21 13:42:20.897635+05:30
298,2026-07-14,present,45,,,,36,5890,2026-09-21 13:42:20.897635+05:30,2026-09-21 13:42:20.897635+05:30
298,2026-07-15,present,45,,,,36,5891,2026-09-21 13:42:20.897635+05:30,2026-09-21 13:42:20.897635+05:30
298,2026-07-16,present,45,,,,36,5892,2026-09-21 13:42:20.897635+05:30,2026-09-21 13:42:20.897635+05:30
298,2026-07-17,present,45,,,,36,5893,2026-09-21 13:42:20.897635+05:30,2026-09-21 13:42:20.897635+05:30
298,2026-07-18,present,45,,,,36,5894,2026-09-21 13:42:20.897635+05:30,2026-09-21 13:42:20.897635+05:30
298,2026-07-20,present,45,,,,36,5895,2026-09-21 13:42:20.897635+05:30,2026-09-21 13:42:20.897635+05:30
298,2026-07-21,present,45,,,,36,5896,2026-09-21 13:42:20.897635+05:30,2026-09-21 13:42:20.897635+05:30
298,2026-07-22,present,45,,,,36,5897,2026-09-21 13:42:20.897635+05:30,2026-09-21 13:42:20.897635+05:30
298,2026-07-24,present,45,,,,36,5898,2026-09-21 13:42:20.897635+05:30,2026-09-21 13:42:20.897635+05:30
298,2026-07-25,absent,45,,,,36,5899,2026-09-21 13:42:20.897635+05:30,2026-09-21 13:42:20.897635+05:30
298,2026-07-27,present,45,,,,36,5900,2026-09-21 13:42:20.897635+05:30,2026-09-21 13:42:20.897635+05:30
298,2026-07-28,present,45,,,,36,5901,2026-09-21 13:42:20.897635+05:30,2026-09-21 13:42:20.897635+05:30
298,2026-07-29,present,45,,,,36,5902,2026-09-21 13:42:20.897635+05:30,2026-09-21 13:42:20.897635+05:30
298,2026-07-30,present,45,,,,36,5903,2026-09-21 13:42:20.897635+05:30,2026-09-21 13:42:20.897635+05:30
298,2026-07-31,present,45,,,,36,5904,2026-09-21 13:42:20.897635+05:30,2026-09-21 13:42:20.897635+05:30
298,2026-08-01,present,45,,,,36,5905,2026-09-21 13:42:20.897635+05:30,2026-09-21 13:42:20.897635+05:30
298,2026-08-03,present,45,,,,36,5906,2026-09-21 13:42:20.897635+05:30,2026-09-21 13:42:20.897635+05:30
298,2026-08-04,present,45,,,,36,5907,2026-09-21 13:42:20.897635+05:30,2026-09-21 13:42:20.897635+05:30
298,2026-08-05,present,45,,,,36,5908,2026-09-21 13:42:20.897635+05:30,2026-09-21 13:42:20.897635+05:30
298,2026-08-06,present,45,,,,36,5909,2026-09-21 13:42:20.897635+05:30,2026-09-21 13:42:20.897635+05:30
298,2026-08-07,present,45,,,,36,5910,2026-09-21 13:42:20.897635+05:30,2026-09-21 13:42:20.897635+05:30
298,2026-08-08,present,45,,,,36,5911,2026-09-21 13:42:20.897635+05:30,2026-09-21 13:42:20.897635+05:30
298,2026-08-10,present,45,,,,36,5912,2026-09-21 13:42:20.897635+05:30,2026-09-21 13:42:20.897635+05:30
298,2026-08-12,present,45,,,,36,5913,2026-09-21 13:42:20.897635+05:30,2026-09-21 13:42:20.897635+05:30
298,2026-08-13,present,45,,,,36,5914,2026-09-21 13:42:20.897635+05:30,2026-09-21 13:42:20.897635+05:30
298,2026-08-14,absent,45,,,,36,5915,2026-09-21 13:42:20.897635+05:30,2026-09-21 13:42:20.897635+05:30
298,2026-08-15,present,45,,,,36,5916,2026-09-21 13:42:20.897635+05:30,2026-09-21 13:42:20.897635+05:30
298,2026-08-17,present,45,,,,36,5917,2026-09-21 13:42:20.897635+05:30,2026-09-21 13:42:20.897635+05:30
298,2026-08-18,present,45,,,,36,5918,2026-09-21 13:42:20.897635+05:30,2026-09-21 13:42:20.897635+05:30
298,2026-08-19,present,45,,,,36,5919,2026-09-21 13:42:20.897635+05:30,2026-09-21 13:42:20.897635+05:30
298,2026-08-20,present,45,,,,36,5920,2026-09-21 13:42:20.897635+05:30,2026-09-21 13:42:20.897635+05:30
298,2026-08-21,present,45,,,,36,5921,2026-09-21 13:42:20.897635+05:30,2026-09-21 13:42:20.897635+05:30
298,2026-08-22,present,45,,,,36,5922,2026-09-21 13:42:20.897635+05:30,2026-09-21 13:42:20.897635+05:30
298,2026-08-24,present,45,,,,36,5923,2026-09-21 13:42:20.897635+05:30,2026-09-21 13:42:20.897635+05:30
298,2026-08-25,present,45,,,,36,5924,2026-09-21 13:42:20.897635+05:30,2026-09-21 13:42:20.897635+05:30
298,2026-08-26,present,45,,,,36,5925,2026-09-21 13:42:20.897635+05:30,2026-09-21 13:42:20.897635+05:30
298,2026-08-27,present,45,,,,36,5926,2026-09-21 13:42:20.897635+05:30,2026-09-21 13:42:20.897635+05:30
298,2026-08-28,present,45,,,,36,5927,2026-09-21 13:42:20.897635+05:30,2026-09-21 13:42:20.897635+05:30
298,2026-08-29,present,45,,,,36,5928,2026-09-21 13:42:20.897635+05:30,2026-09-21 13:42:20.897635+05:30
298,2026-08-31,present,45,,,,36,5929,2026-09-21 13:42:20.897635+05:30,2026-09-21 13:42:20.897635+05:30
298,2026-09-01,present,45,,,,36,5930,2026-09-21 13:42:20.897635+05:30,2026-09-21 13:42:20.897635+05:30
299,2026-06-24,present,45,,,,36,5931,2026-09-21 13:42:20.897635+05:30,2026-09-21 13:42:20.897635+05:30
299,2026-06-25,present,45,,,,36,5932,2026-09-21 13:42:20.897635+05:30,2026-09-21 13:42:20.897635+05:30
299,2026-06-26,present,45,,,,36,5933,2026-09-21 13:42:20.897635+05:30,2026-09-21 13:42:20.897635+05:30
299,2026-06-27,present,45,,,,36,5934,2026-09-21 13:42:20.897635+05:30,2026-09-21 13:42:20.897635+05:30
299,2026-06-29,leave,45,,,,36,5935,2026-09-21 13:42:20.897635+05:30,2026-09-21 13:42:20.897635+05:30
299,2026-06-30,present,45,,,,36,5936,2026-09-21 13:42:20.897635+05:30,2026-09-21 13:42:20.897635+05:30
299,2026-07-01,present,45,,,,36,5937,2026-09-21 13:42:20.897635+05:30,2026-09-21 13:42:20.897635+05:30
299,2026-07-02,present,45,,,,36,5938,2026-09-21 13:42:20.897635+05:30,2026-09-21 13:42:20.897635+05:30
299,2026-07-03,present,45,,,,36,5939,2026-09-21 13:42:20.897635+05:30,2026-09-21 13:42:20.897635+05:30
299,2026-07-04,present,45,,,,36,5940,2026-09-21 13:42:20.897635+05:30,2026-09-21 13:42:20.897635+05:30
299,2026-07-06,present,45,,,,36,5941,2026-09-21 13:42:20.897635+05:30,2026-09-21 13:42:20.897635+05:30
299,2026-07-07,present,45,,,,36,5942,2026-09-21 13:42:20.897635+05:30,2026-09-21 13:42:20.897635+05:30
299,2026-07-08,present,45,,,,36,5943,2026-09-21 13:42:20.897635+05:30,2026-09-21 13:42:20.897635+05:30
299,2026-07-09,present,45,,,,36,5944,2026-09-21 13:42:20.897635+05:30,2026-09-21 13:42:20.897635+05:30
299,2026-07-10,present,45,,,,36,5945,2026-09-21 13:42:20.897635+05:30,2026-09-21 13:42:20.897635+05:30
299,2026-07-11,present,45,,,,36,5946,2026-09-21 13:42:20.897635+05:30,2026-09-21 13:42:20.897635+05:30
299,2026-07-13,present,45,,,,36,5947,2026-09-21 13:42:20.897635+05:30,2026-09-21 13:42:20.897635+05:30
299,2026-07-14,present,45,,,,36,5948,2026-09-21 13:42:20.897635+05:30,2026-09-21 13:42:20.897635+05:30
299,2026-07-15,present,45,,,,36,5949,2026-09-21 13:42:20.897635+05:30,2026-09-21 13:42:20.897635+05:30
299,2026-07-16,present,45,,,,36,5950,2026-09-21 13:42:20.897635+05:30,2026-09-21 13:42:20.897635+05:30
299,2026-07-17,present,45,,,,36,5951,2026-09-21 13:42:20.897635+05:30,2026-09-21 13:42:20.897635+05:30
299,2026-07-18,present,45,,,,36,5952,2026-09-21 13:42:20.897635+05:30,2026-09-21 13:42:20.897635+05:30
299,2026-07-20,present,45,,,,36,5953,2026-09-21 13:42:20.897635+05:30,2026-09-21 13:42:20.897635+05:30
299,2026-07-21,present,45,,,,36,5954,2026-09-21 13:42:20.897635+05:30,2026-09-21 13:42:20.897635+05:30
299,2026-07-22,present,45,,,,36,5955,2026-09-21 13:42:20.897635+05:30,2026-09-21 13:42:20.897635+05:30
299,2026-07-24,present,45,,,,36,5956,2026-09-21 13:42:20.897635+05:30,2026-09-21 13:42:20.897635+05:30
299,2026-07-25,present,45,,,,36,5957,2026-09-21 13:42:20.897635+05:30,2026-09-21 13:42:20.897635+05:30
299,2026-07-27,present,45,,,,36,5958,2026-09-21 13:42:20.897635+05:30,2026-09-21 13:42:20.897635+05:30
299,2026-07-28,present,45,,,,36,5959,2026-09-21 13:42:20.897635+05:30,2026-09-21 13:42:20.897635+05:30
299,2026-07-29,absent,45,,,,36,5960,2026-09-21 13:42:20.897635+05:30,2026-09-21 13:42:20.897635+05:30
299,2026-07-30,present,45,,,,36,5961,2026-09-21 13:42:20.897635+05:30,2026-09-21 13:42:20.897635+05:30
299,2026-07-31,present,45,,,,36,5962,2026-09-21 13:42:20.897635+05:30,2026-09-21 13:42:20.897635+05:30
299,2026-08-01,present,45,,,,36,5963,2026-09-21 13:42:20.897635+05:30,2026-09-21 13:42:20.897635+05:30
299,2026-08-03,present,45,,,,36,5964,2026-09-21 13:42:20.897635+05:30,2026-09-21 13:42:20.897635+05:30
299,2026-08-04,present,45,,,,36,5965,2026-09-21 13:42:20.897635+05:30,2026-09-21 13:42:20.897635+05:30
299,2026-08-05,present,45,,,,36,5966,2026-09-21 13:42:20.897635+05:30,2026-09-21 13:42:20.897635+05:30
299,2026-08-06,present,45,,,,36,5967,2026-09-21 13:42:20.897635+05:30,2026-09-21 13:42:20.897635+05:30
299,2026-08-07,present,45,,,,36,5968,2026-09-21 13:42:20.897635+05:30,2026-09-21 13:42:20.897635+05:30
299,2026-08-08,present,45,,,,36,5969,2026-09-21 13:42:20.897635+05:30,2026-09-21 13:42:20.897635+05:30
299,2026-08-10,present,45,,,,36,5970,2026-09-21 13:42:20.897635+05:30,2026-09-21 13:42:20.897635+05:30
299,2026-08-12,present,45,,,,36,5971,2026-09-21 13:42:20.897635+05:30,2026-09-21 13:42:20.897635+05:30
299,2026-08-13,present,45,,,,36,5972,2026-09-21 13:42:20.897635+05:30,2026-09-21 13:42:20.897635+05:30
299,2026-08-14,present,45,,,,36,5973,2026-09-21 13:42:20.897635+05:30,2026-09-21 13:42:20.897635+05:30
299,2026-08-15,present,45,,,,36,5974,2026-09-21 13:42:20.897635+05:30,2026-09-21 13:42:20.897635+05:30
299,2026-08-17,present,45,,,,36,5975,2026-09-21 13:42:20.897635+05:30,2026-09-21 13:42:20.897635+05:30
299,2026-08-18,absent,45,,,,36,5976,2026-09-21 13:42:20.897635+05:30,2026-09-21 13:42:20.897635+05:30
299,2026-08-19,present,45,,,,36,5977,2026-09-21 13:42:20.897635+05:30,2026-09-21 13:42:20.897635+05:30
299,2026-08-20,present,45,,,,36,5978,2026-09-21 13:42:20.897635+05:30,2026-09-21 13:42:20.897635+05:30
299,2026-08-21,absent,45,,,,36,5979,2026-09-21 13:42:20.897635+05:30,2026-09-21 13:42:20.897635+05:30
299,2026-08-22,present,45,,,,36,5980,2026-09-21 13:42:20.897635+05:30,2026-09-21 13:42:20.897635+05:30
299,2026-08-24,present,45,,,,36,5981,2026-09-21 13:42:20.897635+05:30,2026-09-21 13:42:20.897635+05:30
299,2026-08-25,present,45,,,,36,5982,2026-09-21 13:42:20.897635+05:30,2026-09-21 13:42:20.897635+05:30
299,2026-08-26,present,45,,,,36,5983,2026-09-21 13:42:20.897635+05:30,2026-09-21 13:42:20.897635+05:30
299,2026-08-27,present,45,,,,36,5984,2026-09-21 13:42:20.897635+05:30,2026-09-21 13:42:20.897635+05:30
299,2026-08-28,present,45,,,,36,5985,2026-09-21 13:42:20.897635+05:30,2026-09-21 13:42:20.897635+05:30
299,2026-08-29,present,45,,,,36,5986,2026-09-21 13:42:20.897635+05:30,2026-09-21 13:42:20.897635+05:30
299,2026-08-31,present,45,,,,36,5987,2026-09-21 13:42:20.897635+05:30,2026-09-21 13:42:20.897635+05:30
299,2026-09-01,present,45,,,,36,5988,2026-09-21 13:42:20.897635+05:30,2026-09-21 13:42:20.897635+05:30
300,2026-06-24,present,45,,,,36,5989,2026-09-21 13:42:20.897635+05:30,2026-09-21 13:42:20.897635+05:30
300,2026-06-25,present,45,,,,36,5990,2026-09-21 13:42:20.897635+05:30,2026-09-21 13:42:20.897635+05:30
300,2026-06-26,present,45,,,,36,5991,2026-09-21 13:42:20.897635+05:30,2026-09-21 13:42:20.897635+05:30
300,2026-06-27,leave,45,,,,36,5992,2026-09-21 13:42:20.897635+05:30,2026-09-21 13:42:20.897635+05:30
300,2026-06-29,present,45,,,,36,5993,2026-09-21 13:42:20.897635+05:30,2026-09-21 13:42:20.897635+05:30
300,2026-06-30,present,45,,,,36,5994,2026-09-21 13:42:20.897635+05:30,2026-09-21 13:42:20.897635+05:30
300,2026-07-01,present,45,,,,36,5995,2026-09-21 13:42:20.897635+05:30,2026-09-21 13:42:20.897635+05:30
300,2026-07-02,present,45,,,,36,5996,2026-09-21 13:42:20.897635+05:30,2026-09-21 13:42:20.897635+05:30
300,2026-07-03,present,45,,,,36,5997,2026-09-21 13:42:20.897635+05:30,2026-09-21 13:42:20.897635+05:30
300,2026-07-04,present,45,,,,36,5998,2026-09-21 13:42:20.897635+05:30,2026-09-21 13:42:20.897635+05:30
300,2026-07-06,present,45,,,,36,5999,2026-09-21 13:42:20.897635+05:30,2026-09-21 13:42:20.897635+05:30
300,2026-07-07,present,45,,,,36,6000,2026-09-21 13:42:20.897635+05:30,2026-09-21 13:42:20.897635+05:30
300,2026-07-08,present,45,,,,36,6001,2026-09-21 13:42:20.897635+05:30,2026-09-21 13:42:20.897635+05:30
300,2026-07-09,present,45,,,,36,6002,2026-09-21 13:42:20.897635+05:30,2026-09-21 13:42:20.897635+05:30
300,2026-07-10,present,45,,,,36,6003,2026-09-21 13:42:20.897635+05:30,2026-09-21 13:42:20.897635+05:30
300,2026-07-11,present,45,,,,36,6004,2026-09-21 13:42:20.897635+05:30,2026-09-21 13:42:20.897635+05:30
300,2026-07-13,absent,45,,,,36,6005,2026-09-21 13:42:20.897635+05:30,2026-09-21 13:42:20.897635+05:30
300,2026-07-14,leave,45,,,,36,6006,2026-09-21 13:42:20.897635+05:30,2026-09-21 13:42:20.897635+05:30
300,2026-07-15,present,45,,,,36,6007,2026-09-21 13:42:20.897635+05:30,2026-09-21 13:42:20.897635+05:30
300,2026-07-16,present,45,,,,36,6008,2026-09-21 13:42:20.897635+05:30,2026-09-21 13:42:20.897635+05:30
300,2026-07-17,present,45,,,,36,6009,2026-09-21 13:42:20.897635+05:30,2026-09-21 13:42:20.897635+05:30
300,2026-07-18,present,45,,,,36,6010,2026-09-21 13:42:20.897635+05:30,2026-09-21 13:42:20.897635+05:30
300,2026-07-20,present,45,,,,36,6011,2026-09-21 13:42:20.897635+05:30,2026-09-21 13:42:20.897635+05:30
300,2026-07-21,present,45,,,,36,6012,2026-09-21 13:42:20.897635+05:30,2026-09-21 13:42:20.897635+05:30
300,2026-07-22,present,45,,,,36,6013,2026-09-21 13:42:20.897635+05:30,2026-09-21 13:42:20.897635+05:30
300,2026-07-24,present,45,,,,36,6014,2026-09-21 13:42:20.897635+05:30,2026-09-21 13:42:20.897635+05:30
300,2026-07-25,present,45,,,,36,6015,2026-09-21 13:42:20.897635+05:30,2026-09-21 13:42:20.897635+05:30
300,2026-07-27,leave,45,,,,36,6016,2026-09-21 13:42:20.897635+05:30,2026-09-21 13:42:20.897635+05:30
300,2026-07-28,present,45,,,,36,6017,2026-09-21 13:42:20.897635+05:30,2026-09-21 13:42:20.897635+05:30
300,2026-07-29,present,45,,,,36,6018,2026-09-21 13:42:20.897635+05:30,2026-09-21 13:42:20.897635+05:30
300,2026-07-30,absent,45,,,,36,6019,2026-09-21 13:42:20.897635+05:30,2026-09-21 13:42:20.897635+05:30
300,2026-07-31,present,45,,,,36,6020,2026-09-21 13:42:20.897635+05:30,2026-09-21 13:42:20.897635+05:30
300,2026-08-01,present,45,,,,36,6021,2026-09-21 13:42:20.897635+05:30,2026-09-21 13:42:20.897635+05:30
300,2026-08-03,present,45,,,,36,6022,2026-09-21 13:42:20.897635+05:30,2026-09-21 13:42:20.897635+05:30
300,2026-08-04,present,45,,,,36,6023,2026-09-21 13:42:20.897635+05:30,2026-09-21 13:42:20.897635+05:30
300,2026-08-05,absent,45,,,,36,6024,2026-09-21 13:42:20.897635+05:30,2026-09-21 13:42:20.897635+05:30
300,2026-08-06,present,45,,,,36,6025,2026-09-21 13:42:20.897635+05:30,2026-09-21 13:42:20.897635+05:30
300,2026-08-07,present,45,,,,36,6026,2026-09-21 13:42:20.897635+05:30,2026-09-21 13:42:20.897635+05:30
300,2026-08-08,present,45,,,,36,6027,2026-09-21 13:42:20.897635+05:30,2026-09-21 13:42:20.897635+05:30
300,2026-08-10,present,45,,,,36,6028,2026-09-21 13:42:20.897635+05:30,2026-09-21 13:42:20.897635+05:30
300,2026-08-12,present,45,,,,36,6029,2026-09-21 13:42:20.897635+05:30,2026-09-21 13:42:20.897635+05:30
300,2026-08-13,present,45,,,,36,6030,2026-09-21 13:42:20.897635+05:30,2026-09-21 13:42:20.897635+05:30
300,2026-08-14,present,45,,,,36,6031,2026-09-21 13:42:20.897635+05:30,2026-09-21 13:42:20.897635+05:30
300,2026-08-15,present,45,,,,36,6032,2026-09-21 13:42:20.897635+05:30,2026-09-21 13:42:20.897635+05:30
300,2026-08-17,present,45,,,,36,6033,2026-09-21 13:42:20.897635+05:30,2026-09-21 13:42:20.897635+05:30
300,2026-08-18,present,45,,,,36,6034,2026-09-21 13:42:20.897635+05:30,2026-09-21 13:42:20.897635+05:30
300,2026-08-19,present,45,,,,36,6035,2026-09-21 13:42:20.897635+05:30,2026-09-21 13:42:20.897635+05:30
300,2026-08-20,present,45,,,,36,6036,2026-09-21 13:42:20.897635+05:30,2026-09-21 13:42:20.897635+05:30
300,2026-08-21,present,45,,,,36,6037,2026-09-21 13:42:20.897635+05:30,2026-09-21 13:42:20.897635+05:30
300,2026-08-22,present,45,,,,36,6038,2026-09-21 13:42:20.897635+05:30,2026-09-21 13:42:20.897635+05:30
300,2026-08-24,present,45,,,,36,6039,2026-09-21 13:42:20.897635+05:30,2026-09-21 13:42:20.897635+05:30
300,2026-08-25,leave,45,,,,36,6040,2026-09-21 13:42:20.897635+05:30,2026-09-21 13:42:20.897635+05:30
300,2026-08-26,present,45,,,,36,6041,2026-09-21 13:42:20.897635+05:30,2026-09-21 13:42:20.897635+05:30
300,2026-08-27,present,45,,,,36,6042,2026-09-21 13:42:20.897635+05:30,2026-09-21 13:42:20.897635+05:30
300,2026-08-28,present,45,,,,36,6043,2026-09-21 13:42:20.897635+05:30,2026-09-21 13:42:20.897635+05:30
300,2026-08-29,present,45,,,,36,6044,2026-09-21 13:42:20.897635+05:30,2026-09-21 13:42:20.897635+05:30
300,2026-08-31,present,45,,,,36,6045,2026-09-21 13:42:20.897635+05:30,2026-09-21 13:42:20.897635+05:30
300,2026-09-01,present,45,,,,36,6046,2026-09-21 13:42:20.897635+05:30,2026-09-21 13:42:20.897635+05:30
301,2026-06-24,present,45,,,,36,6047,2026-09-21 13:42:20.897635+05:30,2026-09-21 13:42:20.897635+05:30
301,2026-06-25,present,45,,,,36,6048,2026-09-21 13:42:20.897635+05:30,2026-09-21 13:42:20.897635+05:30
301,2026-06-26,present,45,,,,36,6049,2026-09-21 13:42:20.897635+05:30,2026-09-21 13:42:20.897635+05:30
301,2026-06-27,present,45,,,,36,6050,2026-09-21 13:42:20.897635+05:30,2026-09-21 13:42:20.897635+05:30
301,2026-06-29,present,45,,,,36,6051,2026-09-21 13:42:20.897635+05:30,2026-09-21 13:42:20.897635+05:30
301,2026-06-30,present,45,,,,36,6052,2026-09-21 13:42:20.897635+05:30,2026-09-21 13:42:20.897635+05:30
301,2026-07-01,present,45,,,,36,6053,2026-09-21 13:42:20.897635+05:30,2026-09-21 13:42:20.897635+05:30
301,2026-07-02,present,45,,,,36,6054,2026-09-21 13:42:20.897635+05:30,2026-09-21 13:42:20.897635+05:30
301,2026-07-03,present,45,,,,36,6055,2026-09-21 13:42:20.897635+05:30,2026-09-21 13:42:20.897635+05:30
301,2026-07-04,present,45,,,,36,6056,2026-09-21 13:42:20.897635+05:30,2026-09-21 13:42:20.897635+05:30
301,2026-07-06,present,45,,,,36,6057,2026-09-21 13:42:20.897635+05:30,2026-09-21 13:42:20.897635+05:30
301,2026-07-07,present,45,,,,36,6058,2026-09-21 13:42:20.897635+05:30,2026-09-21 13:42:20.897635+05:30
301,2026-07-08,present,45,,,,36,6059,2026-09-21 13:42:20.897635+05:30,2026-09-21 13:42:20.897635+05:30
301,2026-07-09,present,45,,,,36,6060,2026-09-21 13:42:20.897635+05:30,2026-09-21 13:42:20.897635+05:30
301,2026-07-10,present,45,,,,36,6061,2026-09-21 13:42:20.897635+05:30,2026-09-21 13:42:20.897635+05:30
301,2026-07-11,present,45,,,,36,6062,2026-09-21 13:42:20.897635+05:30,2026-09-21 13:42:20.897635+05:30
301,2026-07-13,present,45,,,,36,6063,2026-09-21 13:42:20.897635+05:30,2026-09-21 13:42:20.897635+05:30
301,2026-07-14,present,45,,,,36,6064,2026-09-21 13:42:20.897635+05:30,2026-09-21 13:42:20.897635+05:30
301,2026-07-15,present,45,,,,36,6065,2026-09-21 13:42:20.897635+05:30,2026-09-21 13:42:20.897635+05:30
301,2026-07-16,present,45,,,,36,6066,2026-09-21 13:42:20.897635+05:30,2026-09-21 13:42:20.897635+05:30
301,2026-07-17,present,45,,,,36,6067,2026-09-21 13:42:20.897635+05:30,2026-09-21 13:42:20.897635+05:30
301,2026-07-18,present,45,,,,36,6068,2026-09-21 13:42:20.897635+05:30,2026-09-21 13:42:20.897635+05:30
301,2026-07-20,present,45,,,,36,6069,2026-09-21 13:42:20.897635+05:30,2026-09-21 13:42:20.897635+05:30
301,2026-07-21,present,45,,,,36,6070,2026-09-21 13:42:20.897635+05:30,2026-09-21 13:42:20.897635+05:30
301,2026-07-22,present,45,,,,36,6071,2026-09-21 13:42:20.897635+05:30,2026-09-21 13:42:20.897635+05:30
301,2026-07-24,present,45,,,,36,6072,2026-09-21 13:42:20.897635+05:30,2026-09-21 13:42:20.897635+05:30
301,2026-07-25,present,45,,,,36,6073,2026-09-21 13:42:20.897635+05:30,2026-09-21 13:42:20.897635+05:30
301,2026-07-27,present,45,,,,36,6074,2026-09-21 13:42:20.897635+05:30,2026-09-21 13:42:20.897635+05:30
301,2026-07-28,present,45,,,,36,6075,2026-09-21 13:42:20.897635+05:30,2026-09-21 13:42:20.897635+05:30
301,2026-07-29,present,45,,,,36,6076,2026-09-21 13:42:20.897635+05:30,2026-09-21 13:42:20.897635+05:30
301,2026-07-30,present,45,,,,36,6077,2026-09-21 13:42:20.897635+05:30,2026-09-21 13:42:20.897635+05:30
301,2026-07-31,present,45,,,,36,6078,2026-09-21 13:42:20.897635+05:30,2026-09-21 13:42:20.897635+05:30
301,2026-08-01,present,45,,,,36,6079,2026-09-21 13:42:20.897635+05:30,2026-09-21 13:42:20.897635+05:30
301,2026-08-03,present,45,,,,36,6080,2026-09-21 13:42:20.897635+05:30,2026-09-21 13:42:20.897635+05:30
301,2026-08-04,present,45,,,,36,6081,2026-09-21 13:42:20.897635+05:30,2026-09-21 13:42:20.897635+05:30
301,2026-08-05,present,45,,,,36,6082,2026-09-21 13:42:20.897635+05:30,2026-09-21 13:42:20.897635+05:30
301,2026-08-06,present,45,,,,36,6083,2026-09-21 13:42:20.897635+05:30,2026-09-21 13:42:20.897635+05:30
301,2026-08-07,present,45,,,,36,6084,2026-09-21 13:42:20.897635+05:30,2026-09-21 13:42:20.897635+05:30
301,2026-08-08,present,45,,,,36,6085,2026-09-21 13:42:20.897635+05:30,2026-09-21 13:42:20.897635+05:30
301,2026-08-10,present,45,,,,36,6086,2026-09-21 13:42:20.897635+05:30,2026-09-21 13:42:20.897635+05:30
301,2026-08-12,present,45,,,,36,6087,2026-09-21 13:42:20.897635+05:30,2026-09-21 13:42:20.897635+05:30
301,2026-08-13,present,45,,,,36,6088,2026-09-21 13:42:20.897635+05:30,2026-09-21 13:42:20.897635+05:30
301,2026-08-14,present,45,,,,36,6089,2026-09-21 13:42:20.897635+05:30,2026-09-21 13:42:20.897635+05:30
301,2026-08-15,absent,45,,,,36,6090,2026-09-21 13:42:20.897635+05:30,2026-09-21 13:42:20.897635+05:30
301,2026-08-17,present,45,,,,36,6091,2026-09-21 13:42:20.897635+05:30,2026-09-21 13:42:20.897635+05:30
301,2026-08-18,present,45,,,,36,6092,2026-09-21 13:42:20.897635+05:30,2026-09-21 13:42:20.897635+05:30
301,2026-08-19,present,45,,,,36,6093,2026-09-21 13:42:20.897635+05:30,2026-09-21 13:42:20.897635+05:30
301,2026-08-20,present,45,,,,36,6094,2026-09-21 13:42:20.897635+05:30,2026-09-21 13:42:20.897635+05:30
301,2026-08-21,present,45,,,,36,6095,2026-09-21 13:42:20.897635+05:30,2026-09-21 13:42:20.897635+05:30
301,2026-08-22,present,45,,,,36,6096,2026-09-21 13:42:20.897635+05:30,2026-09-21 13:42:20.897635+05:30
301,2026-08-24,present,45,,,,36,6097,2026-09-21 13:42:20.897635+05:30,2026-09-21 13:42:20.897635+05:30
301,2026-08-25,present,45,,,,36,6098,2026-09-21 13:42:20.897635+05:30,2026-09-21 13:42:20.897635+05:30
301,2026-08-26,present,45,,,,36,6099,2026-09-21 13:42:20.897635+05:30,2026-09-21 13:42:20.897635+05:30
301,2026-08-27,present,45,,,,36,6100,2026-09-21 13:42:20.897635+05:30,2026-09-21 13:42:20.897635+05:30
301,2026-08-28,present,45,,,,36,6101,2026-09-21 13:42:20.897635+05:30,2026-09-21 13:42:20.897635+05:30
301,2026-08-29,present,45,,,,36,6102,2026-09-21 13:42:20.897635+05:30,2026-09-21 13:42:20.897635+05:30
301,2026-08-31,present,45,,,,36,6103,2026-09-21 13:42:20.897635+05:30,2026-09-21 13:42:20.897635+05:30
301,2026-09-01,present,45,,,,36,6104,2026-09-21 13:42:20.897635+05:30,2026-09-21 13:42:20.897635+05:30
302,2026-06-24,present,45,,,,36,6105,2026-09-21 13:42:20.897635+05:30,2026-09-21 13:42:20.897635+05:30
302,2026-06-25,present,45,,,,36,6106,2026-09-21 13:42:20.897635+05:30,2026-09-21 13:42:20.897635+05:30
302,2026-06-26,present,45,,,,36,6107,2026-09-21 13:42:20.897635+05:30,2026-09-21 13:42:20.897635+05:30
302,2026-06-27,present,45,,,,36,6108,2026-09-21 13:42:20.897635+05:30,2026-09-21 13:42:20.897635+05:30
302,2026-06-29,present,45,,,,36,6109,2026-09-21 13:42:20.897635+05:30,2026-09-21 13:42:20.897635+05:30
302,2026-06-30,present,45,,,,36,6110,2026-09-21 13:42:20.897635+05:30,2026-09-21 13:42:20.897635+05:30
302,2026-07-01,present,45,,,,36,6111,2026-09-21 13:42:20.897635+05:30,2026-09-21 13:42:20.897635+05:30
302,2026-07-02,present,45,,,,36,6112,2026-09-21 13:42:20.897635+05:30,2026-09-21 13:42:20.897635+05:30
302,2026-07-03,present,45,,,,36,6113,2026-09-21 13:42:20.897635+05:30,2026-09-21 13:42:20.897635+05:30
302,2026-07-04,present,45,,,,36,6114,2026-09-21 13:42:20.897635+05:30,2026-09-21 13:42:20.897635+05:30
302,2026-07-06,present,45,,,,36,6115,2026-09-21 13:42:20.897635+05:30,2026-09-21 13:42:20.897635+05:30
302,2026-07-07,present,45,,,,36,6116,2026-09-21 13:42:20.897635+05:30,2026-09-21 13:42:20.897635+05:30
302,2026-07-08,present,45,,,,36,6117,2026-09-21 13:42:20.897635+05:30,2026-09-21 13:42:20.897635+05:30
302,2026-07-09,present,45,,,,36,6118,2026-09-21 13:42:20.897635+05:30,2026-09-21 13:42:20.897635+05:30
302,2026-07-10,present,45,,,,36,6119,2026-09-21 13:42:20.897635+05:30,2026-09-21 13:42:20.897635+05:30
302,2026-07-11,leave,45,,,,36,6120,2026-09-21 13:42:20.897635+05:30,2026-09-21 13:42:20.897635+05:30
302,2026-07-13,present,45,,,,36,6121,2026-09-21 13:42:20.897635+05:30,2026-09-21 13:42:20.897635+05:30
302,2026-07-14,present,45,,,,36,6122,2026-09-21 13:42:20.897635+05:30,2026-09-21 13:42:20.897635+05:30
302,2026-07-15,absent,45,,,,36,6123,2026-09-21 13:42:20.897635+05:30,2026-09-21 13:42:20.897635+05:30
302,2026-07-16,present,45,,,,36,6124,2026-09-21 13:42:20.897635+05:30,2026-09-21 13:42:20.897635+05:30
302,2026-07-17,present,45,,,,36,6125,2026-09-21 13:42:20.897635+05:30,2026-09-21 13:42:20.897635+05:30
302,2026-07-18,present,45,,,,36,6126,2026-09-21 13:42:20.897635+05:30,2026-09-21 13:42:20.897635+05:30
302,2026-07-20,present,45,,,,36,6127,2026-09-21 13:42:20.897635+05:30,2026-09-21 13:42:20.897635+05:30
302,2026-07-21,present,45,,,,36,6128,2026-09-21 13:42:20.897635+05:30,2026-09-21 13:42:20.897635+05:30
302,2026-07-22,present,45,,,,36,6129,2026-09-21 13:42:20.897635+05:30,2026-09-21 13:42:20.897635+05:30
302,2026-07-24,present,45,,,,36,6130,2026-09-21 13:42:20.897635+05:30,2026-09-21 13:42:20.897635+05:30
302,2026-07-25,present,45,,,,36,6131,2026-09-21 13:42:20.897635+05:30,2026-09-21 13:42:20.897635+05:30
302,2026-07-27,present,45,,,,36,6132,2026-09-21 13:42:20.897635+05:30,2026-09-21 13:42:20.897635+05:30
302,2026-07-28,present,45,,,,36,6133,2026-09-21 13:42:20.897635+05:30,2026-09-21 13:42:20.897635+05:30
302,2026-07-29,present,45,,,,36,6134,2026-09-21 13:42:20.897635+05:30,2026-09-21 13:42:20.897635+05:30
302,2026-07-30,present,45,,,,36,6135,2026-09-21 13:42:20.897635+05:30,2026-09-21 13:42:20.897635+05:30
302,2026-07-31,leave,45,,,,36,6136,2026-09-21 13:42:20.897635+05:30,2026-09-21 13:42:20.897635+05:30
302,2026-08-01,present,45,,,,36,6137,2026-09-21 13:42:20.897635+05:30,2026-09-21 13:42:20.897635+05:30
302,2026-08-03,present,45,,,,36,6138,2026-09-21 13:42:20.897635+05:30,2026-09-21 13:42:20.897635+05:30
302,2026-08-04,present,45,,,,36,6139,2026-09-21 13:42:20.897635+05:30,2026-09-21 13:42:20.897635+05:30
302,2026-08-05,present,45,,,,36,6140,2026-09-21 13:42:20.897635+05:30,2026-09-21 13:42:20.897635+05:30
302,2026-08-06,present,45,,,,36,6141,2026-09-21 13:42:20.897635+05:30,2026-09-21 13:42:20.897635+05:30
302,2026-08-07,present,45,,,,36,6142,2026-09-21 13:42:20.897635+05:30,2026-09-21 13:42:20.897635+05:30
302,2026-08-08,present,45,,,,36,6143,2026-09-21 13:42:20.897635+05:30,2026-09-21 13:42:20.897635+05:30
302,2026-08-10,present,45,,,,36,6144,2026-09-21 13:42:20.897635+05:30,2026-09-21 13:42:20.897635+05:30
302,2026-08-12,present,45,,,,36,6145,2026-09-21 13:42:20.897635+05:30,2026-09-21 13:42:20.897635+05:30
302,2026-08-13,present,45,,,,36,6146,2026-09-21 13:42:20.897635+05:30,2026-09-21 13:42:20.897635+05:30
302,2026-08-14,present,45,,,,36,6147,2026-09-21 13:42:20.897635+05:30,2026-09-21 13:42:20.897635+05:30
302,2026-08-15,present,45,,,,36,6148,2026-09-21 13:42:20.897635+05:30,2026-09-21 13:42:20.897635+05:30
302,2026-08-17,present,45,,,,36,6149,2026-09-21 13:42:20.897635+05:30,2026-09-21 13:42:20.897635+05:30
302,2026-08-18,present,45,,,,36,6150,2026-09-21 13:42:20.897635+05:30,2026-09-21 13:42:20.897635+05:30
302,2026-08-19,present,45,,,,36,6151,2026-09-21 13:42:20.897635+05:30,2026-09-21 13:42:20.897635+05:30
302,2026-08-20,present,45,,,,36,6152,2026-09-21 13:42:20.897635+05:30,2026-09-21 13:42:20.897635+05:30
302,2026-08-21,present,45,,,,36,6153,2026-09-21 13:42:20.897635+05:30,2026-09-21 13:42:20.897635+05:30
302,2026-08-22,present,45,,,,36,6154,2026-09-21 13:42:20.897635+05:30,2026-09-21 13:42:20.897635+05:30
302,2026-08-24,present,45,,,,36,6155,2026-09-21 13:42:20.897635+05:30,2026-09-21 13:42:20.897635+05:30
302,2026-08-25,present,45,,,,36,6156,2026-09-21 13:42:20.897635+05:30,2026-09-21 13:42:20.897635+05:30
302,2026-08-26,present,45,,,,36,6157,2026-09-21 13:42:20.897635+05:30,2026-09-21 13:42:20.897635+05:30
302,2026-08-27,present,45,,,,36,6158,2026-09-21 13:42:20.897635+05:30,2026-09-21 13:42:20.897635+05:30
302,2026-08-28,present,45,,,,36,6159,2026-09-21 13:42:20.897635+05:30,2026-09-21 13:42:20.897635+05:30
302,2026-08-29,present,45,,,,36,6160,2026-09-21 13:42:20.897635+05:30,2026-09-21 13:42:20.897635+05:30
302,2026-08-31,absent,45,,,,36,6161,2026-09-21 13:42:20.897635+05:30,2026-09-21 13:42:20.897635+05:30
302,2026-09-01,present,45,,,,36,6162,2026-09-21 13:42:20.897635+05:30,2026-09-21 13:42:20.897635+05:30
303,2026-06-24,present,45,,,,36,6163,2026-09-21 13:42:20.897635+05:30,2026-09-21 13:42:20.897635+05:30
303,2026-06-25,present,45,,,,36,6164,2026-09-21 13:42:20.897635+05:30,2026-09-21 13:42:20.897635+05:30
303,2026-06-26,present,45,,,,36,6165,2026-09-21 13:42:20.897635+05:30,2026-09-21 13:42:20.897635+05:30
303,2026-06-27,present,45,,,,36,6166,2026-09-21 13:42:20.897635+05:30,2026-09-21 13:42:20.897635+05:30
303,2026-06-29,present,45,,,,36,6167,2026-09-21 13:42:20.897635+05:30,2026-09-21 13:42:20.897635+05:30
303,2026-06-30,present,45,,,,36,6168,2026-09-21 13:42:20.897635+05:30,2026-09-21 13:42:20.897635+05:30
303,2026-07-01,present,45,,,,36,6169,2026-09-21 13:42:20.897635+05:30,2026-09-21 13:42:20.897635+05:30
303,2026-07-02,present,45,,,,36,6170,2026-09-21 13:42:20.897635+05:30,2026-09-21 13:42:20.897635+05:30
303,2026-07-03,present,45,,,,36,6171,2026-09-21 13:42:20.897635+05:30,2026-09-21 13:42:20.897635+05:30
303,2026-07-04,present,45,,,,36,6172,2026-09-21 13:42:20.897635+05:30,2026-09-21 13:42:20.897635+05:30
303,2026-07-06,present,45,,,,36,6173,2026-09-21 13:42:20.897635+05:30,2026-09-21 13:42:20.897635+05:30
303,2026-07-07,present,45,,,,36,6174,2026-09-21 13:42:20.897635+05:30,2026-09-21 13:42:20.897635+05:30
303,2026-07-08,present,45,,,,36,6175,2026-09-21 13:42:20.897635+05:30,2026-09-21 13:42:20.897635+05:30
303,2026-07-09,present,45,,,,36,6176,2026-09-21 13:42:20.897635+05:30,2026-09-21 13:42:20.897635+05:30
303,2026-07-10,present,45,,,,36,6177,2026-09-21 13:42:20.897635+05:30,2026-09-21 13:42:20.897635+05:30
303,2026-07-11,present,45,,,,36,6178,2026-09-21 13:42:20.897635+05:30,2026-09-21 13:42:20.897635+05:30
303,2026-07-13,present,45,,,,36,6179,2026-09-21 13:42:20.897635+05:30,2026-09-21 13:42:20.897635+05:30
303,2026-07-14,present,45,,,,36,6180,2026-09-21 13:42:20.897635+05:30,2026-09-21 13:42:20.897635+05:30
303,2026-07-15,present,45,,,,36,6181,2026-09-21 13:42:20.897635+05:30,2026-09-21 13:42:20.897635+05:30
303,2026-07-16,present,45,,,,36,6182,2026-09-21 13:42:20.897635+05:30,2026-09-21 13:42:20.897635+05:30
303,2026-07-17,present,45,,,,36,6183,2026-09-21 13:42:20.897635+05:30,2026-09-21 13:42:20.897635+05:30
303,2026-07-18,absent,45,,,,36,6184,2026-09-21 13:42:20.897635+05:30,2026-09-21 13:42:20.897635+05:30
303,2026-07-20,present,45,,,,36,6185,2026-09-21 13:42:20.897635+05:30,2026-09-21 13:42:20.897635+05:30
303,2026-07-21,present,45,,,,36,6186,2026-09-21 13:42:20.897635+05:30,2026-09-21 13:42:20.897635+05:30
303,2026-07-22,present,45,,,,36,6187,2026-09-21 13:42:20.897635+05:30,2026-09-21 13:42:20.897635+05:30
303,2026-07-24,present,45,,,,36,6188,2026-09-21 13:42:20.897635+05:30,2026-09-21 13:42:20.897635+05:30
303,2026-07-25,present,45,,,,36,6189,2026-09-21 13:42:20.897635+05:30,2026-09-21 13:42:20.897635+05:30
303,2026-07-27,present,45,,,,36,6190,2026-09-21 13:42:20.897635+05:30,2026-09-21 13:42:20.897635+05:30
303,2026-07-28,present,45,,,,36,6191,2026-09-21 13:42:20.897635+05:30,2026-09-21 13:42:20.897635+05:30
303,2026-07-29,leave,45,,,,36,6192,2026-09-21 13:42:20.897635+05:30,2026-09-21 13:42:20.897635+05:30
303,2026-07-30,present,45,,,,36,6193,2026-09-21 13:42:20.897635+05:30,2026-09-21 13:42:20.897635+05:30
303,2026-07-31,present,45,,,,36,6194,2026-09-21 13:42:20.897635+05:30,2026-09-21 13:42:20.897635+05:30
303,2026-08-01,present,45,,,,36,6195,2026-09-21 13:42:20.897635+05:30,2026-09-21 13:42:20.897635+05:30
303,2026-08-03,present,45,,,,36,6196,2026-09-21 13:42:20.897635+05:30,2026-09-21 13:42:20.897635+05:30
303,2026-08-04,present,45,,,,36,6197,2026-09-21 13:42:20.897635+05:30,2026-09-21 13:42:20.897635+05:30
303,2026-08-05,present,45,,,,36,6198,2026-09-21 13:42:20.897635+05:30,2026-09-21 13:42:20.897635+05:30
303,2026-08-06,present,45,,,,36,6199,2026-09-21 13:42:20.897635+05:30,2026-09-21 13:42:20.897635+05:30
303,2026-08-07,present,45,,,,36,6200,2026-09-21 13:42:20.897635+05:30,2026-09-21 13:42:20.897635+05:30
303,2026-08-08,present,45,,,,36,6201,2026-09-21 13:42:20.897635+05:30,2026-09-21 13:42:20.897635+05:30
303,2026-08-10,absent,45,,,,36,6202,2026-09-21 13:42:20.897635+05:30,2026-09-21 13:42:20.897635+05:30
303,2026-08-12,present,45,,,,36,6203,2026-09-21 13:42:20.897635+05:30,2026-09-21 13:42:20.897635+05:30
303,2026-08-13,present,45,,,,36,6204,2026-09-21 13:42:20.897635+05:30,2026-09-21 13:42:20.897635+05:30
303,2026-08-14,present,45,,,,36,6205,2026-09-21 13:42:20.897635+05:30,2026-09-21 13:42:20.897635+05:30
303,2026-08-15,present,45,,,,36,6206,2026-09-21 13:42:20.897635+05:30,2026-09-21 13:42:20.897635+05:30
303,2026-08-17,present,45,,,,36,6207,2026-09-21 13:42:20.897635+05:30,2026-09-21 13:42:20.897635+05:30
303,2026-08-18,present,45,,,,36,6208,2026-09-21 13:42:20.897635+05:30,2026-09-21 13:42:20.897635+05:30
303,2026-08-19,present,45,,,,36,6209,2026-09-21 13:42:20.897635+05:30,2026-09-21 13:42:20.897635+05:30
303,2026-08-20,present,45,,,,36,6210,2026-09-21 13:42:20.897635+05:30,2026-09-21 13:42:20.897635+05:30
303,2026-08-21,present,45,,,,36,6211,2026-09-21 13:42:20.897635+05:30,2026-09-21 13:42:20.897635+05:30
303,2026-08-22,present,45,,,,36,6212,2026-09-21 13:42:20.897635+05:30,2026-09-21 13:42:20.897635+05:30
303,2026-08-24,present,45,,,,36,6213,2026-09-21 13:42:20.897635+05:30,2026-09-21 13:42:20.897635+05:30
303,2026-08-25,present,45,,,,36,6214,2026-09-21 13:42:20.897635+05:30,2026-09-21 13:42:20.897635+05:30
303,2026-08-26,absent,45,,,,36,6215,2026-09-21 13:42:20.897635+05:30,2026-09-21 13:42:20.897635+05:30
303,2026-08-27,absent,45,,,,36,6216,2026-09-21 13:42:20.897635+05:30,2026-09-21 13:42:20.897635+05:30
303,2026-08-28,present,45,,,,36,6217,2026-09-21 13:42:20.897635+05:30,2026-09-21 13:42:20.897635+05:30
303,2026-08-29,present,45,,,,36,6218,2026-09-21 13:42:20.897635+05:30,2026-09-21 13:42:20.897635+05:30
303,2026-08-31,present,45,,,,36,6219,2026-09-21 13:42:20.897635+05:30,2026-09-21 13:42:20.897635+05:30
303,2026-09-01,present,45,,,,36,6220,2026-09-21 13:42:20.897635+05:30,2026-09-21 13:42:20.897635+05:30
304,2026-06-24,present,45,,,,36,6221,2026-09-21 13:42:20.897635+05:30,2026-09-21 13:42:20.897635+05:30
304,2026-06-25,present,45,,,,36,6222,2026-09-21 13:42:20.897635+05:30,2026-09-21 13:42:20.897635+05:30
304,2026-06-26,present,45,,,,36,6223,2026-09-21 13:42:20.897635+05:30,2026-09-21 13:42:20.897635+05:30
304,2026-06-27,present,45,,,,36,6224,2026-09-21 13:42:20.897635+05:30,2026-09-21 13:42:20.897635+05:30
304,2026-06-29,absent,45,,,,36,6225,2026-09-21 13:42:20.897635+05:30,2026-09-21 13:42:20.897635+05:30
304,2026-06-30,present,45,,,,36,6226,2026-09-21 13:42:20.897635+05:30,2026-09-21 13:42:20.897635+05:30
304,2026-07-01,present,45,,,,36,6227,2026-09-21 13:42:20.897635+05:30,2026-09-21 13:42:20.897635+05:30
304,2026-07-02,present,45,,,,36,6228,2026-09-21 13:42:20.897635+05:30,2026-09-21 13:42:20.897635+05:30
304,2026-07-03,present,45,,,,36,6229,2026-09-21 13:42:20.897635+05:30,2026-09-21 13:42:20.897635+05:30
304,2026-07-04,present,45,,,,36,6230,2026-09-21 13:42:20.897635+05:30,2026-09-21 13:42:20.897635+05:30
304,2026-07-06,absent,45,,,,36,6231,2026-09-21 13:42:20.897635+05:30,2026-09-21 13:42:20.897635+05:30
304,2026-07-07,absent,45,,,,36,6232,2026-09-21 13:42:20.897635+05:30,2026-09-21 13:42:20.897635+05:30
304,2026-07-08,present,45,,,,36,6233,2026-09-21 13:42:20.897635+05:30,2026-09-21 13:42:20.897635+05:30
304,2026-07-09,absent,45,,,,36,6234,2026-09-21 13:42:20.897635+05:30,2026-09-21 13:42:20.897635+05:30
304,2026-07-10,present,45,,,,36,6235,2026-09-21 13:42:20.897635+05:30,2026-09-21 13:42:20.897635+05:30
304,2026-07-11,absent,45,,,,36,6236,2026-09-21 13:42:20.897635+05:30,2026-09-21 13:42:20.897635+05:30
304,2026-07-13,present,45,,,,36,6237,2026-09-21 13:42:20.897635+05:30,2026-09-21 13:42:20.897635+05:30
304,2026-07-14,present,45,,,,36,6238,2026-09-21 13:42:20.897635+05:30,2026-09-21 13:42:20.897635+05:30
304,2026-07-15,present,45,,,,36,6239,2026-09-21 13:42:20.897635+05:30,2026-09-21 13:42:20.897635+05:30
304,2026-07-16,present,45,,,,36,6240,2026-09-21 13:42:20.897635+05:30,2026-09-21 13:42:20.897635+05:30
304,2026-07-17,present,45,,,,36,6241,2026-09-21 13:42:20.897635+05:30,2026-09-21 13:42:20.897635+05:30
304,2026-07-18,present,45,,,,36,6242,2026-09-21 13:42:20.897635+05:30,2026-09-21 13:42:20.897635+05:30
304,2026-07-20,present,45,,,,36,6243,2026-09-21 13:42:20.897635+05:30,2026-09-21 13:42:20.897635+05:30
304,2026-07-21,present,45,,,,36,6244,2026-09-21 13:42:20.897635+05:30,2026-09-21 13:42:20.897635+05:30
304,2026-07-22,present,45,,,,36,6245,2026-09-21 13:42:20.897635+05:30,2026-09-21 13:42:20.897635+05:30
304,2026-07-24,present,45,,,,36,6246,2026-09-21 13:42:20.897635+05:30,2026-09-21 13:42:20.897635+05:30
304,2026-07-25,present,45,,,,36,6247,2026-09-21 13:42:20.897635+05:30,2026-09-21 13:42:20.897635+05:30
304,2026-07-27,absent,45,,,,36,6248,2026-09-21 13:42:20.897635+05:30,2026-09-21 13:42:20.897635+05:30
304,2026-07-28,present,45,,,,36,6249,2026-09-21 13:42:20.897635+05:30,2026-09-21 13:42:20.897635+05:30
304,2026-07-29,present,45,,,,36,6250,2026-09-21 13:42:20.897635+05:30,2026-09-21 13:42:20.897635+05:30
304,2026-07-30,present,45,,,,36,6251,2026-09-21 13:42:20.897635+05:30,2026-09-21 13:42:20.897635+05:30
304,2026-07-31,present,45,,,,36,6252,2026-09-21 13:42:20.897635+05:30,2026-09-21 13:42:20.897635+05:30
304,2026-08-01,present,45,,,,36,6253,2026-09-21 13:42:20.897635+05:30,2026-09-21 13:42:20.897635+05:30
304,2026-08-03,present,45,,,,36,6254,2026-09-21 13:42:20.897635+05:30,2026-09-21 13:42:20.897635+05:30
304,2026-08-04,present,45,,,,36,6255,2026-09-21 13:42:20.897635+05:30,2026-09-21 13:42:20.897635+05:30
304,2026-08-05,present,45,,,,36,6256,2026-09-21 13:42:20.897635+05:30,2026-09-21 13:42:20.897635+05:30
304,2026-08-06,present,45,,,,36,6257,2026-09-21 13:42:20.897635+05:30,2026-09-21 13:42:20.897635+05:30
304,2026-08-07,present,45,,,,36,6258,2026-09-21 13:42:20.897635+05:30,2026-09-21 13:42:20.897635+05:30
304,2026-08-08,present,45,,,,36,6259,2026-09-21 13:42:20.897635+05:30,2026-09-21 13:42:20.897635+05:30
304,2026-08-10,present,45,,,,36,6260,2026-09-21 13:42:20.897635+05:30,2026-09-21 13:42:20.897635+05:30
304,2026-08-12,present,45,,,,36,6261,2026-09-21 13:42:20.897635+05:30,2026-09-21 13:42:20.897635+05:30
304,2026-08-13,present,45,,,,36,6262,2026-09-21 13:42:20.897635+05:30,2026-09-21 13:42:20.897635+05:30
304,2026-08-14,present,45,,,,36,6263,2026-09-21 13:42:20.897635+05:30,2026-09-21 13:42:20.897635+05:30
304,2026-08-15,present,45,,,,36,6264,2026-09-21 13:42:20.897635+05:30,2026-09-21 13:42:20.897635+05:30
304,2026-08-17,present,45,,,,36,6265,2026-09-21 13:42:20.897635+05:30,2026-09-21 13:42:20.897635+05:30
304,2026-08-18,present,45,,,,36,6266,2026-09-21 13:42:20.897635+05:30,2026-09-21 13:42:20.897635+05:30
304,2026-08-19,absent,45,,,,36,6267,2026-09-21 13:42:20.897635+05:30,2026-09-21 13:42:20.897635+05:30
304,2026-08-20,present,45,,,,36,6268,2026-09-21 13:42:20.897635+05:30,2026-09-21 13:42:20.897635+05:30
304,2026-08-21,present,45,,,,36,6269,2026-09-21 13:42:20.897635+05:30,2026-09-21 13:42:20.897635+05:30
304,2026-08-22,present,45,,,,36,6270,2026-09-21 13:42:20.897635+05:30,2026-09-21 13:42:20.897635+05:30
304,2026-08-24,present,45,,,,36,6271,2026-09-21 13:42:20.897635+05:30,2026-09-21 13:42:20.897635+05:30
304,2026-08-25,present,45,,,,36,6272,2026-09-21 13:42:20.897635+05:30,2026-09-21 13:42:20.897635+05:30
304,2026-08-26,present,45,,,,36,6273,2026-09-21 13:42:20.897635+05:30,2026-09-21 13:42:20.897635+05:30
304,2026-08-27,present,45,,,,36,6274,2026-09-21 13:42:20.897635+05:30,2026-09-21 13:42:20.897635+05:30
304,2026-08-28,present,45,,,,36,6275,2026-09-21 13:42:20.897635+05:30,2026-09-21 13:42:20.897635+05:30
304,2026-08-29,leave,45,,,,36,6276,2026-09-21 13:42:20.897635+05:30,2026-09-21 13:42:20.897635+05:30
304,2026-08-31,present,45,,,,36,6277,2026-09-21 13:42:20.897635+05:30,2026-09-21 13:42:20.897635+05:30
304,2026-09-01,absent,45,,,,36,6278,2026-09-21 13:42:20.897635+05:30,2026-09-21 13:42:20.897635+05:30
305,2026-06-24,present,45,,,,36,6279,2026-09-21 13:42:20.897635+05:30,2026-09-21 13:42:20.897635+05:30
305,2026-06-25,present,45,,,,36,6280,2026-09-21 13:42:20.897635+05:30,2026-09-21 13:42:20.897635+05:30
305,2026-06-26,present,45,,,,36,6281,2026-09-21 13:42:20.897635+05:30,2026-09-21 13:42:20.897635+05:30
305,2026-06-27,present,45,,,,36,6282,2026-09-21 13:42:20.897635+05:30,2026-09-21 13:42:20.897635+05:30
305,2026-06-29,present,45,,,,36,6283,2026-09-21 13:42:20.897635+05:30,2026-09-21 13:42:20.897635+05:30
305,2026-06-30,present,45,,,,36,6284,2026-09-21 13:42:20.897635+05:30,2026-09-21 13:42:20.897635+05:30
305,2026-07-01,present,45,,,,36,6285,2026-09-21 13:42:20.897635+05:30,2026-09-21 13:42:20.897635+05:30
305,2026-07-02,present,45,,,,36,6286,2026-09-21 13:42:20.897635+05:30,2026-09-21 13:42:20.897635+05:30
305,2026-07-03,present,45,,,,36,6287,2026-09-21 13:42:20.897635+05:30,2026-09-21 13:42:20.897635+05:30
305,2026-07-04,present,45,,,,36,6288,2026-09-21 13:42:20.897635+05:30,2026-09-21 13:42:20.897635+05:30
305,2026-07-06,present,45,,,,36,6289,2026-09-21 13:42:20.897635+05:30,2026-09-21 13:42:20.897635+05:30
305,2026-07-07,present,45,,,,36,6290,2026-09-21 13:42:20.897635+05:30,2026-09-21 13:42:20.897635+05:30
305,2026-07-08,present,45,,,,36,6291,2026-09-21 13:42:20.897635+05:30,2026-09-21 13:42:20.897635+05:30
305,2026-07-09,present,45,,,,36,6292,2026-09-21 13:42:20.897635+05:30,2026-09-21 13:42:20.897635+05:30
305,2026-07-10,present,45,,,,36,6293,2026-09-21 13:42:20.897635+05:30,2026-09-21 13:42:20.897635+05:30
305,2026-07-11,present,45,,,,36,6294,2026-09-21 13:42:20.897635+05:30,2026-09-21 13:42:20.897635+05:30
305,2026-07-13,present,45,,,,36,6295,2026-09-21 13:42:20.897635+05:30,2026-09-21 13:42:20.897635+05:30
305,2026-07-14,present,45,,,,36,6296,2026-09-21 13:42:20.897635+05:30,2026-09-21 13:42:20.897635+05:30
305,2026-07-15,present,45,,,,36,6297,2026-09-21 13:42:20.897635+05:30,2026-09-21 13:42:20.897635+05:30
305,2026-07-16,present,45,,,,36,6298,2026-09-21 13:42:20.897635+05:30,2026-09-21 13:42:20.897635+05:30
305,2026-07-17,present,45,,,,36,6299,2026-09-21 13:42:20.897635+05:30,2026-09-21 13:42:20.897635+05:30
305,2026-07-18,present,45,,,,36,6300,2026-09-21 13:42:20.897635+05:30,2026-09-21 13:42:20.897635+05:30
305,2026-07-20,present,45,,,,36,6301,2026-09-21 13:42:20.897635+05:30,2026-09-21 13:42:20.897635+05:30
305,2026-07-21,present,45,,,,36,6302,2026-09-21 13:42:20.897635+05:30,2026-09-21 13:42:20.897635+05:30
305,2026-07-22,leave,45,,,,36,6303,2026-09-21 13:42:20.897635+05:30,2026-09-21 13:42:20.897635+05:30
305,2026-07-24,present,45,,,,36,6304,2026-09-21 13:42:20.897635+05:30,2026-09-21 13:42:20.897635+05:30
305,2026-07-25,absent,45,,,,36,6305,2026-09-21 13:42:20.897635+05:30,2026-09-21 13:42:20.897635+05:30
305,2026-07-27,present,45,,,,36,6306,2026-09-21 13:42:20.897635+05:30,2026-09-21 13:42:20.897635+05:30
305,2026-07-28,present,45,,,,36,6307,2026-09-21 13:42:20.897635+05:30,2026-09-21 13:42:20.897635+05:30
305,2026-07-29,present,45,,,,36,6308,2026-09-21 13:42:20.897635+05:30,2026-09-21 13:42:20.897635+05:30
305,2026-07-30,present,45,,,,36,6309,2026-09-21 13:42:20.897635+05:30,2026-09-21 13:42:20.897635+05:30
305,2026-07-31,present,45,,,,36,6310,2026-09-21 13:42:20.897635+05:30,2026-09-21 13:42:20.897635+05:30
305,2026-08-01,present,45,,,,36,6311,2026-09-21 13:42:20.897635+05:30,2026-09-21 13:42:20.897635+05:30
305,2026-08-03,present,45,,,,36,6312,2026-09-21 13:42:20.897635+05:30,2026-09-21 13:42:20.897635+05:30
305,2026-08-04,present,45,,,,36,6313,2026-09-21 13:42:20.897635+05:30,2026-09-21 13:42:20.897635+05:30
305,2026-08-05,present,45,,,,36,6314,2026-09-21 13:42:20.897635+05:30,2026-09-21 13:42:20.897635+05:30
305,2026-08-06,present,45,,,,36,6315,2026-09-21 13:42:20.897635+05:30,2026-09-21 13:42:20.897635+05:30
305,2026-08-07,present,45,,,,36,6316,2026-09-21 13:42:20.897635+05:30,2026-09-21 13:42:20.897635+05:30
305,2026-08-08,present,45,,,,36,6317,2026-09-21 13:42:20.897635+05:30,2026-09-21 13:42:20.897635+05:30
305,2026-08-10,present,45,,,,36,6318,2026-09-21 13:42:20.897635+05:30,2026-09-21 13:42:20.897635+05:30
305,2026-08-12,present,45,,,,36,6319,2026-09-21 13:42:20.897635+05:30,2026-09-21 13:42:20.897635+05:30
305,2026-08-13,present,45,,,,36,6320,2026-09-21 13:42:20.897635+05:30,2026-09-21 13:42:20.897635+05:30
305,2026-08-14,present,45,,,,36,6321,2026-09-21 13:42:20.897635+05:30,2026-09-21 13:42:20.897635+05:30
305,2026-08-15,present,45,,,,36,6322,2026-09-21 13:42:20.897635+05:30,2026-09-21 13:42:20.897635+05:30
305,2026-08-17,present,45,,,,36,6323,2026-09-21 13:42:20.897635+05:30,2026-09-21 13:42:20.897635+05:30
305,2026-08-18,present,45,,,,36,6324,2026-09-21 13:42:20.897635+05:30,2026-09-21 13:42:20.897635+05:30
305,2026-08-19,present,45,,,,36,6325,2026-09-21 13:42:20.897635+05:30,2026-09-21 13:42:20.897635+05:30
305,2026-08-20,present,45,,,,36,6326,2026-09-21 13:42:20.897635+05:30,2026-09-21 13:42:20.897635+05:30
305,2026-08-21,present,45,,,,36,6327,2026-09-21 13:42:20.897635+05:30,2026-09-21 13:42:20.897635+05:30
305,2026-08-22,present,45,,,,36,6328,2026-09-21 13:42:20.897635+05:30,2026-09-21 13:42:20.897635+05:30
305,2026-08-24,present,45,,,,36,6329,2026-09-21 13:42:20.897635+05:30,2026-09-21 13:42:20.897635+05:30
305,2026-08-25,present,45,,,,36,6330,2026-09-21 13:42:20.897635+05:30,2026-09-21 13:42:20.897635+05:30
305,2026-08-26,present,45,,,,36,6331,2026-09-21 13:42:20.897635+05:30,2026-09-21 13:42:20.897635+05:30
305,2026-08-27,present,45,,,,36,6332,2026-09-21 13:42:20.897635+05:30,2026-09-21 13:42:20.897635+05:30
305,2026-08-28,present,45,,,,36,6333,2026-09-21 13:42:20.897635+05:30,2026-09-21 13:42:20.897635+05:30
305,2026-08-29,present,45,,,,36,6334,2026-09-21 13:42:20.897635+05:30,2026-09-21 13:42:20.897635+05:30
305,2026-08-31,present,45,,,,36,6335,2026-09-21 13:42:20.897635+05:30,2026-09-21 13:42:20.897635+05:30
305,2026-09-01,present,45,,,,36,6336,2026-09-21 13:42:20.897635+05:30,2026-09-21 13:42:20.897635+05:30
306,2026-06-24,present,45,,,,36,6337,2026-09-21 13:42:20.897635+05:30,2026-09-21 13:42:20.897635+05:30
306,2026-06-25,present,45,,,,36,6338,2026-09-21 13:42:20.897635+05:30,2026-09-21 13:42:20.897635+05:30
306,2026-06-26,present,45,,,,36,6339,2026-09-21 13:42:20.897635+05:30,2026-09-21 13:42:20.897635+05:30
306,2026-06-27,present,45,,,,36,6340,2026-09-21 13:42:20.897635+05:30,2026-09-21 13:42:20.897635+05:30
306,2026-06-29,present,45,,,,36,6341,2026-09-21 13:42:20.897635+05:30,2026-09-21 13:42:20.897635+05:30
306,2026-06-30,present,45,,,,36,6342,2026-09-21 13:42:20.897635+05:30,2026-09-21 13:42:20.897635+05:30
306,2026-07-01,absent,45,,,,36,6343,2026-09-21 13:42:20.897635+05:30,2026-09-21 13:42:20.897635+05:30
306,2026-07-02,present,45,,,,36,6344,2026-09-21 13:42:20.897635+05:30,2026-09-21 13:42:20.897635+05:30
306,2026-07-03,present,45,,,,36,6345,2026-09-21 13:42:20.897635+05:30,2026-09-21 13:42:20.897635+05:30
306,2026-07-04,present,45,,,,36,6346,2026-09-21 13:42:20.897635+05:30,2026-09-21 13:42:20.897635+05:30
306,2026-07-06,present,45,,,,36,6347,2026-09-21 13:42:20.897635+05:30,2026-09-21 13:42:20.897635+05:30
306,2026-07-07,present,45,,,,36,6348,2026-09-21 13:42:20.897635+05:30,2026-09-21 13:42:20.897635+05:30
306,2026-07-08,present,45,,,,36,6349,2026-09-21 13:42:20.897635+05:30,2026-09-21 13:42:20.897635+05:30
306,2026-07-09,leave,45,,,,36,6350,2026-09-21 13:42:20.897635+05:30,2026-09-21 13:42:20.897635+05:30
306,2026-07-10,present,45,,,,36,6351,2026-09-21 13:42:20.897635+05:30,2026-09-21 13:42:20.897635+05:30
306,2026-07-11,present,45,,,,36,6352,2026-09-21 13:42:20.897635+05:30,2026-09-21 13:42:20.897635+05:30
306,2026-07-13,present,45,,,,36,6353,2026-09-21 13:42:20.897635+05:30,2026-09-21 13:42:20.897635+05:30
306,2026-07-14,present,45,,,,36,6354,2026-09-21 13:42:20.897635+05:30,2026-09-21 13:42:20.897635+05:30
306,2026-07-15,present,45,,,,36,6355,2026-09-21 13:42:20.897635+05:30,2026-09-21 13:42:20.897635+05:30
306,2026-07-16,present,45,,,,36,6356,2026-09-21 13:42:20.897635+05:30,2026-09-21 13:42:20.897635+05:30
306,2026-07-17,present,45,,,,36,6357,2026-09-21 13:42:20.897635+05:30,2026-09-21 13:42:20.897635+05:30
306,2026-07-18,present,45,,,,36,6358,2026-09-21 13:42:20.897635+05:30,2026-09-21 13:42:20.897635+05:30
306,2026-07-20,present,45,,,,36,6359,2026-09-21 13:42:20.897635+05:30,2026-09-21 13:42:20.897635+05:30
306,2026-07-21,present,45,,,,36,6360,2026-09-21 13:42:20.897635+05:30,2026-09-21 13:42:20.897635+05:30
306,2026-07-22,present,45,,,,36,6361,2026-09-21 13:42:20.897635+05:30,2026-09-21 13:42:20.897635+05:30
306,2026-07-24,present,45,,,,36,6362,2026-09-21 13:42:20.897635+05:30,2026-09-21 13:42:20.897635+05:30
306,2026-07-25,present,45,,,,36,6363,2026-09-21 13:42:20.897635+05:30,2026-09-21 13:42:20.897635+05:30
306,2026-07-27,present,45,,,,36,6364,2026-09-21 13:42:20.897635+05:30,2026-09-21 13:42:20.897635+05:30
306,2026-07-28,present,45,,,,36,6365,2026-09-21 13:42:20.897635+05:30,2026-09-21 13:42:20.897635+05:30
306,2026-07-29,present,45,,,,36,6366,2026-09-21 13:42:20.897635+05:30,2026-09-21 13:42:20.897635+05:30
306,2026-07-30,present,45,,,,36,6367,2026-09-21 13:42:20.897635+05:30,2026-09-21 13:42:20.897635+05:30
306,2026-07-31,present,45,,,,36,6368,2026-09-21 13:42:20.897635+05:30,2026-09-21 13:42:20.897635+05:30
306,2026-08-01,absent,45,,,,36,6369,2026-09-21 13:42:20.897635+05:30,2026-09-21 13:42:20.897635+05:30
306,2026-08-03,present,45,,,,36,6370,2026-09-21 13:42:20.897635+05:30,2026-09-21 13:42:20.897635+05:30
306,2026-08-04,present,45,,,,36,6371,2026-09-21 13:42:20.897635+05:30,2026-09-21 13:42:20.897635+05:30
306,2026-08-05,present,45,,,,36,6372,2026-09-21 13:42:20.897635+05:30,2026-09-21 13:42:20.897635+05:30
306,2026-08-06,present,45,,,,36,6373,2026-09-21 13:42:20.897635+05:30,2026-09-21 13:42:20.897635+05:30
306,2026-08-07,present,45,,,,36,6374,2026-09-21 13:42:20.897635+05:30,2026-09-21 13:42:20.897635+05:30
306,2026-08-08,present,45,,,,36,6375,2026-09-21 13:42:20.897635+05:30,2026-09-21 13:42:20.897635+05:30
306,2026-08-10,present,45,,,,36,6376,2026-09-21 13:42:20.897635+05:30,2026-09-21 13:42:20.897635+05:30
306,2026-08-12,present,45,,,,36,6377,2026-09-21 13:42:20.897635+05:30,2026-09-21 13:42:20.897635+05:30
306,2026-08-13,present,45,,,,36,6378,2026-09-21 13:42:20.897635+05:30,2026-09-21 13:42:20.897635+05:30
306,2026-08-14,present,45,,,,36,6379,2026-09-21 13:42:20.897635+05:30,2026-09-21 13:42:20.897635+05:30
306,2026-08-15,present,45,,,,36,6380,2026-09-21 13:42:20.897635+05:30,2026-09-21 13:42:20.897635+05:30
306,2026-08-17,present,45,,,,36,6381,2026-09-21 13:42:20.897635+05:30,2026-09-21 13:42:20.897635+05:30
306,2026-08-18,present,45,,,,36,6382,2026-09-21 13:42:20.897635+05:30,2026-09-21 13:42:20.897635+05:30
306,2026-08-19,present,45,,,,36,6383,2026-09-21 13:42:20.897635+05:30,2026-09-21 13:42:20.897635+05:30
306,2026-08-20,present,45,,,,36,6384,2026-09-21 13:42:20.897635+05:30,2026-09-21 13:42:20.897635+05:30
306,2026-08-21,present,45,,,,36,6385,2026-09-21 13:42:20.897635+05:30,2026-09-21 13:42:20.897635+05:30
306,2026-08-22,present,45,,,,36,6386,2026-09-21 13:42:20.897635+05:30,2026-09-21 13:42:20.897635+05:30
306,2026-08-24,present,45,,,,36,6387,2026-09-21 13:42:20.897635+05:30,2026-09-21 13:42:20.897635+05:30
306,2026-08-25,present,45,,,,36,6388,2026-09-21 13:42:20.897635+05:30,2026-09-21 13:42:20.897635+05:30
306,2026-08-26,present,45,,,,36,6389,2026-09-21 13:42:20.897635+05:30,2026-09-21 13:42:20.897635+05:30
306,2026-08-27,present,45,,,,36,6390,2026-09-21 13:42:20.897635+05:30,2026-09-21 13:42:20.897635+05:30
306,2026-08-28,present,45,,,,36,6391,2026-09-21 13:42:20.897635+05:30,2026-09-21 13:42:20.897635+05:30
306,2026-08-29,present,45,,,,36,6392,2026-09-21 13:42:20.897635+05:30,2026-09-21 13:42:20.897635+05:30
306,2026-08-31,present,45,,,,36,6393,2026-09-21 13:42:20.897635+05:30,2026-09-21 13:42:20.897635+05:30
306,2026-09-01,present,45,,,,36,6394,2026-09-21 13:42:20.897635+05:30,2026-09-21 13:42:20.897635+05:30
307,2026-06-24,present,45,,,,36,6395,2026-09-21 13:42:20.897635+05:30,2026-09-21 13:42:20.897635+05:30
307,2026-06-25,present,45,,,,36,6396,2026-09-21 13:42:20.897635+05:30,2026-09-21 13:42:20.897635+05:30
307,2026-06-26,present,45,,,,36,6397,2026-09-21 13:42:20.897635+05:30,2026-09-21 13:42:20.897635+05:30
307,2026-06-27,present,45,,,,36,6398,2026-09-21 13:42:20.897635+05:30,2026-09-21 13:42:20.897635+05:30
307,2026-06-29,present,45,,,,36,6399,2026-09-21 13:42:20.897635+05:30,2026-09-21 13:42:20.897635+05:30
307,2026-06-30,leave,45,,,,36,6400,2026-09-21 13:42:20.897635+05:30,2026-09-21 13:42:20.897635+05:30
307,2026-07-01,present,45,,,,36,6401,2026-09-21 13:42:20.897635+05:30,2026-09-21 13:42:20.897635+05:30
307,2026-07-02,present,45,,,,36,6402,2026-09-21 13:42:20.897635+05:30,2026-09-21 13:42:20.897635+05:30
307,2026-07-03,present,45,,,,36,6403,2026-09-21 13:42:20.897635+05:30,2026-09-21 13:42:20.897635+05:30
307,2026-07-04,present,45,,,,36,6404,2026-09-21 13:42:20.897635+05:30,2026-09-21 13:42:20.897635+05:30
307,2026-07-06,leave,45,,,,36,6405,2026-09-21 13:42:20.897635+05:30,2026-09-21 13:42:20.897635+05:30
307,2026-07-07,present,45,,,,36,6406,2026-09-21 13:42:20.897635+05:30,2026-09-21 13:42:20.897635+05:30
307,2026-07-08,present,45,,,,36,6407,2026-09-21 13:42:20.897635+05:30,2026-09-21 13:42:20.897635+05:30
307,2026-07-09,present,45,,,,36,6408,2026-09-21 13:42:20.897635+05:30,2026-09-21 13:42:20.897635+05:30
307,2026-07-10,present,45,,,,36,6409,2026-09-21 13:42:20.897635+05:30,2026-09-21 13:42:20.897635+05:30
307,2026-07-11,absent,45,,,,36,6410,2026-09-21 13:42:20.897635+05:30,2026-09-21 13:42:20.897635+05:30
307,2026-07-13,present,45,,,,36,6411,2026-09-21 13:42:20.897635+05:30,2026-09-21 13:42:20.897635+05:30
307,2026-07-14,present,45,,,,36,6412,2026-09-21 13:42:20.897635+05:30,2026-09-21 13:42:20.897635+05:30
307,2026-07-15,present,45,,,,36,6413,2026-09-21 13:42:20.897635+05:30,2026-09-21 13:42:20.897635+05:30
307,2026-07-16,present,45,,,,36,6414,2026-09-21 13:42:20.897635+05:30,2026-09-21 13:42:20.897635+05:30
307,2026-07-17,present,45,,,,36,6415,2026-09-21 13:42:20.897635+05:30,2026-09-21 13:42:20.897635+05:30
307,2026-07-18,present,45,,,,36,6416,2026-09-21 13:42:20.897635+05:30,2026-09-21 13:42:20.897635+05:30
307,2026-07-20,present,45,,,,36,6417,2026-09-21 13:42:20.897635+05:30,2026-09-21 13:42:20.897635+05:30
307,2026-07-21,present,45,,,,36,6418,2026-09-21 13:42:20.897635+05:30,2026-09-21 13:42:20.897635+05:30
307,2026-07-22,present,45,,,,36,6419,2026-09-21 13:42:20.897635+05:30,2026-09-21 13:42:20.897635+05:30
307,2026-07-24,present,45,,,,36,6420,2026-09-21 13:42:20.897635+05:30,2026-09-21 13:42:20.897635+05:30
307,2026-07-25,present,45,,,,36,6421,2026-09-21 13:42:20.897635+05:30,2026-09-21 13:42:20.897635+05:30
307,2026-07-27,present,45,,,,36,6422,2026-09-21 13:42:20.897635+05:30,2026-09-21 13:42:20.897635+05:30
307,2026-07-28,present,45,,,,36,6423,2026-09-21 13:42:20.897635+05:30,2026-09-21 13:42:20.897635+05:30
307,2026-07-29,present,45,,,,36,6424,2026-09-21 13:42:20.897635+05:30,2026-09-21 13:42:20.897635+05:30
307,2026-07-30,present,45,,,,36,6425,2026-09-21 13:42:20.897635+05:30,2026-09-21 13:42:20.897635+05:30
307,2026-07-31,present,45,,,,36,6426,2026-09-21 13:42:20.897635+05:30,2026-09-21 13:42:20.897635+05:30
307,2026-08-01,present,45,,,,36,6427,2026-09-21 13:42:20.897635+05:30,2026-09-21 13:42:20.897635+05:30
307,2026-08-03,absent,45,,,,36,6428,2026-09-21 13:42:20.897635+05:30,2026-09-21 13:42:20.897635+05:30
307,2026-08-04,present,45,,,,36,6429,2026-09-21 13:42:20.897635+05:30,2026-09-21 13:42:20.897635+05:30
307,2026-08-05,present,45,,,,36,6430,2026-09-21 13:42:20.897635+05:30,2026-09-21 13:42:20.897635+05:30
307,2026-08-06,present,45,,,,36,6431,2026-09-21 13:42:20.897635+05:30,2026-09-21 13:42:20.897635+05:30
307,2026-08-07,present,45,,,,36,6432,2026-09-21 13:42:20.897635+05:30,2026-09-21 13:42:20.897635+05:30
307,2026-08-08,absent,45,,,,36,6433,2026-09-21 13:42:20.897635+05:30,2026-09-21 13:42:20.897635+05:30
307,2026-08-10,present,45,,,,36,6434,2026-09-21 13:42:20.897635+05:30,2026-09-21 13:42:20.897635+05:30
307,2026-08-12,absent,45,,,,36,6435,2026-09-21 13:42:20.897635+05:30,2026-09-21 13:42:20.897635+05:30
307,2026-08-13,present,45,,,,36,6436,2026-09-21 13:42:20.897635+05:30,2026-09-21 13:42:20.897635+05:30
307,2026-08-14,present,45,,,,36,6437,2026-09-21 13:42:20.897635+05:30,2026-09-21 13:42:20.897635+05:30
307,2026-08-15,present,45,,,,36,6438,2026-09-21 13:42:20.897635+05:30,2026-09-21 13:42:20.897635+05:30
307,2026-08-17,present,45,,,,36,6439,2026-09-21 13:42:20.897635+05:30,2026-09-21 13:42:20.897635+05:30
307,2026-08-18,present,45,,,,36,6440,2026-09-21 13:42:20.897635+05:30,2026-09-21 13:42:20.897635+05:30
307,2026-08-19,present,45,,,,36,6441,2026-09-21 13:42:20.897635+05:30,2026-09-21 13:42:20.897635+05:30
307,2026-08-20,present,45,,,,36,6442,2026-09-21 13:42:20.897635+05:30,2026-09-21 13:42:20.897635+05:30
307,2026-08-21,present,45,,,,36,6443,2026-09-21 13:42:20.897635+05:30,2026-09-21 13:42:20.897635+05:30
307,2026-08-22,present,45,,,,36,6444,2026-09-21 13:42:20.897635+05:30,2026-09-21 13:42:20.897635+05:30
307,2026-08-24,present,45,,,,36,6445,2026-09-21 13:42:20.897635+05:30,2026-09-21 13:42:20.897635+05:30
307,2026-08-25,absent,45,,,,36,6446,2026-09-21 13:42:20.897635+05:30,2026-09-21 13:42:20.897635+05:30
307,2026-08-26,present,45,,,,36,6447,2026-09-21 13:42:20.897635+05:30,2026-09-21 13:42:20.897635+05:30
307,2026-08-27,present,45,,,,36,6448,2026-09-21 13:42:20.897635+05:30,2026-09-21 13:42:20.897635+05:30
307,2026-08-28,present,45,,,,36,6449,2026-09-21 13:42:20.897635+05:30,2026-09-21 13:42:20.897635+05:30
307,2026-08-29,present,45,,,,36,6450,2026-09-21 13:42:20.897635+05:30,2026-09-21 13:42:20.897635+05:30
307,2026-08-31,present,45,,,,36,6451,2026-09-21 13:42:20.897635+05:30,2026-09-21 13:42:20.897635+05:30
307,2026-09-01,present,45,,,,36,6452,2026-09-21 13:42:20.897635+05:30,2026-09-21 13:42:20.897635+05:30
308,2026-06-24,present,46,,,,36,6453,2026-09-21 13:42:20.897635+05:30,2026-09-21 13:42:20.897635+05:30
308,2026-06-25,present,46,,,,36,6454,2026-09-21 13:42:20.897635+05:30,2026-09-21 13:42:20.897635+05:30
308,2026-06-26,present,46,,,,36,6455,2026-09-21 13:42:20.897635+05:30,2026-09-21 13:42:20.897635+05:30
308,2026-06-27,present,46,,,,36,6456,2026-09-21 13:42:20.897635+05:30,2026-09-21 13:42:20.897635+05:30
308,2026-06-29,present,46,,,,36,6457,2026-09-21 13:42:20.897635+05:30,2026-09-21 13:42:20.897635+05:30
308,2026-06-30,present,46,,,,36,6458,2026-09-21 13:42:20.897635+05:30,2026-09-21 13:42:20.897635+05:30
308,2026-07-01,present,46,,,,36,6459,2026-09-21 13:42:20.897635+05:30,2026-09-21 13:42:20.897635+05:30
308,2026-07-02,absent,46,,,,36,6460,2026-09-21 13:42:20.897635+05:30,2026-09-21 13:42:20.897635+05:30
308,2026-07-03,present,46,,,,36,6461,2026-09-21 13:42:20.897635+05:30,2026-09-21 13:42:20.897635+05:30
308,2026-07-04,present,46,,,,36,6462,2026-09-21 13:42:20.897635+05:30,2026-09-21 13:42:20.897635+05:30
308,2026-07-06,present,46,,,,36,6463,2026-09-21 13:42:20.897635+05:30,2026-09-21 13:42:20.897635+05:30
308,2026-07-07,present,46,,,,36,6464,2026-09-21 13:42:20.897635+05:30,2026-09-21 13:42:20.897635+05:30
308,2026-07-08,absent,46,,,,36,6465,2026-09-21 13:42:20.897635+05:30,2026-09-21 13:42:20.897635+05:30
308,2026-07-09,present,46,,,,36,6466,2026-09-21 13:42:20.897635+05:30,2026-09-21 13:42:20.897635+05:30
308,2026-07-10,absent,46,,,,36,6467,2026-09-21 13:42:20.897635+05:30,2026-09-21 13:42:20.897635+05:30
308,2026-07-11,present,46,,,,36,6468,2026-09-21 13:42:20.897635+05:30,2026-09-21 13:42:20.897635+05:30
308,2026-07-13,absent,46,,,,36,6469,2026-09-21 13:42:20.897635+05:30,2026-09-21 13:42:20.897635+05:30
308,2026-07-14,present,46,,,,36,6470,2026-09-21 13:42:20.897635+05:30,2026-09-21 13:42:20.897635+05:30
308,2026-07-15,absent,46,,,,36,6471,2026-09-21 13:42:20.897635+05:30,2026-09-21 13:42:20.897635+05:30
308,2026-07-16,present,46,,,,36,6472,2026-09-21 13:42:20.897635+05:30,2026-09-21 13:42:20.897635+05:30
308,2026-07-17,present,46,,,,36,6473,2026-09-21 13:42:20.897635+05:30,2026-09-21 13:42:20.897635+05:30
308,2026-07-18,present,46,,,,36,6474,2026-09-21 13:42:20.897635+05:30,2026-09-21 13:42:20.897635+05:30
308,2026-07-20,present,46,,,,36,6475,2026-09-21 13:42:20.897635+05:30,2026-09-21 13:42:20.897635+05:30
308,2026-07-21,present,46,,,,36,6476,2026-09-21 13:42:20.897635+05:30,2026-09-21 13:42:20.897635+05:30
308,2026-07-22,present,46,,,,36,6477,2026-09-21 13:42:20.897635+05:30,2026-09-21 13:42:20.897635+05:30
308,2026-07-24,present,46,,,,36,6478,2026-09-21 13:42:20.897635+05:30,2026-09-21 13:42:20.897635+05:30
308,2026-07-25,present,46,,,,36,6479,2026-09-21 13:42:20.897635+05:30,2026-09-21 13:42:20.897635+05:30
308,2026-07-27,present,46,,,,36,6480,2026-09-21 13:42:20.897635+05:30,2026-09-21 13:42:20.897635+05:30
308,2026-07-28,present,46,,,,36,6481,2026-09-21 13:42:20.897635+05:30,2026-09-21 13:42:20.897635+05:30
308,2026-07-29,present,46,,,,36,6482,2026-09-21 13:42:20.897635+05:30,2026-09-21 13:42:20.897635+05:30
308,2026-07-30,present,46,,,,36,6483,2026-09-21 13:42:20.897635+05:30,2026-09-21 13:42:20.897635+05:30
308,2026-07-31,present,46,,,,36,6484,2026-09-21 13:42:20.897635+05:30,2026-09-21 13:42:20.897635+05:30
308,2026-08-01,absent,46,,,,36,6485,2026-09-21 13:42:20.897635+05:30,2026-09-21 13:42:20.897635+05:30
308,2026-08-03,present,46,,,,36,6486,2026-09-21 13:42:20.897635+05:30,2026-09-21 13:42:20.897635+05:30
308,2026-08-04,absent,46,,,,36,6487,2026-09-21 13:42:20.897635+05:30,2026-09-21 13:42:20.897635+05:30
308,2026-08-05,present,46,,,,36,6488,2026-09-21 13:42:20.897635+05:30,2026-09-21 13:42:20.897635+05:30
308,2026-08-06,present,46,,,,36,6489,2026-09-21 13:42:20.897635+05:30,2026-09-21 13:42:20.897635+05:30
308,2026-08-07,present,46,,,,36,6490,2026-09-21 13:42:20.897635+05:30,2026-09-21 13:42:20.897635+05:30
308,2026-08-08,present,46,,,,36,6491,2026-09-21 13:42:20.897635+05:30,2026-09-21 13:42:20.897635+05:30
308,2026-08-10,present,46,,,,36,6492,2026-09-21 13:42:20.897635+05:30,2026-09-21 13:42:20.897635+05:30
308,2026-08-12,present,46,,,,36,6493,2026-09-21 13:42:20.897635+05:30,2026-09-21 13:42:20.897635+05:30
308,2026-08-13,present,46,,,,36,6494,2026-09-21 13:42:20.897635+05:30,2026-09-21 13:42:20.897635+05:30
308,2026-08-14,present,46,,,,36,6495,2026-09-21 13:42:20.897635+05:30,2026-09-21 13:42:20.897635+05:30
308,2026-08-15,present,46,,,,36,6496,2026-09-21 13:42:20.897635+05:30,2026-09-21 13:42:20.897635+05:30
308,2026-08-17,present,46,,,,36,6497,2026-09-21 13:42:20.897635+05:30,2026-09-21 13:42:20.897635+05:30
308,2026-08-18,present,46,,,,36,6498,2026-09-21 13:42:20.897635+05:30,2026-09-21 13:42:20.897635+05:30
308,2026-08-19,present,46,,,,36,6499,2026-09-21 13:42:20.897635+05:30,2026-09-21 13:42:20.897635+05:30
308,2026-08-20,present,46,,,,36,6500,2026-09-21 13:42:20.897635+05:30,2026-09-21 13:42:20.897635+05:30
308,2026-08-21,absent,46,,,,36,6501,2026-09-21 13:42:20.897635+05:30,2026-09-21 13:42:20.897635+05:30
308,2026-08-22,present,46,,,,36,6502,2026-09-21 13:42:20.897635+05:30,2026-09-21 13:42:20.897635+05:30
308,2026-08-24,present,46,,,,36,6503,2026-09-21 13:42:20.897635+05:30,2026-09-21 13:42:20.897635+05:30
308,2026-08-25,present,46,,,,36,6504,2026-09-21 13:42:20.897635+05:30,2026-09-21 13:42:20.897635+05:30
308,2026-08-26,present,46,,,,36,6505,2026-09-21 13:42:20.897635+05:30,2026-09-21 13:42:20.897635+05:30
308,2026-08-27,present,46,,,,36,6506,2026-09-21 13:42:20.897635+05:30,2026-09-21 13:42:20.897635+05:30
308,2026-08-28,present,46,,,,36,6507,2026-09-21 13:42:20.897635+05:30,2026-09-21 13:42:20.897635+05:30
308,2026-08-29,present,46,,,,36,6508,2026-09-21 13:42:20.897635+05:30,2026-09-21 13:42:20.897635+05:30
308,2026-08-31,leave,46,,,,36,6509,2026-09-21 13:42:20.897635+05:30,2026-09-21 13:42:20.897635+05:30
308,2026-09-01,present,46,,,,36,6510,2026-09-21 13:42:20.897635+05:30,2026-09-21 13:42:20.897635+05:30
309,2026-06-24,present,46,,,,36,6511,2026-09-21 13:42:20.897635+05:30,2026-09-21 13:42:20.897635+05:30
309,2026-06-25,present,46,,,,36,6512,2026-09-21 13:42:20.897635+05:30,2026-09-21 13:42:20.897635+05:30
309,2026-06-26,present,46,,,,36,6513,2026-09-21 13:42:20.897635+05:30,2026-09-21 13:42:20.897635+05:30
309,2026-06-27,present,46,,,,36,6514,2026-09-21 13:42:20.897635+05:30,2026-09-21 13:42:20.897635+05:30
309,2026-06-29,present,46,,,,36,6515,2026-09-21 13:42:20.897635+05:30,2026-09-21 13:42:20.897635+05:30
309,2026-06-30,present,46,,,,36,6516,2026-09-21 13:42:20.897635+05:30,2026-09-21 13:42:20.897635+05:30
309,2026-07-01,present,46,,,,36,6517,2026-09-21 13:42:20.897635+05:30,2026-09-21 13:42:20.897635+05:30
309,2026-07-02,present,46,,,,36,6518,2026-09-21 13:42:20.897635+05:30,2026-09-21 13:42:20.897635+05:30
309,2026-07-03,present,46,,,,36,6519,2026-09-21 13:42:20.897635+05:30,2026-09-21 13:42:20.897635+05:30
309,2026-07-04,present,46,,,,36,6520,2026-09-21 13:42:20.897635+05:30,2026-09-21 13:42:20.897635+05:30
309,2026-07-06,leave,46,,,,36,6521,2026-09-21 13:42:20.897635+05:30,2026-09-21 13:42:20.897635+05:30
309,2026-07-07,absent,46,,,,36,6522,2026-09-21 13:42:20.897635+05:30,2026-09-21 13:42:20.897635+05:30
309,2026-07-08,present,46,,,,36,6523,2026-09-21 13:42:20.897635+05:30,2026-09-21 13:42:20.897635+05:30
309,2026-07-09,present,46,,,,36,6524,2026-09-21 13:42:20.897635+05:30,2026-09-21 13:42:20.897635+05:30
309,2026-07-10,present,46,,,,36,6525,2026-09-21 13:42:20.897635+05:30,2026-09-21 13:42:20.897635+05:30
309,2026-07-11,present,46,,,,36,6526,2026-09-21 13:42:20.897635+05:30,2026-09-21 13:42:20.897635+05:30
309,2026-07-13,present,46,,,,36,6527,2026-09-21 13:42:20.897635+05:30,2026-09-21 13:42:20.897635+05:30
309,2026-07-14,present,46,,,,36,6528,2026-09-21 13:42:20.897635+05:30,2026-09-21 13:42:20.897635+05:30
309,2026-07-15,present,46,,,,36,6529,2026-09-21 13:42:20.897635+05:30,2026-09-21 13:42:20.897635+05:30
309,2026-07-16,present,46,,,,36,6530,2026-09-21 13:42:20.897635+05:30,2026-09-21 13:42:20.897635+05:30
309,2026-07-17,present,46,,,,36,6531,2026-09-21 13:42:20.897635+05:30,2026-09-21 13:42:20.897635+05:30
309,2026-07-18,present,46,,,,36,6532,2026-09-21 13:42:20.897635+05:30,2026-09-21 13:42:20.897635+05:30
309,2026-07-20,present,46,,,,36,6533,2026-09-21 13:42:20.897635+05:30,2026-09-21 13:42:20.897635+05:30
309,2026-07-21,present,46,,,,36,6534,2026-09-21 13:42:20.897635+05:30,2026-09-21 13:42:20.897635+05:30
309,2026-07-22,present,46,,,,36,6535,2026-09-21 13:42:20.897635+05:30,2026-09-21 13:42:20.897635+05:30
309,2026-07-24,present,46,,,,36,6536,2026-09-21 13:42:20.897635+05:30,2026-09-21 13:42:20.897635+05:30
309,2026-07-25,present,46,,,,36,6537,2026-09-21 13:42:20.897635+05:30,2026-09-21 13:42:20.897635+05:30
309,2026-07-27,present,46,,,,36,6538,2026-09-21 13:42:20.897635+05:30,2026-09-21 13:42:20.897635+05:30
309,2026-07-28,present,46,,,,36,6539,2026-09-21 13:42:20.897635+05:30,2026-09-21 13:42:20.897635+05:30
309,2026-07-29,present,46,,,,36,6540,2026-09-21 13:42:20.897635+05:30,2026-09-21 13:42:20.897635+05:30
309,2026-07-30,present,46,,,,36,6541,2026-09-21 13:42:20.897635+05:30,2026-09-21 13:42:20.897635+05:30
309,2026-07-31,present,46,,,,36,6542,2026-09-21 13:42:20.897635+05:30,2026-09-21 13:42:20.897635+05:30
309,2026-08-01,present,46,,,,36,6543,2026-09-21 13:42:20.897635+05:30,2026-09-21 13:42:20.897635+05:30
309,2026-08-03,present,46,,,,36,6544,2026-09-21 13:42:20.897635+05:30,2026-09-21 13:42:20.897635+05:30
309,2026-08-04,present,46,,,,36,6545,2026-09-21 13:42:20.897635+05:30,2026-09-21 13:42:20.897635+05:30
309,2026-08-05,present,46,,,,36,6546,2026-09-21 13:42:20.897635+05:30,2026-09-21 13:42:20.897635+05:30
309,2026-08-06,absent,46,,,,36,6547,2026-09-21 13:42:20.897635+05:30,2026-09-21 13:42:20.897635+05:30
309,2026-08-07,present,46,,,,36,6548,2026-09-21 13:42:20.897635+05:30,2026-09-21 13:42:20.897635+05:30
309,2026-08-08,present,46,,,,36,6549,2026-09-21 13:42:20.897635+05:30,2026-09-21 13:42:20.897635+05:30
309,2026-08-10,absent,46,,,,36,6550,2026-09-21 13:42:20.897635+05:30,2026-09-21 13:42:20.897635+05:30
309,2026-08-12,present,46,,,,36,6551,2026-09-21 13:42:20.897635+05:30,2026-09-21 13:42:20.897635+05:30
309,2026-08-13,present,46,,,,36,6552,2026-09-21 13:42:20.897635+05:30,2026-09-21 13:42:20.897635+05:30
309,2026-08-14,present,46,,,,36,6553,2026-09-21 13:42:20.897635+05:30,2026-09-21 13:42:20.897635+05:30
309,2026-08-15,present,46,,,,36,6554,2026-09-21 13:42:20.897635+05:30,2026-09-21 13:42:20.897635+05:30
309,2026-08-17,present,46,,,,36,6555,2026-09-21 13:42:20.897635+05:30,2026-09-21 13:42:20.897635+05:30
309,2026-08-18,present,46,,,,36,6556,2026-09-21 13:42:20.897635+05:30,2026-09-21 13:42:20.897635+05:30
309,2026-08-19,present,46,,,,36,6557,2026-09-21 13:42:20.897635+05:30,2026-09-21 13:42:20.897635+05:30
309,2026-08-20,present,46,,,,36,6558,2026-09-21 13:42:20.897635+05:30,2026-09-21 13:42:20.897635+05:30
309,2026-08-21,present,46,,,,36,6559,2026-09-21 13:42:20.897635+05:30,2026-09-21 13:42:20.897635+05:30
309,2026-08-22,present,46,,,,36,6560,2026-09-21 13:42:20.897635+05:30,2026-09-21 13:42:20.897635+05:30
309,2026-08-24,present,46,,,,36,6561,2026-09-21 13:42:20.897635+05:30,2026-09-21 13:42:20.897635+05:30
309,2026-08-25,present,46,,,,36,6562,2026-09-21 13:42:20.897635+05:30,2026-09-21 13:42:20.897635+05:30
309,2026-08-26,present,46,,,,36,6563,2026-09-21 13:42:20.897635+05:30,2026-09-21 13:42:20.897635+05:30
309,2026-08-27,present,46,,,,36,6564,2026-09-21 13:42:20.897635+05:30,2026-09-21 13:42:20.897635+05:30
309,2026-08-28,present,46,,,,36,6565,2026-09-21 13:42:20.897635+05:30,2026-09-21 13:42:20.897635+05:30
309,2026-08-29,present,46,,,,36,6566,2026-09-21 13:42:20.897635+05:30,2026-09-21 13:42:20.897635+05:30
309,2026-08-31,present,46,,,,36,6567,2026-09-21 13:42:20.897635+05:30,2026-09-21 13:42:20.897635+05:30
309,2026-09-01,present,46,,,,36,6568,2026-09-21 13:42:20.897635+05:30,2026-09-21 13:42:20.897635+05:30
310,2026-06-24,present,46,,,,36,6569,2026-09-21 13:42:20.897635+05:30,2026-09-21 13:42:20.897635+05:30
310,2026-06-25,present,46,,,,36,6570,2026-09-21 13:42:20.897635+05:30,2026-09-21 13:42:20.897635+05:30
310,2026-06-26,present,46,,,,36,6571,2026-09-21 13:42:20.897635+05:30,2026-09-21 13:42:20.897635+05:30
310,2026-06-27,present,46,,,,36,6572,2026-09-21 13:42:20.897635+05:30,2026-09-21 13:42:20.897635+05:30
310,2026-06-29,present,46,,,,36,6573,2026-09-21 13:42:20.897635+05:30,2026-09-21 13:42:20.897635+05:30
310,2026-06-30,present,46,,,,36,6574,2026-09-21 13:42:20.897635+05:30,2026-09-21 13:42:20.897635+05:30
310,2026-07-01,absent,46,,,,36,6575,2026-09-21 13:42:20.897635+05:30,2026-09-21 13:42:20.897635+05:30
310,2026-07-02,leave,46,,,,36,6576,2026-09-21 13:42:20.897635+05:30,2026-09-21 13:42:20.897635+05:30
310,2026-07-03,present,46,,,,36,6577,2026-09-21 13:42:20.897635+05:30,2026-09-21 13:42:20.897635+05:30
310,2026-07-04,present,46,,,,36,6578,2026-09-21 13:42:20.897635+05:30,2026-09-21 13:42:20.897635+05:30
310,2026-07-06,present,46,,,,36,6579,2026-09-21 13:42:20.897635+05:30,2026-09-21 13:42:20.897635+05:30
310,2026-07-07,present,46,,,,36,6580,2026-09-21 13:42:20.897635+05:30,2026-09-21 13:42:20.897635+05:30
310,2026-07-08,present,46,,,,36,6581,2026-09-21 13:42:20.897635+05:30,2026-09-21 13:42:20.897635+05:30
310,2026-07-09,present,46,,,,36,6582,2026-09-21 13:42:20.897635+05:30,2026-09-21 13:42:20.897635+05:30
310,2026-07-10,present,46,,,,36,6583,2026-09-21 13:42:20.897635+05:30,2026-09-21 13:42:20.897635+05:30
310,2026-07-11,present,46,,,,36,6584,2026-09-21 13:42:20.897635+05:30,2026-09-21 13:42:20.897635+05:30
310,2026-07-13,present,46,,,,36,6585,2026-09-21 13:42:20.897635+05:30,2026-09-21 13:42:20.897635+05:30
310,2026-07-14,present,46,,,,36,6586,2026-09-21 13:42:20.897635+05:30,2026-09-21 13:42:20.897635+05:30
310,2026-07-15,present,46,,,,36,6587,2026-09-21 13:42:20.897635+05:30,2026-09-21 13:42:20.897635+05:30
310,2026-07-16,present,46,,,,36,6588,2026-09-21 13:42:20.897635+05:30,2026-09-21 13:42:20.897635+05:30
310,2026-07-17,present,46,,,,36,6589,2026-09-21 13:42:20.897635+05:30,2026-09-21 13:42:20.897635+05:30
310,2026-07-18,present,46,,,,36,6590,2026-09-21 13:42:20.897635+05:30,2026-09-21 13:42:20.897635+05:30
310,2026-07-20,absent,46,,,,36,6591,2026-09-21 13:42:20.897635+05:30,2026-09-21 13:42:20.897635+05:30
310,2026-07-21,absent,46,,,,36,6592,2026-09-21 13:42:20.897635+05:30,2026-09-21 13:42:20.897635+05:30
310,2026-07-22,present,46,,,,36,6593,2026-09-21 13:42:20.897635+05:30,2026-09-21 13:42:20.897635+05:30
310,2026-07-24,present,46,,,,36,6594,2026-09-21 13:42:20.897635+05:30,2026-09-21 13:42:20.897635+05:30
310,2026-07-25,present,46,,,,36,6595,2026-09-21 13:42:20.897635+05:30,2026-09-21 13:42:20.897635+05:30
310,2026-07-27,present,46,,,,36,6596,2026-09-21 13:42:20.897635+05:30,2026-09-21 13:42:20.897635+05:30
310,2026-07-28,present,46,,,,36,6597,2026-09-21 13:42:20.897635+05:30,2026-09-21 13:42:20.897635+05:30
310,2026-07-29,present,46,,,,36,6598,2026-09-21 13:42:20.897635+05:30,2026-09-21 13:42:20.897635+05:30
310,2026-07-30,present,46,,,,36,6599,2026-09-21 13:42:20.897635+05:30,2026-09-21 13:42:20.897635+05:30
310,2026-07-31,present,46,,,,36,6600,2026-09-21 13:42:20.897635+05:30,2026-09-21 13:42:20.897635+05:30
310,2026-08-01,present,46,,,,36,6601,2026-09-21 13:42:20.897635+05:30,2026-09-21 13:42:20.897635+05:30
310,2026-08-03,present,46,,,,36,6602,2026-09-21 13:42:20.897635+05:30,2026-09-21 13:42:20.897635+05:30
310,2026-08-04,present,46,,,,36,6603,2026-09-21 13:42:20.897635+05:30,2026-09-21 13:42:20.897635+05:30
310,2026-08-05,present,46,,,,36,6604,2026-09-21 13:42:20.897635+05:30,2026-09-21 13:42:20.897635+05:30
310,2026-08-06,present,46,,,,36,6605,2026-09-21 13:42:20.897635+05:30,2026-09-21 13:42:20.897635+05:30
310,2026-08-07,present,46,,,,36,6606,2026-09-21 13:42:20.897635+05:30,2026-09-21 13:42:20.897635+05:30
310,2026-08-08,present,46,,,,36,6607,2026-09-21 13:42:20.897635+05:30,2026-09-21 13:42:20.897635+05:30
310,2026-08-10,present,46,,,,36,6608,2026-09-21 13:42:20.897635+05:30,2026-09-21 13:42:20.897635+05:30
310,2026-08-12,present,46,,,,36,6609,2026-09-21 13:42:20.897635+05:30,2026-09-21 13:42:20.897635+05:30
310,2026-08-13,present,46,,,,36,6610,2026-09-21 13:42:20.897635+05:30,2026-09-21 13:42:20.897635+05:30
310,2026-08-14,present,46,,,,36,6611,2026-09-21 13:42:20.897635+05:30,2026-09-21 13:42:20.897635+05:30
310,2026-08-15,present,46,,,,36,6612,2026-09-21 13:42:20.897635+05:30,2026-09-21 13:42:20.897635+05:30
310,2026-08-17,present,46,,,,36,6613,2026-09-21 13:42:20.897635+05:30,2026-09-21 13:42:20.897635+05:30
310,2026-08-18,present,46,,,,36,6614,2026-09-21 13:42:20.897635+05:30,2026-09-21 13:42:20.897635+05:30
310,2026-08-19,present,46,,,,36,6615,2026-09-21 13:42:20.897635+05:30,2026-09-21 13:42:20.897635+05:30
310,2026-08-20,present,46,,,,36,6616,2026-09-21 13:42:20.897635+05:30,2026-09-21 13:42:20.897635+05:30
310,2026-08-21,present,46,,,,36,6617,2026-09-21 13:42:20.897635+05:30,2026-09-21 13:42:20.897635+05:30
310,2026-08-22,present,46,,,,36,6618,2026-09-21 13:42:20.897635+05:30,2026-09-21 13:42:20.897635+05:30
310,2026-08-24,present,46,,,,36,6619,2026-09-21 13:42:20.897635+05:30,2026-09-21 13:42:20.897635+05:30
310,2026-08-25,present,46,,,,36,6620,2026-09-21 13:42:20.897635+05:30,2026-09-21 13:42:20.897635+05:30
310,2026-08-26,present,46,,,,36,6621,2026-09-21 13:42:20.897635+05:30,2026-09-21 13:42:20.897635+05:30
310,2026-08-27,present,46,,,,36,6622,2026-09-21 13:42:20.897635+05:30,2026-09-21 13:42:20.897635+05:30
310,2026-08-28,present,46,,,,36,6623,2026-09-21 13:42:20.897635+05:30,2026-09-21 13:42:20.897635+05:30
310,2026-08-29,leave,46,,,,36,6624,2026-09-21 13:42:20.897635+05:30,2026-09-21 13:42:20.897635+05:30
310,2026-08-31,present,46,,,,36,6625,2026-09-21 13:42:20.897635+05:30,2026-09-21 13:42:20.897635+05:30
310,2026-09-01,present,46,,,,36,6626,2026-09-21 13:42:20.897635+05:30,2026-09-21 13:42:20.897635+05:30
311,2026-06-24,present,46,,,,36,6627,2026-09-21 13:42:20.897635+05:30,2026-09-21 13:42:20.897635+05:30
311,2026-06-25,present,46,,,,36,6628,2026-09-21 13:42:20.897635+05:30,2026-09-21 13:42:20.897635+05:30
311,2026-06-26,present,46,,,,36,6629,2026-09-21 13:42:20.897635+05:30,2026-09-21 13:42:20.897635+05:30
311,2026-06-27,present,46,,,,36,6630,2026-09-21 13:42:20.897635+05:30,2026-09-21 13:42:20.897635+05:30
311,2026-06-29,present,46,,,,36,6631,2026-09-21 13:42:20.897635+05:30,2026-09-21 13:42:20.897635+05:30
311,2026-06-30,present,46,,,,36,6632,2026-09-21 13:42:20.897635+05:30,2026-09-21 13:42:20.897635+05:30
311,2026-07-01,present,46,,,,36,6633,2026-09-21 13:42:20.897635+05:30,2026-09-21 13:42:20.897635+05:30
311,2026-07-02,present,46,,,,36,6634,2026-09-21 13:42:20.897635+05:30,2026-09-21 13:42:20.897635+05:30
311,2026-07-03,leave,46,,,,36,6635,2026-09-21 13:42:20.897635+05:30,2026-09-21 13:42:20.897635+05:30
311,2026-07-04,present,46,,,,36,6636,2026-09-21 13:42:20.897635+05:30,2026-09-21 13:42:20.897635+05:30
311,2026-07-06,leave,46,,,,36,6637,2026-09-21 13:42:20.897635+05:30,2026-09-21 13:42:20.897635+05:30
311,2026-07-07,present,46,,,,36,6638,2026-09-21 13:42:20.897635+05:30,2026-09-21 13:42:20.897635+05:30
311,2026-07-08,present,46,,,,36,6639,2026-09-21 13:42:20.897635+05:30,2026-09-21 13:42:20.897635+05:30
311,2026-07-09,present,46,,,,36,6640,2026-09-21 13:42:20.897635+05:30,2026-09-21 13:42:20.897635+05:30
311,2026-07-10,present,46,,,,36,6641,2026-09-21 13:42:20.897635+05:30,2026-09-21 13:42:20.897635+05:30
311,2026-07-11,present,46,,,,36,6642,2026-09-21 13:42:20.897635+05:30,2026-09-21 13:42:20.897635+05:30
311,2026-07-13,present,46,,,,36,6643,2026-09-21 13:42:20.897635+05:30,2026-09-21 13:42:20.897635+05:30
311,2026-07-14,present,46,,,,36,6644,2026-09-21 13:42:20.897635+05:30,2026-09-21 13:42:20.897635+05:30
311,2026-07-15,leave,46,,,,36,6645,2026-09-21 13:42:20.897635+05:30,2026-09-21 13:42:20.897635+05:30
311,2026-07-16,present,46,,,,36,6646,2026-09-21 13:42:20.897635+05:30,2026-09-21 13:42:20.897635+05:30
311,2026-07-17,present,46,,,,36,6647,2026-09-21 13:42:20.897635+05:30,2026-09-21 13:42:20.897635+05:30
311,2026-07-18,absent,46,,,,36,6648,2026-09-21 13:42:20.897635+05:30,2026-09-21 13:42:20.897635+05:30
311,2026-07-20,present,46,,,,36,6649,2026-09-21 13:42:20.897635+05:30,2026-09-21 13:42:20.897635+05:30
311,2026-07-21,present,46,,,,36,6650,2026-09-21 13:42:20.897635+05:30,2026-09-21 13:42:20.897635+05:30
311,2026-07-22,present,46,,,,36,6651,2026-09-21 13:42:20.897635+05:30,2026-09-21 13:42:20.897635+05:30
311,2026-07-24,present,46,,,,36,6652,2026-09-21 13:42:20.897635+05:30,2026-09-21 13:42:20.897635+05:30
311,2026-07-25,present,46,,,,36,6653,2026-09-21 13:42:20.897635+05:30,2026-09-21 13:42:20.897635+05:30
311,2026-07-27,present,46,,,,36,6654,2026-09-21 13:42:20.897635+05:30,2026-09-21 13:42:20.897635+05:30
311,2026-07-28,present,46,,,,36,6655,2026-09-21 13:42:20.897635+05:30,2026-09-21 13:42:20.897635+05:30
311,2026-07-29,present,46,,,,36,6656,2026-09-21 13:42:20.897635+05:30,2026-09-21 13:42:20.897635+05:30
311,2026-07-30,present,46,,,,36,6657,2026-09-21 13:42:20.897635+05:30,2026-09-21 13:42:20.897635+05:30
311,2026-07-31,present,46,,,,36,6658,2026-09-21 13:42:20.897635+05:30,2026-09-21 13:42:20.897635+05:30
311,2026-08-01,present,46,,,,36,6659,2026-09-21 13:42:20.897635+05:30,2026-09-21 13:42:20.897635+05:30
311,2026-08-03,present,46,,,,36,6660,2026-09-21 13:42:20.897635+05:30,2026-09-21 13:42:20.897635+05:30
311,2026-08-04,present,46,,,,36,6661,2026-09-21 13:42:20.897635+05:30,2026-09-21 13:42:20.897635+05:30
311,2026-08-05,present,46,,,,36,6662,2026-09-21 13:42:20.897635+05:30,2026-09-21 13:42:20.897635+05:30
311,2026-08-06,present,46,,,,36,6663,2026-09-21 13:42:20.897635+05:30,2026-09-21 13:42:20.897635+05:30
311,2026-08-07,present,46,,,,36,6664,2026-09-21 13:42:20.897635+05:30,2026-09-21 13:42:20.897635+05:30
311,2026-08-08,present,46,,,,36,6665,2026-09-21 13:42:20.897635+05:30,2026-09-21 13:42:20.897635+05:30
311,2026-08-10,present,46,,,,36,6666,2026-09-21 13:42:20.897635+05:30,2026-09-21 13:42:20.897635+05:30
311,2026-08-12,absent,46,,,,36,6667,2026-09-21 13:42:20.897635+05:30,2026-09-21 13:42:20.897635+05:30
311,2026-08-13,present,46,,,,36,6668,2026-09-21 13:42:20.897635+05:30,2026-09-21 13:42:20.897635+05:30
311,2026-08-14,present,46,,,,36,6669,2026-09-21 13:42:20.897635+05:30,2026-09-21 13:42:20.897635+05:30
311,2026-08-15,present,46,,,,36,6670,2026-09-21 13:42:20.897635+05:30,2026-09-21 13:42:20.897635+05:30
311,2026-08-17,present,46,,,,36,6671,2026-09-21 13:42:20.897635+05:30,2026-09-21 13:42:20.897635+05:30
311,2026-08-18,present,46,,,,36,6672,2026-09-21 13:42:20.897635+05:30,2026-09-21 13:42:20.897635+05:30
311,2026-08-19,present,46,,,,36,6673,2026-09-21 13:42:20.897635+05:30,2026-09-21 13:42:20.897635+05:30
311,2026-08-20,present,46,,,,36,6674,2026-09-21 13:42:20.897635+05:30,2026-09-21 13:42:20.897635+05:30
311,2026-08-21,present,46,,,,36,6675,2026-09-21 13:42:20.897635+05:30,2026-09-21 13:42:20.897635+05:30
311,2026-08-22,present,46,,,,36,6676,2026-09-21 13:42:20.897635+05:30,2026-09-21 13:42:20.897635+05:30
311,2026-08-24,present,46,,,,36,6677,2026-09-21 13:42:20.897635+05:30,2026-09-21 13:42:20.897635+05:30
311,2026-08-25,present,46,,,,36,6678,2026-09-21 13:42:20.897635+05:30,2026-09-21 13:42:20.897635+05:30
311,2026-08-26,present,46,,,,36,6679,2026-09-21 13:42:20.897635+05:30,2026-09-21 13:42:20.897635+05:30
311,2026-08-27,present,46,,,,36,6680,2026-09-21 13:42:20.897635+05:30,2026-09-21 13:42:20.897635+05:30
311,2026-08-28,present,46,,,,36,6681,2026-09-21 13:42:20.897635+05:30,2026-09-21 13:42:20.897635+05:30
311,2026-08-29,present,46,,,,36,6682,2026-09-21 13:42:20.897635+05:30,2026-09-21 13:42:20.897635+05:30
311,2026-08-31,present,46,,,,36,6683,2026-09-21 13:42:20.897635+05:30,2026-09-21 13:42:20.897635+05:30
311,2026-09-01,present,46,,,,36,6684,2026-09-21 13:42:20.897635+05:30,2026-09-21 13:42:20.897635+05:30
312,2026-06-24,present,46,,,,36,6685,2026-09-21 13:42:20.897635+05:30,2026-09-21 13:42:20.897635+05:30
312,2026-06-25,present,46,,,,36,6686,2026-09-21 13:42:20.897635+05:30,2026-09-21 13:42:20.897635+05:30
312,2026-06-26,present,46,,,,36,6687,2026-09-21 13:42:20.897635+05:30,2026-09-21 13:42:20.897635+05:30
312,2026-06-27,present,46,,,,36,6688,2026-09-21 13:42:20.897635+05:30,2026-09-21 13:42:20.897635+05:30
312,2026-06-29,present,46,,,,36,6689,2026-09-21 13:42:20.897635+05:30,2026-09-21 13:42:20.897635+05:30
312,2026-06-30,present,46,,,,36,6690,2026-09-21 13:42:20.897635+05:30,2026-09-21 13:42:20.897635+05:30
312,2026-07-01,present,46,,,,36,6691,2026-09-21 13:42:20.897635+05:30,2026-09-21 13:42:20.897635+05:30
312,2026-07-02,present,46,,,,36,6692,2026-09-21 13:42:20.897635+05:30,2026-09-21 13:42:20.897635+05:30
312,2026-07-03,leave,46,,,,36,6693,2026-09-21 13:42:20.897635+05:30,2026-09-21 13:42:20.897635+05:30
312,2026-07-04,present,46,,,,36,6694,2026-09-21 13:42:20.897635+05:30,2026-09-21 13:42:20.897635+05:30
312,2026-07-06,present,46,,,,36,6695,2026-09-21 13:42:20.897635+05:30,2026-09-21 13:42:20.897635+05:30
312,2026-07-07,present,46,,,,36,6696,2026-09-21 13:42:20.897635+05:30,2026-09-21 13:42:20.897635+05:30
312,2026-07-08,present,46,,,,36,6697,2026-09-21 13:42:20.897635+05:30,2026-09-21 13:42:20.897635+05:30
312,2026-07-09,present,46,,,,36,6698,2026-09-21 13:42:20.897635+05:30,2026-09-21 13:42:20.897635+05:30
312,2026-07-10,present,46,,,,36,6699,2026-09-21 13:42:20.897635+05:30,2026-09-21 13:42:20.897635+05:30
312,2026-07-11,present,46,,,,36,6700,2026-09-21 13:42:20.897635+05:30,2026-09-21 13:42:20.897635+05:30
312,2026-07-13,present,46,,,,36,6701,2026-09-21 13:42:20.897635+05:30,2026-09-21 13:42:20.897635+05:30
312,2026-07-14,present,46,,,,36,6702,2026-09-21 13:42:20.897635+05:30,2026-09-21 13:42:20.897635+05:30
312,2026-07-15,present,46,,,,36,6703,2026-09-21 13:42:20.897635+05:30,2026-09-21 13:42:20.897635+05:30
312,2026-07-16,present,46,,,,36,6704,2026-09-21 13:42:20.897635+05:30,2026-09-21 13:42:20.897635+05:30
312,2026-07-17,present,46,,,,36,6705,2026-09-21 13:42:20.897635+05:30,2026-09-21 13:42:20.897635+05:30
312,2026-07-18,present,46,,,,36,6706,2026-09-21 13:42:20.897635+05:30,2026-09-21 13:42:20.897635+05:30
312,2026-07-20,present,46,,,,36,6707,2026-09-21 13:42:20.897635+05:30,2026-09-21 13:42:20.897635+05:30
312,2026-07-21,present,46,,,,36,6708,2026-09-21 13:42:20.897635+05:30,2026-09-21 13:42:20.897635+05:30
312,2026-07-22,leave,46,,,,36,6709,2026-09-21 13:42:20.897635+05:30,2026-09-21 13:42:20.897635+05:30
312,2026-07-24,present,46,,,,36,6710,2026-09-21 13:42:20.897635+05:30,2026-09-21 13:42:20.897635+05:30
312,2026-07-25,present,46,,,,36,6711,2026-09-21 13:42:20.897635+05:30,2026-09-21 13:42:20.897635+05:30
312,2026-07-27,present,46,,,,36,6712,2026-09-21 13:42:20.897635+05:30,2026-09-21 13:42:20.897635+05:30
312,2026-07-28,present,46,,,,36,6713,2026-09-21 13:42:20.897635+05:30,2026-09-21 13:42:20.897635+05:30
312,2026-07-29,present,46,,,,36,6714,2026-09-21 13:42:20.897635+05:30,2026-09-21 13:42:20.897635+05:30
312,2026-07-30,present,46,,,,36,6715,2026-09-21 13:42:20.897635+05:30,2026-09-21 13:42:20.897635+05:30
312,2026-07-31,present,46,,,,36,6716,2026-09-21 13:42:20.897635+05:30,2026-09-21 13:42:20.897635+05:30
312,2026-08-01,present,46,,,,36,6717,2026-09-21 13:42:20.897635+05:30,2026-09-21 13:42:20.897635+05:30
312,2026-08-03,present,46,,,,36,6718,2026-09-21 13:42:20.897635+05:30,2026-09-21 13:42:20.897635+05:30
312,2026-08-04,present,46,,,,36,6719,2026-09-21 13:42:20.897635+05:30,2026-09-21 13:42:20.897635+05:30
312,2026-08-05,present,46,,,,36,6720,2026-09-21 13:42:20.897635+05:30,2026-09-21 13:42:20.897635+05:30
312,2026-08-06,absent,46,,,,36,6721,2026-09-21 13:42:20.897635+05:30,2026-09-21 13:42:20.897635+05:30
312,2026-08-07,present,46,,,,36,6722,2026-09-21 13:42:20.897635+05:30,2026-09-21 13:42:20.897635+05:30
312,2026-08-08,present,46,,,,36,6723,2026-09-21 13:42:20.897635+05:30,2026-09-21 13:42:20.897635+05:30
312,2026-08-10,present,46,,,,36,6724,2026-09-21 13:42:20.897635+05:30,2026-09-21 13:42:20.897635+05:30
312,2026-08-12,present,46,,,,36,6725,2026-09-21 13:42:20.897635+05:30,2026-09-21 13:42:20.897635+05:30
312,2026-08-13,present,46,,,,36,6726,2026-09-21 13:42:20.897635+05:30,2026-09-21 13:42:20.897635+05:30
312,2026-08-14,present,46,,,,36,6727,2026-09-21 13:42:20.897635+05:30,2026-09-21 13:42:20.897635+05:30
312,2026-08-15,present,46,,,,36,6728,2026-09-21 13:42:20.897635+05:30,2026-09-21 13:42:20.897635+05:30
312,2026-08-17,present,46,,,,36,6729,2026-09-21 13:42:20.897635+05:30,2026-09-21 13:42:20.897635+05:30
312,2026-08-18,present,46,,,,36,6730,2026-09-21 13:42:20.897635+05:30,2026-09-21 13:42:20.897635+05:30
312,2026-08-19,present,46,,,,36,6731,2026-09-21 13:42:20.897635+05:30,2026-09-21 13:42:20.897635+05:30
312,2026-08-20,present,46,,,,36,6732,2026-09-21 13:42:20.897635+05:30,2026-09-21 13:42:20.897635+05:30
312,2026-08-21,leave,46,,,,36,6733,2026-09-21 13:42:20.897635+05:30,2026-09-21 13:42:20.897635+05:30
312,2026-08-22,present,46,,,,36,6734,2026-09-21 13:42:20.897635+05:30,2026-09-21 13:42:20.897635+05:30
312,2026-08-24,present,46,,,,36,6735,2026-09-21 13:42:20.897635+05:30,2026-09-21 13:42:20.897635+05:30
312,2026-08-25,present,46,,,,36,6736,2026-09-21 13:42:20.897635+05:30,2026-09-21 13:42:20.897635+05:30
312,2026-08-26,present,46,,,,36,6737,2026-09-21 13:42:20.897635+05:30,2026-09-21 13:42:20.897635+05:30
312,2026-08-27,present,46,,,,36,6738,2026-09-21 13:42:20.897635+05:30,2026-09-21 13:42:20.897635+05:30
312,2026-08-28,leave,46,,,,36,6739,2026-09-21 13:42:20.897635+05:30,2026-09-21 13:42:20.897635+05:30
312,2026-08-29,present,46,,,,36,6740,2026-09-21 13:42:20.897635+05:30,2026-09-21 13:42:20.897635+05:30
312,2026-08-31,absent,46,,,,36,6741,2026-09-21 13:42:20.897635+05:30,2026-09-21 13:42:20.897635+05:30
312,2026-09-01,present,46,,,,36,6742,2026-09-21 13:42:20.897635+05:30,2026-09-21 13:42:20.897635+05:30
313,2026-06-24,present,46,,,,36,6743,2026-09-21 13:42:20.897635+05:30,2026-09-21 13:42:20.897635+05:30
313,2026-06-25,present,46,,,,36,6744,2026-09-21 13:42:20.897635+05:30,2026-09-21 13:42:20.897635+05:30
313,2026-06-26,present,46,,,,36,6745,2026-09-21 13:42:20.897635+05:30,2026-09-21 13:42:20.897635+05:30
313,2026-06-27,present,46,,,,36,6746,2026-09-21 13:42:20.897635+05:30,2026-09-21 13:42:20.897635+05:30
313,2026-06-29,present,46,,,,36,6747,2026-09-21 13:42:20.897635+05:30,2026-09-21 13:42:20.897635+05:30
313,2026-06-30,present,46,,,,36,6748,2026-09-21 13:42:20.897635+05:30,2026-09-21 13:42:20.897635+05:30
313,2026-07-01,present,46,,,,36,6749,2026-09-21 13:42:20.897635+05:30,2026-09-21 13:42:20.897635+05:30
313,2026-07-02,present,46,,,,36,6750,2026-09-21 13:42:20.897635+05:30,2026-09-21 13:42:20.897635+05:30
313,2026-07-03,present,46,,,,36,6751,2026-09-21 13:42:20.897635+05:30,2026-09-21 13:42:20.897635+05:30
313,2026-07-04,absent,46,,,,36,6752,2026-09-21 13:42:20.897635+05:30,2026-09-21 13:42:20.897635+05:30
313,2026-07-06,present,46,,,,36,6753,2026-09-21 13:42:20.897635+05:30,2026-09-21 13:42:20.897635+05:30
313,2026-07-07,present,46,,,,36,6754,2026-09-21 13:42:20.897635+05:30,2026-09-21 13:42:20.897635+05:30
313,2026-07-08,present,46,,,,36,6755,2026-09-21 13:42:20.897635+05:30,2026-09-21 13:42:20.897635+05:30
313,2026-07-09,present,46,,,,36,6756,2026-09-21 13:42:20.897635+05:30,2026-09-21 13:42:20.897635+05:30
313,2026-07-10,present,46,,,,36,6757,2026-09-21 13:42:20.897635+05:30,2026-09-21 13:42:20.897635+05:30
313,2026-07-11,present,46,,,,36,6758,2026-09-21 13:42:20.897635+05:30,2026-09-21 13:42:20.897635+05:30
313,2026-07-13,present,46,,,,36,6759,2026-09-21 13:42:20.897635+05:30,2026-09-21 13:42:20.897635+05:30
313,2026-07-14,present,46,,,,36,6760,2026-09-21 13:42:20.897635+05:30,2026-09-21 13:42:20.897635+05:30
313,2026-07-15,present,46,,,,36,6761,2026-09-21 13:42:20.897635+05:30,2026-09-21 13:42:20.897635+05:30
313,2026-07-16,present,46,,,,36,6762,2026-09-21 13:42:20.897635+05:30,2026-09-21 13:42:20.897635+05:30
313,2026-07-17,present,46,,,,36,6763,2026-09-21 13:42:20.897635+05:30,2026-09-21 13:42:20.897635+05:30
313,2026-07-18,present,46,,,,36,6764,2026-09-21 13:42:20.897635+05:30,2026-09-21 13:42:20.897635+05:30
313,2026-07-20,present,46,,,,36,6765,2026-09-21 13:42:20.897635+05:30,2026-09-21 13:42:20.897635+05:30
313,2026-07-21,absent,46,,,,36,6766,2026-09-21 13:42:20.897635+05:30,2026-09-21 13:42:20.897635+05:30
313,2026-07-22,present,46,,,,36,6767,2026-09-21 13:42:20.897635+05:30,2026-09-21 13:42:20.897635+05:30
313,2026-07-24,present,46,,,,36,6768,2026-09-21 13:42:20.897635+05:30,2026-09-21 13:42:20.897635+05:30
313,2026-07-25,present,46,,,,36,6769,2026-09-21 13:42:20.897635+05:30,2026-09-21 13:42:20.897635+05:30
313,2026-07-27,present,46,,,,36,6770,2026-09-21 13:42:20.897635+05:30,2026-09-21 13:42:20.897635+05:30
313,2026-07-28,present,46,,,,36,6771,2026-09-21 13:42:20.897635+05:30,2026-09-21 13:42:20.897635+05:30
313,2026-07-29,absent,46,,,,36,6772,2026-09-21 13:42:20.897635+05:30,2026-09-21 13:42:20.897635+05:30
313,2026-07-30,present,46,,,,36,6773,2026-09-21 13:42:20.897635+05:30,2026-09-21 13:42:20.897635+05:30
313,2026-07-31,present,46,,,,36,6774,2026-09-21 13:42:20.897635+05:30,2026-09-21 13:42:20.897635+05:30
313,2026-08-01,present,46,,,,36,6775,2026-09-21 13:42:20.897635+05:30,2026-09-21 13:42:20.897635+05:30
313,2026-08-03,present,46,,,,36,6776,2026-09-21 13:42:20.897635+05:30,2026-09-21 13:42:20.897635+05:30
313,2026-08-04,present,46,,,,36,6777,2026-09-21 13:42:20.897635+05:30,2026-09-21 13:42:20.897635+05:30
313,2026-08-05,present,46,,,,36,6778,2026-09-21 13:42:20.897635+05:30,2026-09-21 13:42:20.897635+05:30
313,2026-08-06,present,46,,,,36,6779,2026-09-21 13:42:20.897635+05:30,2026-09-21 13:42:20.897635+05:30
313,2026-08-07,present,46,,,,36,6780,2026-09-21 13:42:20.897635+05:30,2026-09-21 13:42:20.897635+05:30
313,2026-08-08,present,46,,,,36,6781,2026-09-21 13:42:20.897635+05:30,2026-09-21 13:42:20.897635+05:30
313,2026-08-10,present,46,,,,36,6782,2026-09-21 13:42:20.897635+05:30,2026-09-21 13:42:20.897635+05:30
313,2026-08-12,present,46,,,,36,6783,2026-09-21 13:42:20.897635+05:30,2026-09-21 13:42:20.897635+05:30
313,2026-08-13,present,46,,,,36,6784,2026-09-21 13:42:20.897635+05:30,2026-09-21 13:42:20.897635+05:30
313,2026-08-14,leave,46,,,,36,6785,2026-09-21 13:42:20.897635+05:30,2026-09-21 13:42:20.897635+05:30
313,2026-08-15,present,46,,,,36,6786,2026-09-21 13:42:20.897635+05:30,2026-09-21 13:42:20.897635+05:30
313,2026-08-17,present,46,,,,36,6787,2026-09-21 13:42:20.897635+05:30,2026-09-21 13:42:20.897635+05:30
313,2026-08-18,present,46,,,,36,6788,2026-09-21 13:42:20.897635+05:30,2026-09-21 13:42:20.897635+05:30
313,2026-08-19,present,46,,,,36,6789,2026-09-21 13:42:20.897635+05:30,2026-09-21 13:42:20.897635+05:30
313,2026-08-20,present,46,,,,36,6790,2026-09-21 13:42:20.897635+05:30,2026-09-21 13:42:20.897635+05:30
313,2026-08-21,present,46,,,,36,6791,2026-09-21 13:42:20.897635+05:30,2026-09-21 13:42:20.897635+05:30
313,2026-08-22,present,46,,,,36,6792,2026-09-21 13:42:20.897635+05:30,2026-09-21 13:42:20.897635+05:30
313,2026-08-24,present,46,,,,36,6793,2026-09-21 13:42:20.897635+05:30,2026-09-21 13:42:20.897635+05:30
313,2026-08-25,present,46,,,,36,6794,2026-09-21 13:42:20.897635+05:30,2026-09-21 13:42:20.897635+05:30
313,2026-08-26,present,46,,,,36,6795,2026-09-21 13:42:20.897635+05:30,2026-09-21 13:42:20.897635+05:30
313,2026-08-27,present,46,,,,36,6796,2026-09-21 13:42:20.897635+05:30,2026-09-21 13:42:20.897635+05:30
313,2026-08-28,present,46,,,,36,6797,2026-09-21 13:42:20.897635+05:30,2026-09-21 13:42:20.897635+05:30
313,2026-08-29,present,46,,,,36,6798,2026-09-21 13:42:20.897635+05:30,2026-09-21 13:42:20.897635+05:30
313,2026-08-31,present,46,,,,36,6799,2026-09-21 13:42:20.897635+05:30,2026-09-21 13:42:20.897635+05:30
313,2026-09-01,present,46,,,,36,6800,2026-09-21 13:42:20.897635+05:30,2026-09-21 13:42:20.897635+05:30
314,2026-06-24,present,46,,,,36,6801,2026-09-21 13:42:20.897635+05:30,2026-09-21 13:42:20.897635+05:30
314,2026-06-25,present,46,,,,36,6802,2026-09-21 13:42:20.897635+05:30,2026-09-21 13:42:20.897635+05:30
314,2026-06-26,present,46,,,,36,6803,2026-09-21 13:42:20.897635+05:30,2026-09-21 13:42:20.897635+05:30
314,2026-06-27,present,46,,,,36,6804,2026-09-21 13:42:20.897635+05:30,2026-09-21 13:42:20.897635+05:30
314,2026-06-29,present,46,,,,36,6805,2026-09-21 13:42:20.897635+05:30,2026-09-21 13:42:20.897635+05:30
314,2026-06-30,present,46,,,,36,6806,2026-09-21 13:42:20.897635+05:30,2026-09-21 13:42:20.897635+05:30
314,2026-07-01,present,46,,,,36,6807,2026-09-21 13:42:20.897635+05:30,2026-09-21 13:42:20.897635+05:30
314,2026-07-02,present,46,,,,36,6808,2026-09-21 13:42:20.897635+05:30,2026-09-21 13:42:20.897635+05:30
314,2026-07-03,present,46,,,,36,6809,2026-09-21 13:42:20.897635+05:30,2026-09-21 13:42:20.897635+05:30
314,2026-07-04,present,46,,,,36,6810,2026-09-21 13:42:20.897635+05:30,2026-09-21 13:42:20.897635+05:30
314,2026-07-06,present,46,,,,36,6811,2026-09-21 13:42:20.897635+05:30,2026-09-21 13:42:20.897635+05:30
314,2026-07-07,present,46,,,,36,6812,2026-09-21 13:42:20.897635+05:30,2026-09-21 13:42:20.897635+05:30
314,2026-07-08,present,46,,,,36,6813,2026-09-21 13:42:20.897635+05:30,2026-09-21 13:42:20.897635+05:30
314,2026-07-09,present,46,,,,36,6814,2026-09-21 13:42:20.897635+05:30,2026-09-21 13:42:20.897635+05:30
314,2026-07-10,present,46,,,,36,6815,2026-09-21 13:42:20.897635+05:30,2026-09-21 13:42:20.897635+05:30
314,2026-07-11,present,46,,,,36,6816,2026-09-21 13:42:20.897635+05:30,2026-09-21 13:42:20.897635+05:30
314,2026-07-13,present,46,,,,36,6817,2026-09-21 13:42:20.897635+05:30,2026-09-21 13:42:20.897635+05:30
314,2026-07-14,present,46,,,,36,6818,2026-09-21 13:42:20.897635+05:30,2026-09-21 13:42:20.897635+05:30
314,2026-07-15,present,46,,,,36,6819,2026-09-21 13:42:20.897635+05:30,2026-09-21 13:42:20.897635+05:30
314,2026-07-16,present,46,,,,36,6820,2026-09-21 13:42:20.897635+05:30,2026-09-21 13:42:20.897635+05:30
314,2026-07-17,present,46,,,,36,6821,2026-09-21 13:42:20.897635+05:30,2026-09-21 13:42:20.897635+05:30
314,2026-07-18,present,46,,,,36,6822,2026-09-21 13:42:20.897635+05:30,2026-09-21 13:42:20.897635+05:30
314,2026-07-20,present,46,,,,36,6823,2026-09-21 13:42:20.897635+05:30,2026-09-21 13:42:20.897635+05:30
314,2026-07-21,present,46,,,,36,6824,2026-09-21 13:42:20.897635+05:30,2026-09-21 13:42:20.897635+05:30
314,2026-07-22,present,46,,,,36,6825,2026-09-21 13:42:20.897635+05:30,2026-09-21 13:42:20.897635+05:30
314,2026-07-24,present,46,,,,36,6826,2026-09-21 13:42:20.897635+05:30,2026-09-21 13:42:20.897635+05:30
314,2026-07-25,present,46,,,,36,6827,2026-09-21 13:42:20.897635+05:30,2026-09-21 13:42:20.897635+05:30
314,2026-07-27,present,46,,,,36,6828,2026-09-21 13:42:20.897635+05:30,2026-09-21 13:42:20.897635+05:30
314,2026-07-28,present,46,,,,36,6829,2026-09-21 13:42:20.897635+05:30,2026-09-21 13:42:20.897635+05:30
314,2026-07-29,present,46,,,,36,6830,2026-09-21 13:42:20.897635+05:30,2026-09-21 13:42:20.897635+05:30
314,2026-07-30,present,46,,,,36,6831,2026-09-21 13:42:20.897635+05:30,2026-09-21 13:42:20.897635+05:30
314,2026-07-31,present,46,,,,36,6832,2026-09-21 13:42:20.897635+05:30,2026-09-21 13:42:20.897635+05:30
314,2026-08-01,present,46,,,,36,6833,2026-09-21 13:42:20.897635+05:30,2026-09-21 13:42:20.897635+05:30
314,2026-08-03,leave,46,,,,36,6834,2026-09-21 13:42:20.897635+05:30,2026-09-21 13:42:20.897635+05:30
314,2026-08-04,present,46,,,,36,6835,2026-09-21 13:42:20.897635+05:30,2026-09-21 13:42:20.897635+05:30
314,2026-08-05,absent,46,,,,36,6836,2026-09-21 13:42:20.897635+05:30,2026-09-21 13:42:20.897635+05:30
314,2026-08-06,present,46,,,,36,6837,2026-09-21 13:42:20.897635+05:30,2026-09-21 13:42:20.897635+05:30
314,2026-08-07,present,46,,,,36,6838,2026-09-21 13:42:20.897635+05:30,2026-09-21 13:42:20.897635+05:30
314,2026-08-08,present,46,,,,36,6839,2026-09-21 13:42:20.897635+05:30,2026-09-21 13:42:20.897635+05:30
314,2026-08-10,present,46,,,,36,6840,2026-09-21 13:42:20.897635+05:30,2026-09-21 13:42:20.897635+05:30
314,2026-08-12,absent,46,,,,36,6841,2026-09-21 13:42:20.897635+05:30,2026-09-21 13:42:20.897635+05:30
314,2026-08-13,present,46,,,,36,6842,2026-09-21 13:42:20.897635+05:30,2026-09-21 13:42:20.897635+05:30
314,2026-08-14,present,46,,,,36,6843,2026-09-21 13:42:20.897635+05:30,2026-09-21 13:42:20.897635+05:30
314,2026-08-15,present,46,,,,36,6844,2026-09-21 13:42:20.897635+05:30,2026-09-21 13:42:20.897635+05:30
314,2026-08-17,present,46,,,,36,6845,2026-09-21 13:42:20.897635+05:30,2026-09-21 13:42:20.897635+05:30
314,2026-08-18,present,46,,,,36,6846,2026-09-21 13:42:20.897635+05:30,2026-09-21 13:42:20.897635+05:30
314,2026-08-19,present,46,,,,36,6847,2026-09-21 13:42:20.897635+05:30,2026-09-21 13:42:20.897635+05:30
314,2026-08-20,present,46,,,,36,6848,2026-09-21 13:42:20.897635+05:30,2026-09-21 13:42:20.897635+05:30
314,2026-08-21,present,46,,,,36,6849,2026-09-21 13:42:20.897635+05:30,2026-09-21 13:42:20.897635+05:30
314,2026-08-22,present,46,,,,36,6850,2026-09-21 13:42:20.897635+05:30,2026-09-21 13:42:20.897635+05:30
314,2026-08-24,present,46,,,,36,6851,2026-09-21 13:42:20.897635+05:30,2026-09-21 13:42:20.897635+05:30
314,2026-08-25,present,46,,,,36,6852,2026-09-21 13:42:20.897635+05:30,2026-09-21 13:42:20.897635+05:30
314,2026-08-26,present,46,,,,36,6853,2026-09-21 13:42:20.897635+05:30,2026-09-21 13:42:20.897635+05:30
314,2026-08-27,present,46,,,,36,6854,2026-09-21 13:42:20.897635+05:30,2026-09-21 13:42:20.897635+05:30
314,2026-08-28,present,46,,,,36,6855,2026-09-21 13:42:20.897635+05:30,2026-09-21 13:42:20.897635+05:30
314,2026-08-29,present,46,,,,36,6856,2026-09-21 13:42:20.897635+05:30,2026-09-21 13:42:20.897635+05:30
314,2026-08-31,present,46,,,,36,6857,2026-09-21 13:42:20.897635+05:30,2026-09-21 13:42:20.897635+05:30
314,2026-09-01,present,46,,,,36,6858,2026-09-21 13:42:20.897635+05:30,2026-09-21 13:42:20.897635+05:30
315,2026-06-24,present,46,,,,36,6859,2026-09-21 13:42:20.897635+05:30,2026-09-21 13:42:20.897635+05:30
315,2026-06-25,present,46,,,,36,6860,2026-09-21 13:42:20.897635+05:30,2026-09-21 13:42:20.897635+05:30
315,2026-06-26,present,46,,,,36,6861,2026-09-21 13:42:20.897635+05:30,2026-09-21 13:42:20.897635+05:30
315,2026-06-27,present,46,,,,36,6862,2026-09-21 13:42:20.897635+05:30,2026-09-21 13:42:20.897635+05:30
315,2026-06-29,present,46,,,,36,6863,2026-09-21 13:42:20.897635+05:30,2026-09-21 13:42:20.897635+05:30
315,2026-06-30,present,46,,,,36,6864,2026-09-21 13:42:20.897635+05:30,2026-09-21 13:42:20.897635+05:30
315,2026-07-01,present,46,,,,36,6865,2026-09-21 13:42:20.897635+05:30,2026-09-21 13:42:20.897635+05:30
315,2026-07-02,present,46,,,,36,6866,2026-09-21 13:42:20.897635+05:30,2026-09-21 13:42:20.897635+05:30
315,2026-07-03,present,46,,,,36,6867,2026-09-21 13:42:20.897635+05:30,2026-09-21 13:42:20.897635+05:30
315,2026-07-04,present,46,,,,36,6868,2026-09-21 13:42:20.897635+05:30,2026-09-21 13:42:20.897635+05:30
315,2026-07-06,present,46,,,,36,6869,2026-09-21 13:42:20.897635+05:30,2026-09-21 13:42:20.897635+05:30
315,2026-07-07,present,46,,,,36,6870,2026-09-21 13:42:20.897635+05:30,2026-09-21 13:42:20.897635+05:30
315,2026-07-08,present,46,,,,36,6871,2026-09-21 13:42:20.897635+05:30,2026-09-21 13:42:20.897635+05:30
315,2026-07-09,present,46,,,,36,6872,2026-09-21 13:42:20.897635+05:30,2026-09-21 13:42:20.897635+05:30
315,2026-07-10,present,46,,,,36,6873,2026-09-21 13:42:20.897635+05:30,2026-09-21 13:42:20.897635+05:30
315,2026-07-11,present,46,,,,36,6874,2026-09-21 13:42:20.897635+05:30,2026-09-21 13:42:20.897635+05:30
315,2026-07-13,present,46,,,,36,6875,2026-09-21 13:42:20.897635+05:30,2026-09-21 13:42:20.897635+05:30
315,2026-07-14,present,46,,,,36,6876,2026-09-21 13:42:20.897635+05:30,2026-09-21 13:42:20.897635+05:30
315,2026-07-15,present,46,,,,36,6877,2026-09-21 13:42:20.897635+05:30,2026-09-21 13:42:20.897635+05:30
315,2026-07-16,present,46,,,,36,6878,2026-09-21 13:42:20.897635+05:30,2026-09-21 13:42:20.897635+05:30
315,2026-07-17,present,46,,,,36,6879,2026-09-21 13:42:20.897635+05:30,2026-09-21 13:42:20.897635+05:30
315,2026-07-18,present,46,,,,36,6880,2026-09-21 13:42:20.897635+05:30,2026-09-21 13:42:20.897635+05:30
315,2026-07-20,present,46,,,,36,6881,2026-09-21 13:42:20.897635+05:30,2026-09-21 13:42:20.897635+05:30
315,2026-07-21,present,46,,,,36,6882,2026-09-21 13:42:20.897635+05:30,2026-09-21 13:42:20.897635+05:30
315,2026-07-22,absent,46,,,,36,6883,2026-09-21 13:42:20.897635+05:30,2026-09-21 13:42:20.897635+05:30
315,2026-07-24,present,46,,,,36,6884,2026-09-21 13:42:20.897635+05:30,2026-09-21 13:42:20.897635+05:30
315,2026-07-25,present,46,,,,36,6885,2026-09-21 13:42:20.897635+05:30,2026-09-21 13:42:20.897635+05:30
315,2026-07-27,present,46,,,,36,6886,2026-09-21 13:42:20.897635+05:30,2026-09-21 13:42:20.897635+05:30
315,2026-07-28,present,46,,,,36,6887,2026-09-21 13:42:20.897635+05:30,2026-09-21 13:42:20.897635+05:30
315,2026-07-29,present,46,,,,36,6888,2026-09-21 13:42:20.897635+05:30,2026-09-21 13:42:20.897635+05:30
315,2026-07-30,present,46,,,,36,6889,2026-09-21 13:42:20.897635+05:30,2026-09-21 13:42:20.897635+05:30
315,2026-07-31,present,46,,,,36,6890,2026-09-21 13:42:20.897635+05:30,2026-09-21 13:42:20.897635+05:30
315,2026-08-01,present,46,,,,36,6891,2026-09-21 13:42:20.897635+05:30,2026-09-21 13:42:20.897635+05:30
315,2026-08-03,present,46,,,,36,6892,2026-09-21 13:42:20.897635+05:30,2026-09-21 13:42:20.897635+05:30
315,2026-08-04,present,46,,,,36,6893,2026-09-21 13:42:20.897635+05:30,2026-09-21 13:42:20.897635+05:30
315,2026-08-05,present,46,,,,36,6894,2026-09-21 13:42:20.897635+05:30,2026-09-21 13:42:20.897635+05:30
315,2026-08-06,present,46,,,,36,6895,2026-09-21 13:42:20.897635+05:30,2026-09-21 13:42:20.897635+05:30
315,2026-08-07,present,46,,,,36,6896,2026-09-21 13:42:20.897635+05:30,2026-09-21 13:42:20.897635+05:30
315,2026-08-08,present,46,,,,36,6897,2026-09-21 13:42:20.897635+05:30,2026-09-21 13:42:20.897635+05:30
315,2026-08-10,present,46,,,,36,6898,2026-09-21 13:42:20.897635+05:30,2026-09-21 13:42:20.897635+05:30
315,2026-08-12,present,46,,,,36,6899,2026-09-21 13:42:20.897635+05:30,2026-09-21 13:42:20.897635+05:30
315,2026-08-13,present,46,,,,36,6900,2026-09-21 13:42:20.897635+05:30,2026-09-21 13:42:20.897635+05:30
315,2026-08-14,present,46,,,,36,6901,2026-09-21 13:42:20.897635+05:30,2026-09-21 13:42:20.897635+05:30
315,2026-08-15,present,46,,,,36,6902,2026-09-21 13:42:20.897635+05:30,2026-09-21 13:42:20.897635+05:30
315,2026-08-17,present,46,,,,36,6903,2026-09-21 13:42:20.897635+05:30,2026-09-21 13:42:20.897635+05:30
315,2026-08-18,present,46,,,,36,6904,2026-09-21 13:42:20.897635+05:30,2026-09-21 13:42:20.897635+05:30
315,2026-08-19,present,46,,,,36,6905,2026-09-21 13:42:20.897635+05:30,2026-09-21 13:42:20.897635+05:30
315,2026-08-20,present,46,,,,36,6906,2026-09-21 13:42:20.897635+05:30,2026-09-21 13:42:20.897635+05:30
315,2026-08-21,present,46,,,,36,6907,2026-09-21 13:42:20.897635+05:30,2026-09-21 13:42:20.897635+05:30
315,2026-08-22,present,46,,,,36,6908,2026-09-21 13:42:20.897635+05:30,2026-09-21 13:42:20.897635+05:30
315,2026-08-24,leave,46,,,,36,6909,2026-09-21 13:42:20.897635+05:30,2026-09-21 13:42:20.897635+05:30
315,2026-08-25,present,46,,,,36,6910,2026-09-21 13:42:20.897635+05:30,2026-09-21 13:42:20.897635+05:30
315,2026-08-26,present,46,,,,36,6911,2026-09-21 13:42:20.897635+05:30,2026-09-21 13:42:20.897635+05:30
315,2026-08-27,present,46,,,,36,6912,2026-09-21 13:42:20.897635+05:30,2026-09-21 13:42:20.897635+05:30
315,2026-08-28,present,46,,,,36,6913,2026-09-21 13:42:20.897635+05:30,2026-09-21 13:42:20.897635+05:30
315,2026-08-29,present,46,,,,36,6914,2026-09-21 13:42:20.897635+05:30,2026-09-21 13:42:20.897635+05:30
315,2026-08-31,present,46,,,,36,6915,2026-09-21 13:42:20.897635+05:30,2026-09-21 13:42:20.897635+05:30
315,2026-09-01,present,46,,,,36,6916,2026-09-21 13:42:20.897635+05:30,2026-09-21 13:42:20.897635+05:30
316,2026-06-24,present,46,,,,36,6917,2026-09-21 13:42:20.897635+05:30,2026-09-21 13:42:20.897635+05:30
316,2026-06-25,absent,46,,,,36,6918,2026-09-21 13:42:20.897635+05:30,2026-09-21 13:42:20.897635+05:30
316,2026-06-26,present,46,,,,36,6919,2026-09-21 13:42:20.897635+05:30,2026-09-21 13:42:20.897635+05:30
316,2026-06-27,present,46,,,,36,6920,2026-09-21 13:42:20.897635+05:30,2026-09-21 13:42:20.897635+05:30
316,2026-06-29,present,46,,,,36,6921,2026-09-21 13:42:20.897635+05:30,2026-09-21 13:42:20.897635+05:30
316,2026-06-30,present,46,,,,36,6922,2026-09-21 13:42:20.897635+05:30,2026-09-21 13:42:20.897635+05:30
316,2026-07-01,present,46,,,,36,6923,2026-09-21 13:42:20.897635+05:30,2026-09-21 13:42:20.897635+05:30
316,2026-07-02,present,46,,,,36,6924,2026-09-21 13:42:20.897635+05:30,2026-09-21 13:42:20.897635+05:30
316,2026-07-03,present,46,,,,36,6925,2026-09-21 13:42:20.897635+05:30,2026-09-21 13:42:20.897635+05:30
316,2026-07-04,present,46,,,,36,6926,2026-09-21 13:42:20.897635+05:30,2026-09-21 13:42:20.897635+05:30
316,2026-07-06,present,46,,,,36,6927,2026-09-21 13:42:20.897635+05:30,2026-09-21 13:42:20.897635+05:30
316,2026-07-07,present,46,,,,36,6928,2026-09-21 13:42:20.897635+05:30,2026-09-21 13:42:20.897635+05:30
316,2026-07-08,present,46,,,,36,6929,2026-09-21 13:42:20.897635+05:30,2026-09-21 13:42:20.897635+05:30
316,2026-07-09,present,46,,,,36,6930,2026-09-21 13:42:20.897635+05:30,2026-09-21 13:42:20.897635+05:30
316,2026-07-10,present,46,,,,36,6931,2026-09-21 13:42:20.897635+05:30,2026-09-21 13:42:20.897635+05:30
316,2026-07-11,present,46,,,,36,6932,2026-09-21 13:42:20.897635+05:30,2026-09-21 13:42:20.897635+05:30
316,2026-07-13,present,46,,,,36,6933,2026-09-21 13:42:20.897635+05:30,2026-09-21 13:42:20.897635+05:30
316,2026-07-14,present,46,,,,36,6934,2026-09-21 13:42:20.897635+05:30,2026-09-21 13:42:20.897635+05:30
316,2026-07-15,present,46,,,,36,6935,2026-09-21 13:42:20.897635+05:30,2026-09-21 13:42:20.897635+05:30
316,2026-07-16,present,46,,,,36,6936,2026-09-21 13:42:20.897635+05:30,2026-09-21 13:42:20.897635+05:30
316,2026-07-17,present,46,,,,36,6937,2026-09-21 13:42:20.897635+05:30,2026-09-21 13:42:20.897635+05:30
316,2026-07-18,present,46,,,,36,6938,2026-09-21 13:42:20.897635+05:30,2026-09-21 13:42:20.897635+05:30
316,2026-07-20,present,46,,,,36,6939,2026-09-21 13:42:20.897635+05:30,2026-09-21 13:42:20.897635+05:30
316,2026-07-21,present,46,,,,36,6940,2026-09-21 13:42:20.897635+05:30,2026-09-21 13:42:20.897635+05:30
316,2026-07-22,present,46,,,,36,6941,2026-09-21 13:42:20.897635+05:30,2026-09-21 13:42:20.897635+05:30
316,2026-07-24,present,46,,,,36,6942,2026-09-21 13:42:20.897635+05:30,2026-09-21 13:42:20.897635+05:30
316,2026-07-25,present,46,,,,36,6943,2026-09-21 13:42:20.897635+05:30,2026-09-21 13:42:20.897635+05:30
316,2026-07-27,present,46,,,,36,6944,2026-09-21 13:42:20.897635+05:30,2026-09-21 13:42:20.897635+05:30
316,2026-07-28,absent,46,,,,36,6945,2026-09-21 13:42:20.897635+05:30,2026-09-21 13:42:20.897635+05:30
316,2026-07-29,present,46,,,,36,6946,2026-09-21 13:42:20.897635+05:30,2026-09-21 13:42:20.897635+05:30
316,2026-07-30,present,46,,,,36,6947,2026-09-21 13:42:20.897635+05:30,2026-09-21 13:42:20.897635+05:30
316,2026-07-31,present,46,,,,36,6948,2026-09-21 13:42:20.897635+05:30,2026-09-21 13:42:20.897635+05:30
316,2026-08-01,present,46,,,,36,6949,2026-09-21 13:42:20.897635+05:30,2026-09-21 13:42:20.897635+05:30
316,2026-08-03,present,46,,,,36,6950,2026-09-21 13:42:20.897635+05:30,2026-09-21 13:42:20.897635+05:30
316,2026-08-04,present,46,,,,36,6951,2026-09-21 13:42:20.897635+05:30,2026-09-21 13:42:20.897635+05:30
316,2026-08-05,present,46,,,,36,6952,2026-09-21 13:42:20.897635+05:30,2026-09-21 13:42:20.897635+05:30
316,2026-08-06,present,46,,,,36,6953,2026-09-21 13:42:20.897635+05:30,2026-09-21 13:42:20.897635+05:30
316,2026-08-07,present,46,,,,36,6954,2026-09-21 13:42:20.897635+05:30,2026-09-21 13:42:20.897635+05:30
316,2026-08-08,present,46,,,,36,6955,2026-09-21 13:42:20.897635+05:30,2026-09-21 13:42:20.897635+05:30
316,2026-08-10,present,46,,,,36,6956,2026-09-21 13:42:20.897635+05:30,2026-09-21 13:42:20.897635+05:30
316,2026-08-12,present,46,,,,36,6957,2026-09-21 13:42:20.897635+05:30,2026-09-21 13:42:20.897635+05:30
316,2026-08-13,leave,46,,,,36,6958,2026-09-21 13:42:20.897635+05:30,2026-09-21 13:42:20.897635+05:30
316,2026-08-14,present,46,,,,36,6959,2026-09-21 13:42:20.897635+05:30,2026-09-21 13:42:20.897635+05:30
316,2026-08-15,present,46,,,,36,6960,2026-09-21 13:42:20.897635+05:30,2026-09-21 13:42:20.897635+05:30
316,2026-08-17,present,46,,,,36,6961,2026-09-21 13:42:20.897635+05:30,2026-09-21 13:42:20.897635+05:30
316,2026-08-18,present,46,,,,36,6962,2026-09-21 13:42:20.897635+05:30,2026-09-21 13:42:20.897635+05:30
316,2026-08-19,present,46,,,,36,6963,2026-09-21 13:42:20.897635+05:30,2026-09-21 13:42:20.897635+05:30
316,2026-08-20,present,46,,,,36,6964,2026-09-21 13:42:20.897635+05:30,2026-09-21 13:42:20.897635+05:30
316,2026-08-21,present,46,,,,36,6965,2026-09-21 13:42:20.897635+05:30,2026-09-21 13:42:20.897635+05:30
316,2026-08-22,present,46,,,,36,6966,2026-09-21 13:42:20.897635+05:30,2026-09-21 13:42:20.897635+05:30
316,2026-08-24,present,46,,,,36,6967,2026-09-21 13:42:20.897635+05:30,2026-09-21 13:42:20.897635+05:30
316,2026-08-25,present,46,,,,36,6968,2026-09-21 13:42:20.897635+05:30,2026-09-21 13:42:20.897635+05:30
316,2026-08-26,present,46,,,,36,6969,2026-09-21 13:42:20.897635+05:30,2026-09-21 13:42:20.897635+05:30
316,2026-08-27,absent,46,,,,36,6970,2026-09-21 13:42:20.897635+05:30,2026-09-21 13:42:20.897635+05:30
316,2026-08-28,present,46,,,,36,6971,2026-09-21 13:42:20.897635+05:30,2026-09-21 13:42:20.897635+05:30
316,2026-08-29,present,46,,,,36,6972,2026-09-21 13:42:20.897635+05:30,2026-09-21 13:42:20.897635+05:30
316,2026-08-31,present,46,,,,36,6973,2026-09-21 13:42:20.897635+05:30,2026-09-21 13:42:20.897635+05:30
316,2026-09-01,present,46,,,,36,6974,2026-09-21 13:42:20.897635+05:30,2026-09-21 13:42:20.897635+05:30
317,2026-06-24,present,46,,,,36,6975,2026-09-21 13:42:20.897635+05:30,2026-09-21 13:42:20.897635+05:30
317,2026-06-25,present,46,,,,36,6976,2026-09-21 13:42:20.897635+05:30,2026-09-21 13:42:20.897635+05:30
317,2026-06-26,present,46,,,,36,6977,2026-09-21 13:42:20.897635+05:30,2026-09-21 13:42:20.897635+05:30
317,2026-06-27,present,46,,,,36,6978,2026-09-21 13:42:20.897635+05:30,2026-09-21 13:42:20.897635+05:30
317,2026-06-29,present,46,,,,36,6979,2026-09-21 13:42:20.897635+05:30,2026-09-21 13:42:20.897635+05:30
317,2026-06-30,present,46,,,,36,6980,2026-09-21 13:42:20.897635+05:30,2026-09-21 13:42:20.897635+05:30
317,2026-07-01,present,46,,,,36,6981,2026-09-21 13:42:20.897635+05:30,2026-09-21 13:42:20.897635+05:30
317,2026-07-02,present,46,,,,36,6982,2026-09-21 13:42:20.897635+05:30,2026-09-21 13:42:20.897635+05:30
317,2026-07-03,present,46,,,,36,6983,2026-09-21 13:42:20.897635+05:30,2026-09-21 13:42:20.897635+05:30
317,2026-07-04,absent,46,,,,36,6984,2026-09-21 13:42:20.897635+05:30,2026-09-21 13:42:20.897635+05:30
317,2026-07-06,present,46,,,,36,6985,2026-09-21 13:42:20.897635+05:30,2026-09-21 13:42:20.897635+05:30
317,2026-07-07,present,46,,,,36,6986,2026-09-21 13:42:20.897635+05:30,2026-09-21 13:42:20.897635+05:30
317,2026-07-08,present,46,,,,36,6987,2026-09-21 13:42:20.897635+05:30,2026-09-21 13:42:20.897635+05:30
317,2026-07-09,present,46,,,,36,6988,2026-09-21 13:42:20.897635+05:30,2026-09-21 13:42:20.897635+05:30
317,2026-07-10,present,46,,,,36,6989,2026-09-21 13:42:20.897635+05:30,2026-09-21 13:42:20.897635+05:30
317,2026-07-11,present,46,,,,36,6990,2026-09-21 13:42:20.897635+05:30,2026-09-21 13:42:20.897635+05:30
317,2026-07-13,present,46,,,,36,6991,2026-09-21 13:42:20.897635+05:30,2026-09-21 13:42:20.897635+05:30
317,2026-07-14,absent,46,,,,36,6992,2026-09-21 13:42:20.897635+05:30,2026-09-21 13:42:20.897635+05:30
317,2026-07-15,present,46,,,,36,6993,2026-09-21 13:42:20.897635+05:30,2026-09-21 13:42:20.897635+05:30
317,2026-07-16,present,46,,,,36,6994,2026-09-21 13:42:20.897635+05:30,2026-09-21 13:42:20.897635+05:30
317,2026-07-17,present,46,,,,36,6995,2026-09-21 13:42:20.897635+05:30,2026-09-21 13:42:20.897635+05:30
317,2026-07-18,present,46,,,,36,6996,2026-09-21 13:42:20.897635+05:30,2026-09-21 13:42:20.897635+05:30
317,2026-07-20,present,46,,,,36,6997,2026-09-21 13:42:20.897635+05:30,2026-09-21 13:42:20.897635+05:30
317,2026-07-21,leave,46,,,,36,6998,2026-09-21 13:42:20.897635+05:30,2026-09-21 13:42:20.897635+05:30
317,2026-07-22,absent,46,,,,36,6999,2026-09-21 13:42:20.897635+05:30,2026-09-21 13:42:20.897635+05:30
317,2026-07-24,present,46,,,,36,7000,2026-09-21 13:42:20.897635+05:30,2026-09-21 13:42:20.897635+05:30
317,2026-07-25,present,46,,,,36,7001,2026-09-21 13:42:20.897635+05:30,2026-09-21 13:42:20.897635+05:30
317,2026-07-27,present,46,,,,36,7002,2026-09-21 13:42:20.897635+05:30,2026-09-21 13:42:20.897635+05:30
317,2026-07-28,present,46,,,,36,7003,2026-09-21 13:42:20.897635+05:30,2026-09-21 13:42:20.897635+05:30
317,2026-07-29,present,46,,,,36,7004,2026-09-21 13:42:20.897635+05:30,2026-09-21 13:42:20.897635+05:30
317,2026-07-30,present,46,,,,36,7005,2026-09-21 13:42:20.897635+05:30,2026-09-21 13:42:20.897635+05:30
317,2026-07-31,present,46,,,,36,7006,2026-09-21 13:42:20.897635+05:30,2026-09-21 13:42:20.897635+05:30
317,2026-08-01,present,46,,,,36,7007,2026-09-21 13:42:20.897635+05:30,2026-09-21 13:42:20.897635+05:30
317,2026-08-03,absent,46,,,,36,7008,2026-09-21 13:42:20.897635+05:30,2026-09-21 13:42:20.897635+05:30
317,2026-08-04,present,46,,,,36,7009,2026-09-21 13:42:20.897635+05:30,2026-09-21 13:42:20.897635+05:30
317,2026-08-05,present,46,,,,36,7010,2026-09-21 13:42:20.897635+05:30,2026-09-21 13:42:20.897635+05:30
317,2026-08-06,present,46,,,,36,7011,2026-09-21 13:42:20.897635+05:30,2026-09-21 13:42:20.897635+05:30
317,2026-08-07,present,46,,,,36,7012,2026-09-21 13:42:20.897635+05:30,2026-09-21 13:42:20.897635+05:30
317,2026-08-08,present,46,,,,36,7013,2026-09-21 13:42:20.897635+05:30,2026-09-21 13:42:20.897635+05:30
317,2026-08-10,present,46,,,,36,7014,2026-09-21 13:42:20.897635+05:30,2026-09-21 13:42:20.897635+05:30
317,2026-08-12,present,46,,,,36,7015,2026-09-21 13:42:20.897635+05:30,2026-09-21 13:42:20.897635+05:30
317,2026-08-13,present,46,,,,36,7016,2026-09-21 13:42:20.897635+05:30,2026-09-21 13:42:20.897635+05:30
317,2026-08-14,present,46,,,,36,7017,2026-09-21 13:42:20.897635+05:30,2026-09-21 13:42:20.897635+05:30
317,2026-08-15,present,46,,,,36,7018,2026-09-21 13:42:20.897635+05:30,2026-09-21 13:42:20.897635+05:30
317,2026-08-17,present,46,,,,36,7019,2026-09-21 13:42:20.897635+05:30,2026-09-21 13:42:20.897635+05:30
317,2026-08-18,present,46,,,,36,7020,2026-09-21 13:42:20.897635+05:30,2026-09-21 13:42:20.897635+05:30
317,2026-08-19,present,46,,,,36,7021,2026-09-21 13:42:20.897635+05:30,2026-09-21 13:42:20.897635+05:30
317,2026-08-20,present,46,,,,36,7022,2026-09-21 13:42:20.897635+05:30,2026-09-21 13:42:20.897635+05:30
317,2026-08-21,present,46,,,,36,7023,2026-09-21 13:42:20.897635+05:30,2026-09-21 13:42:20.897635+05:30
317,2026-08-22,present,46,,,,36,7024,2026-09-21 13:42:20.897635+05:30,2026-09-21 13:42:20.897635+05:30
317,2026-08-24,present,46,,,,36,7025,2026-09-21 13:42:20.897635+05:30,2026-09-21 13:42:20.897635+05:30
317,2026-08-25,present,46,,,,36,7026,2026-09-21 13:42:20.897635+05:30,2026-09-21 13:42:20.897635+05:30
317,2026-08-26,present,46,,,,36,7027,2026-09-21 13:42:20.897635+05:30,2026-09-21 13:42:20.897635+05:30
317,2026-08-27,present,46,,,,36,7028,2026-09-21 13:42:20.897635+05:30,2026-09-21 13:42:20.897635+05:30
317,2026-08-28,present,46,,,,36,7029,2026-09-21 13:42:20.897635+05:30,2026-09-21 13:42:20.897635+05:30
317,2026-08-29,present,46,,,,36,7030,2026-09-21 13:42:20.897635+05:30,2026-09-21 13:42:20.897635+05:30
317,2026-08-31,present,46,,,,36,7031,2026-09-21 13:42:20.897635+05:30,2026-09-21 13:42:20.897635+05:30
317,2026-09-01,present,46,,,,36,7032,2026-09-21 13:42:20.897635+05:30,2026-09-21 13:42:20.897635+05:30
318,2026-06-24,present,47,,,,36,7033,2026-09-21 13:42:20.897635+05:30,2026-09-21 13:42:20.897635+05:30
318,2026-06-25,absent,47,,,,36,7034,2026-09-21 13:42:20.897635+05:30,2026-09-21 13:42:20.897635+05:30
318,2026-06-26,present,47,,,,36,7035,2026-09-21 13:42:20.897635+05:30,2026-09-21 13:42:20.897635+05:30
318,2026-06-27,present,47,,,,36,7036,2026-09-21 13:42:20.897635+05:30,2026-09-21 13:42:20.897635+05:30
318,2026-06-29,present,47,,,,36,7037,2026-09-21 13:42:20.897635+05:30,2026-09-21 13:42:20.897635+05:30
318,2026-06-30,present,47,,,,36,7038,2026-09-21 13:42:20.897635+05:30,2026-09-21 13:42:20.897635+05:30
318,2026-07-01,present,47,,,,36,7039,2026-09-21 13:42:20.897635+05:30,2026-09-21 13:42:20.897635+05:30
318,2026-07-02,present,47,,,,36,7040,2026-09-21 13:42:20.897635+05:30,2026-09-21 13:42:20.897635+05:30
318,2026-07-03,present,47,,,,36,7041,2026-09-21 13:42:20.897635+05:30,2026-09-21 13:42:20.897635+05:30
318,2026-07-04,present,47,,,,36,7042,2026-09-21 13:42:20.897635+05:30,2026-09-21 13:42:20.897635+05:30
318,2026-07-06,present,47,,,,36,7043,2026-09-21 13:42:20.897635+05:30,2026-09-21 13:42:20.897635+05:30
318,2026-07-07,present,47,,,,36,7044,2026-09-21 13:42:20.897635+05:30,2026-09-21 13:42:20.897635+05:30
318,2026-07-08,present,47,,,,36,7045,2026-09-21 13:42:20.897635+05:30,2026-09-21 13:42:20.897635+05:30
318,2026-07-09,absent,47,,,,36,7046,2026-09-21 13:42:20.897635+05:30,2026-09-21 13:42:20.897635+05:30
318,2026-07-10,present,47,,,,36,7047,2026-09-21 13:42:20.897635+05:30,2026-09-21 13:42:20.897635+05:30
318,2026-07-11,absent,47,,,,36,7048,2026-09-21 13:42:20.897635+05:30,2026-09-21 13:42:20.897635+05:30
318,2026-07-13,present,47,,,,36,7049,2026-09-21 13:42:20.897635+05:30,2026-09-21 13:42:20.897635+05:30
318,2026-07-14,present,47,,,,36,7050,2026-09-21 13:42:20.897635+05:30,2026-09-21 13:42:20.897635+05:30
318,2026-07-15,present,47,,,,36,7051,2026-09-21 13:42:20.897635+05:30,2026-09-21 13:42:20.897635+05:30
318,2026-07-16,present,47,,,,36,7052,2026-09-21 13:42:20.897635+05:30,2026-09-21 13:42:20.897635+05:30
318,2026-07-17,present,47,,,,36,7053,2026-09-21 13:42:20.897635+05:30,2026-09-21 13:42:20.897635+05:30
318,2026-07-18,present,47,,,,36,7054,2026-09-21 13:42:20.897635+05:30,2026-09-21 13:42:20.897635+05:30
318,2026-07-20,present,47,,,,36,7055,2026-09-21 13:42:20.897635+05:30,2026-09-21 13:42:20.897635+05:30
318,2026-07-21,present,47,,,,36,7056,2026-09-21 13:42:20.897635+05:30,2026-09-21 13:42:20.897635+05:30
318,2026-07-22,present,47,,,,36,7057,2026-09-21 13:42:20.897635+05:30,2026-09-21 13:42:20.897635+05:30
318,2026-07-24,present,47,,,,36,7058,2026-09-21 13:42:20.897635+05:30,2026-09-21 13:42:20.897635+05:30
318,2026-07-25,present,47,,,,36,7059,2026-09-21 13:42:20.897635+05:30,2026-09-21 13:42:20.897635+05:30
318,2026-07-27,present,47,,,,36,7060,2026-09-21 13:42:20.897635+05:30,2026-09-21 13:42:20.897635+05:30
318,2026-07-28,leave,47,,,,36,7061,2026-09-21 13:42:20.897635+05:30,2026-09-21 13:42:20.897635+05:30
318,2026-07-29,present,47,,,,36,7062,2026-09-21 13:42:20.897635+05:30,2026-09-21 13:42:20.897635+05:30
318,2026-07-30,present,47,,,,36,7063,2026-09-21 13:42:20.897635+05:30,2026-09-21 13:42:20.897635+05:30
318,2026-07-31,absent,47,,,,36,7064,2026-09-21 13:42:20.897635+05:30,2026-09-21 13:42:20.897635+05:30
318,2026-08-01,present,47,,,,36,7065,2026-09-21 13:42:20.897635+05:30,2026-09-21 13:42:20.897635+05:30
318,2026-08-03,present,47,,,,36,7066,2026-09-21 13:42:20.897635+05:30,2026-09-21 13:42:20.897635+05:30
318,2026-08-04,leave,47,,,,36,7067,2026-09-21 13:42:20.897635+05:30,2026-09-21 13:42:20.897635+05:30
318,2026-08-05,present,47,,,,36,7068,2026-09-21 13:42:20.897635+05:30,2026-09-21 13:42:20.897635+05:30
318,2026-08-06,present,47,,,,36,7069,2026-09-21 13:42:20.897635+05:30,2026-09-21 13:42:20.897635+05:30
318,2026-08-07,present,47,,,,36,7070,2026-09-21 13:42:20.897635+05:30,2026-09-21 13:42:20.897635+05:30
318,2026-08-08,present,47,,,,36,7071,2026-09-21 13:42:20.897635+05:30,2026-09-21 13:42:20.897635+05:30
318,2026-08-10,present,47,,,,36,7072,2026-09-21 13:42:20.897635+05:30,2026-09-21 13:42:20.897635+05:30
318,2026-08-12,present,47,,,,36,7073,2026-09-21 13:42:20.897635+05:30,2026-09-21 13:42:20.897635+05:30
318,2026-08-13,present,47,,,,36,7074,2026-09-21 13:42:20.897635+05:30,2026-09-21 13:42:20.897635+05:30
318,2026-08-14,present,47,,,,36,7075,2026-09-21 13:42:20.897635+05:30,2026-09-21 13:42:20.897635+05:30
318,2026-08-15,present,47,,,,36,7076,2026-09-21 13:42:20.897635+05:30,2026-09-21 13:42:20.897635+05:30
318,2026-08-17,present,47,,,,36,7077,2026-09-21 13:42:20.897635+05:30,2026-09-21 13:42:20.897635+05:30
318,2026-08-18,present,47,,,,36,7078,2026-09-21 13:42:20.897635+05:30,2026-09-21 13:42:20.897635+05:30
318,2026-08-19,present,47,,,,36,7079,2026-09-21 13:42:20.897635+05:30,2026-09-21 13:42:20.897635+05:30
318,2026-08-20,present,47,,,,36,7080,2026-09-21 13:42:20.897635+05:30,2026-09-21 13:42:20.897635+05:30
318,2026-08-21,present,47,,,,36,7081,2026-09-21 13:42:20.897635+05:30,2026-09-21 13:42:20.897635+05:30
318,2026-08-22,present,47,,,,36,7082,2026-09-21 13:42:20.897635+05:30,2026-09-21 13:42:20.897635+05:30
318,2026-08-24,present,47,,,,36,7083,2026-09-21 13:42:20.897635+05:30,2026-09-21 13:42:20.897635+05:30
318,2026-08-25,present,47,,,,36,7084,2026-09-21 13:42:20.897635+05:30,2026-09-21 13:42:20.897635+05:30
318,2026-08-26,present,47,,,,36,7085,2026-09-21 13:42:20.897635+05:30,2026-09-21 13:42:20.897635+05:30
318,2026-08-27,present,47,,,,36,7086,2026-09-21 13:42:20.897635+05:30,2026-09-21 13:42:20.897635+05:30
318,2026-08-28,present,47,,,,36,7087,2026-09-21 13:42:20.897635+05:30,2026-09-21 13:42:20.897635+05:30
318,2026-08-29,present,47,,,,36,7088,2026-09-21 13:42:20.897635+05:30,2026-09-21 13:42:20.897635+05:30
318,2026-08-31,present,47,,,,36,7089,2026-09-21 13:42:20.897635+05:30,2026-09-21 13:42:20.897635+05:30
318,2026-09-01,present,47,,,,36,7090,2026-09-21 13:42:20.897635+05:30,2026-09-21 13:42:20.897635+05:30
319,2026-06-24,present,47,,,,36,7091,2026-09-21 13:42:20.897635+05:30,2026-09-21 13:42:20.897635+05:30
319,2026-06-25,present,47,,,,36,7092,2026-09-21 13:42:20.897635+05:30,2026-09-21 13:42:20.897635+05:30
319,2026-06-26,present,47,,,,36,7093,2026-09-21 13:42:20.897635+05:30,2026-09-21 13:42:20.897635+05:30
319,2026-06-27,present,47,,,,36,7094,2026-09-21 13:42:20.897635+05:30,2026-09-21 13:42:20.897635+05:30
319,2026-06-29,present,47,,,,36,7095,2026-09-21 13:42:20.897635+05:30,2026-09-21 13:42:20.897635+05:30
319,2026-06-30,present,47,,,,36,7096,2026-09-21 13:42:20.897635+05:30,2026-09-21 13:42:20.897635+05:30
319,2026-07-01,present,47,,,,36,7097,2026-09-21 13:42:20.897635+05:30,2026-09-21 13:42:20.897635+05:30
319,2026-07-02,present,47,,,,36,7098,2026-09-21 13:42:20.897635+05:30,2026-09-21 13:42:20.897635+05:30
319,2026-07-03,present,47,,,,36,7099,2026-09-21 13:42:20.897635+05:30,2026-09-21 13:42:20.897635+05:30
319,2026-07-04,present,47,,,,36,7100,2026-09-21 13:42:20.897635+05:30,2026-09-21 13:42:20.897635+05:30
319,2026-07-06,absent,47,,,,36,7101,2026-09-21 13:42:20.897635+05:30,2026-09-21 13:42:20.897635+05:30
319,2026-07-07,absent,47,,,,36,7102,2026-09-21 13:42:20.897635+05:30,2026-09-21 13:42:20.897635+05:30
319,2026-07-08,present,47,,,,36,7103,2026-09-21 13:42:20.897635+05:30,2026-09-21 13:42:20.897635+05:30
319,2026-07-09,present,47,,,,36,7104,2026-09-21 13:42:20.897635+05:30,2026-09-21 13:42:20.897635+05:30
319,2026-07-10,present,47,,,,36,7105,2026-09-21 13:42:20.897635+05:30,2026-09-21 13:42:20.897635+05:30
319,2026-07-11,present,47,,,,36,7106,2026-09-21 13:42:20.897635+05:30,2026-09-21 13:42:20.897635+05:30
319,2026-07-13,absent,47,,,,36,7107,2026-09-21 13:42:20.897635+05:30,2026-09-21 13:42:20.897635+05:30
319,2026-07-14,present,47,,,,36,7108,2026-09-21 13:42:20.897635+05:30,2026-09-21 13:42:20.897635+05:30
319,2026-07-15,present,47,,,,36,7109,2026-09-21 13:42:20.897635+05:30,2026-09-21 13:42:20.897635+05:30
319,2026-07-16,present,47,,,,36,7110,2026-09-21 13:42:20.897635+05:30,2026-09-21 13:42:20.897635+05:30
319,2026-07-17,present,47,,,,36,7111,2026-09-21 13:42:20.897635+05:30,2026-09-21 13:42:20.897635+05:30
319,2026-07-18,present,47,,,,36,7112,2026-09-21 13:42:20.897635+05:30,2026-09-21 13:42:20.897635+05:30
319,2026-07-20,present,47,,,,36,7113,2026-09-21 13:42:20.897635+05:30,2026-09-21 13:42:20.897635+05:30
319,2026-07-21,present,47,,,,36,7114,2026-09-21 13:42:20.897635+05:30,2026-09-21 13:42:20.897635+05:30
319,2026-07-22,present,47,,,,36,7115,2026-09-21 13:42:20.897635+05:30,2026-09-21 13:42:20.897635+05:30
319,2026-07-24,present,47,,,,36,7116,2026-09-21 13:42:20.897635+05:30,2026-09-21 13:42:20.897635+05:30
319,2026-07-25,absent,47,,,,36,7117,2026-09-21 13:42:20.897635+05:30,2026-09-21 13:42:20.897635+05:30
319,2026-07-27,present,47,,,,36,7118,2026-09-21 13:42:20.897635+05:30,2026-09-21 13:42:20.897635+05:30
319,2026-07-28,present,47,,,,36,7119,2026-09-21 13:42:20.897635+05:30,2026-09-21 13:42:20.897635+05:30
319,2026-07-29,present,47,,,,36,7120,2026-09-21 13:42:20.897635+05:30,2026-09-21 13:42:20.897635+05:30
319,2026-07-30,present,47,,,,36,7121,2026-09-21 13:42:20.897635+05:30,2026-09-21 13:42:20.897635+05:30
319,2026-07-31,present,47,,,,36,7122,2026-09-21 13:42:20.897635+05:30,2026-09-21 13:42:20.897635+05:30
319,2026-08-01,present,47,,,,36,7123,2026-09-21 13:42:20.897635+05:30,2026-09-21 13:42:20.897635+05:30
319,2026-08-03,present,47,,,,36,7124,2026-09-21 13:42:20.897635+05:30,2026-09-21 13:42:20.897635+05:30
319,2026-08-04,present,47,,,,36,7125,2026-09-21 13:42:20.897635+05:30,2026-09-21 13:42:20.897635+05:30
319,2026-08-05,present,47,,,,36,7126,2026-09-21 13:42:20.897635+05:30,2026-09-21 13:42:20.897635+05:30
319,2026-08-06,present,47,,,,36,7127,2026-09-21 13:42:20.897635+05:30,2026-09-21 13:42:20.897635+05:30
319,2026-08-07,present,47,,,,36,7128,2026-09-21 13:42:20.897635+05:30,2026-09-21 13:42:20.897635+05:30
319,2026-08-08,present,47,,,,36,7129,2026-09-21 13:42:20.897635+05:30,2026-09-21 13:42:20.897635+05:30
319,2026-08-10,present,47,,,,36,7130,2026-09-21 13:42:20.897635+05:30,2026-09-21 13:42:20.897635+05:30
319,2026-08-12,present,47,,,,36,7131,2026-09-21 13:42:20.897635+05:30,2026-09-21 13:42:20.897635+05:30
319,2026-08-13,present,47,,,,36,7132,2026-09-21 13:42:20.897635+05:30,2026-09-21 13:42:20.897635+05:30
319,2026-08-14,present,47,,,,36,7133,2026-09-21 13:42:20.897635+05:30,2026-09-21 13:42:20.897635+05:30
319,2026-08-15,present,47,,,,36,7134,2026-09-21 13:42:20.897635+05:30,2026-09-21 13:42:20.897635+05:30
319,2026-08-17,present,47,,,,36,7135,2026-09-21 13:42:20.897635+05:30,2026-09-21 13:42:20.897635+05:30
319,2026-08-18,present,47,,,,36,7136,2026-09-21 13:42:20.897635+05:30,2026-09-21 13:42:20.897635+05:30
319,2026-08-19,present,47,,,,36,7137,2026-09-21 13:42:20.897635+05:30,2026-09-21 13:42:20.897635+05:30
319,2026-08-20,present,47,,,,36,7138,2026-09-21 13:42:20.897635+05:30,2026-09-21 13:42:20.897635+05:30
319,2026-08-21,present,47,,,,36,7139,2026-09-21 13:42:20.897635+05:30,2026-09-21 13:42:20.897635+05:30
319,2026-08-22,absent,47,,,,36,7140,2026-09-21 13:42:20.897635+05:30,2026-09-21 13:42:20.897635+05:30
319,2026-08-24,present,47,,,,36,7141,2026-09-21 13:42:20.897635+05:30,2026-09-21 13:42:20.897635+05:30
319,2026-08-25,present,47,,,,36,7142,2026-09-21 13:42:20.897635+05:30,2026-09-21 13:42:20.897635+05:30
319,2026-08-26,present,47,,,,36,7143,2026-09-21 13:42:20.897635+05:30,2026-09-21 13:42:20.897635+05:30
319,2026-08-27,present,47,,,,36,7144,2026-09-21 13:42:20.897635+05:30,2026-09-21 13:42:20.897635+05:30
319,2026-08-28,present,47,,,,36,7145,2026-09-21 13:42:20.897635+05:30,2026-09-21 13:42:20.897635+05:30
319,2026-08-29,present,47,,,,36,7146,2026-09-21 13:42:20.897635+05:30,2026-09-21 13:42:20.897635+05:30
319,2026-08-31,present,47,,,,36,7147,2026-09-21 13:42:20.897635+05:30,2026-09-21 13:42:20.897635+05:30
319,2026-09-01,absent,47,,,,36,7148,2026-09-21 13:42:20.897635+05:30,2026-09-21 13:42:20.897635+05:30
320,2026-06-24,present,47,,,,36,7149,2026-09-21 13:42:20.897635+05:30,2026-09-21 13:42:20.897635+05:30
320,2026-06-25,present,47,,,,36,7150,2026-09-21 13:42:20.897635+05:30,2026-09-21 13:42:20.897635+05:30
320,2026-06-26,present,47,,,,36,7151,2026-09-21 13:42:20.897635+05:30,2026-09-21 13:42:20.897635+05:30
320,2026-06-27,present,47,,,,36,7152,2026-09-21 13:42:20.897635+05:30,2026-09-21 13:42:20.897635+05:30
320,2026-06-29,absent,47,,,,36,7153,2026-09-21 13:42:20.897635+05:30,2026-09-21 13:42:20.897635+05:30
320,2026-06-30,present,47,,,,36,7154,2026-09-21 13:42:20.897635+05:30,2026-09-21 13:42:20.897635+05:30
320,2026-07-01,present,47,,,,36,7155,2026-09-21 13:42:20.897635+05:30,2026-09-21 13:42:20.897635+05:30
320,2026-07-02,present,47,,,,36,7156,2026-09-21 13:42:20.897635+05:30,2026-09-21 13:42:20.897635+05:30
320,2026-07-03,present,47,,,,36,7157,2026-09-21 13:42:20.897635+05:30,2026-09-21 13:42:20.897635+05:30
320,2026-07-04,present,47,,,,36,7158,2026-09-21 13:42:20.897635+05:30,2026-09-21 13:42:20.897635+05:30
320,2026-07-06,absent,47,,,,36,7159,2026-09-21 13:42:20.897635+05:30,2026-09-21 13:42:20.897635+05:30
320,2026-07-07,absent,47,,,,36,7160,2026-09-21 13:42:20.897635+05:30,2026-09-21 13:42:20.897635+05:30
320,2026-07-08,present,47,,,,36,7161,2026-09-21 13:42:20.897635+05:30,2026-09-21 13:42:20.897635+05:30
320,2026-07-09,leave,47,,,,36,7162,2026-09-21 13:42:20.897635+05:30,2026-09-21 13:42:20.897635+05:30
320,2026-07-10,present,47,,,,36,7163,2026-09-21 13:42:20.897635+05:30,2026-09-21 13:42:20.897635+05:30
320,2026-07-11,present,47,,,,36,7164,2026-09-21 13:42:20.897635+05:30,2026-09-21 13:42:20.897635+05:30
320,2026-07-13,present,47,,,,36,7165,2026-09-21 13:42:20.897635+05:30,2026-09-21 13:42:20.897635+05:30
320,2026-07-14,absent,47,,,,36,7166,2026-09-21 13:42:20.897635+05:30,2026-09-21 13:42:20.897635+05:30
320,2026-07-15,present,47,,,,36,7167,2026-09-21 13:42:20.897635+05:30,2026-09-21 13:42:20.897635+05:30
320,2026-07-16,present,47,,,,36,7168,2026-09-21 13:42:20.897635+05:30,2026-09-21 13:42:20.897635+05:30
320,2026-07-17,present,47,,,,36,7169,2026-09-21 13:42:20.897635+05:30,2026-09-21 13:42:20.897635+05:30
320,2026-07-18,present,47,,,,36,7170,2026-09-21 13:42:20.897635+05:30,2026-09-21 13:42:20.897635+05:30
320,2026-07-20,present,47,,,,36,7171,2026-09-21 13:42:20.897635+05:30,2026-09-21 13:42:20.897635+05:30
320,2026-07-21,present,47,,,,36,7172,2026-09-21 13:42:20.897635+05:30,2026-09-21 13:42:20.897635+05:30
320,2026-07-22,present,47,,,,36,7173,2026-09-21 13:42:20.897635+05:30,2026-09-21 13:42:20.897635+05:30
320,2026-07-24,present,47,,,,36,7174,2026-09-21 13:42:20.897635+05:30,2026-09-21 13:42:20.897635+05:30
320,2026-07-25,present,47,,,,36,7175,2026-09-21 13:42:20.897635+05:30,2026-09-21 13:42:20.897635+05:30
320,2026-07-27,present,47,,,,36,7176,2026-09-21 13:42:20.897635+05:30,2026-09-21 13:42:20.897635+05:30
320,2026-07-28,absent,47,,,,36,7177,2026-09-21 13:42:20.897635+05:30,2026-09-21 13:42:20.897635+05:30
320,2026-07-29,present,47,,,,36,7178,2026-09-21 13:42:20.897635+05:30,2026-09-21 13:42:20.897635+05:30
320,2026-07-30,present,47,,,,36,7179,2026-09-21 13:42:20.897635+05:30,2026-09-21 13:42:20.897635+05:30
320,2026-07-31,present,47,,,,36,7180,2026-09-21 13:42:20.897635+05:30,2026-09-21 13:42:20.897635+05:30
320,2026-08-01,present,47,,,,36,7181,2026-09-21 13:42:20.897635+05:30,2026-09-21 13:42:20.897635+05:30
320,2026-08-03,present,47,,,,36,7182,2026-09-21 13:42:20.897635+05:30,2026-09-21 13:42:20.897635+05:30
320,2026-08-04,present,47,,,,36,7183,2026-09-21 13:42:20.897635+05:30,2026-09-21 13:42:20.897635+05:30
320,2026-08-05,present,47,,,,36,7184,2026-09-21 13:42:20.897635+05:30,2026-09-21 13:42:20.897635+05:30
320,2026-08-06,present,47,,,,36,7185,2026-09-21 13:42:20.897635+05:30,2026-09-21 13:42:20.897635+05:30
320,2026-08-07,present,47,,,,36,7186,2026-09-21 13:42:20.897635+05:30,2026-09-21 13:42:20.897635+05:30
320,2026-08-08,absent,47,,,,36,7187,2026-09-21 13:42:20.897635+05:30,2026-09-21 13:42:20.897635+05:30
320,2026-08-10,present,47,,,,36,7188,2026-09-21 13:42:20.897635+05:30,2026-09-21 13:42:20.897635+05:30
320,2026-08-12,present,47,,,,36,7189,2026-09-21 13:42:20.897635+05:30,2026-09-21 13:42:20.897635+05:30
320,2026-08-13,present,47,,,,36,7190,2026-09-21 13:42:20.897635+05:30,2026-09-21 13:42:20.897635+05:30
320,2026-08-14,present,47,,,,36,7191,2026-09-21 13:42:20.897635+05:30,2026-09-21 13:42:20.897635+05:30
320,2026-08-15,present,47,,,,36,7192,2026-09-21 13:42:20.897635+05:30,2026-09-21 13:42:20.897635+05:30
320,2026-08-17,present,47,,,,36,7193,2026-09-21 13:42:20.897635+05:30,2026-09-21 13:42:20.897635+05:30
320,2026-08-18,present,47,,,,36,7194,2026-09-21 13:42:20.897635+05:30,2026-09-21 13:42:20.897635+05:30
320,2026-08-19,present,47,,,,36,7195,2026-09-21 13:42:20.897635+05:30,2026-09-21 13:42:20.897635+05:30
320,2026-08-20,present,47,,,,36,7196,2026-09-21 13:42:20.897635+05:30,2026-09-21 13:42:20.897635+05:30
320,2026-08-21,present,47,,,,36,7197,2026-09-21 13:42:20.897635+05:30,2026-09-21 13:42:20.897635+05:30
320,2026-08-22,present,47,,,,36,7198,2026-09-21 13:42:20.897635+05:30,2026-09-21 13:42:20.897635+05:30
320,2026-08-24,present,47,,,,36,7199,2026-09-21 13:42:20.897635+05:30,2026-09-21 13:42:20.897635+05:30
320,2026-08-25,present,47,,,,36,7200,2026-09-21 13:42:20.897635+05:30,2026-09-21 13:42:20.897635+05:30
320,2026-08-26,present,47,,,,36,7201,2026-09-21 13:42:20.897635+05:30,2026-09-21 13:42:20.897635+05:30
320,2026-08-27,present,47,,,,36,7202,2026-09-21 13:42:20.897635+05:30,2026-09-21 13:42:20.897635+05:30
320,2026-08-28,present,47,,,,36,7203,2026-09-21 13:42:20.897635+05:30,2026-09-21 13:42:20.897635+05:30
320,2026-08-29,present,47,,,,36,7204,2026-09-21 13:42:20.897635+05:30,2026-09-21 13:42:20.897635+05:30
320,2026-08-31,present,47,,,,36,7205,2026-09-21 13:42:20.897635+05:30,2026-09-21 13:42:20.897635+05:30
320,2026-09-01,absent,47,,,,36,7206,2026-09-21 13:42:20.897635+05:30,2026-09-21 13:42:20.897635+05:30
321,2026-06-24,present,47,,,,36,7207,2026-09-21 13:42:20.897635+05:30,2026-09-21 13:42:20.897635+05:30
321,2026-06-25,present,47,,,,36,7208,2026-09-21 13:42:20.897635+05:30,2026-09-21 13:42:20.897635+05:30
321,2026-06-26,present,47,,,,36,7209,2026-09-21 13:42:20.897635+05:30,2026-09-21 13:42:20.897635+05:30
321,2026-06-27,present,47,,,,36,7210,2026-09-21 13:42:20.897635+05:30,2026-09-21 13:42:20.897635+05:30
321,2026-06-29,present,47,,,,36,7211,2026-09-21 13:42:20.897635+05:30,2026-09-21 13:42:20.897635+05:30
321,2026-06-30,leave,47,,,,36,7212,2026-09-21 13:42:20.897635+05:30,2026-09-21 13:42:20.897635+05:30
321,2026-07-01,present,47,,,,36,7213,2026-09-21 13:42:20.897635+05:30,2026-09-21 13:42:20.897635+05:30
321,2026-07-02,present,47,,,,36,7214,2026-09-21 13:42:20.897635+05:30,2026-09-21 13:42:20.897635+05:30
321,2026-07-03,present,47,,,,36,7215,2026-09-21 13:42:20.897635+05:30,2026-09-21 13:42:20.897635+05:30
321,2026-07-04,present,47,,,,36,7216,2026-09-21 13:42:20.897635+05:30,2026-09-21 13:42:20.897635+05:30
321,2026-07-06,present,47,,,,36,7217,2026-09-21 13:42:20.897635+05:30,2026-09-21 13:42:20.897635+05:30
321,2026-07-07,present,47,,,,36,7218,2026-09-21 13:42:20.897635+05:30,2026-09-21 13:42:20.897635+05:30
321,2026-07-08,present,47,,,,36,7219,2026-09-21 13:42:20.897635+05:30,2026-09-21 13:42:20.897635+05:30
321,2026-07-09,present,47,,,,36,7220,2026-09-21 13:42:20.897635+05:30,2026-09-21 13:42:20.897635+05:30
321,2026-07-10,present,47,,,,36,7221,2026-09-21 13:42:20.897635+05:30,2026-09-21 13:42:20.897635+05:30
321,2026-07-11,present,47,,,,36,7222,2026-09-21 13:42:20.897635+05:30,2026-09-21 13:42:20.897635+05:30
321,2026-07-13,present,47,,,,36,7223,2026-09-21 13:42:20.897635+05:30,2026-09-21 13:42:20.897635+05:30
321,2026-07-14,present,47,,,,36,7224,2026-09-21 13:42:20.897635+05:30,2026-09-21 13:42:20.897635+05:30
321,2026-07-15,present,47,,,,36,7225,2026-09-21 13:42:20.897635+05:30,2026-09-21 13:42:20.897635+05:30
321,2026-07-16,present,47,,,,36,7226,2026-09-21 13:42:20.897635+05:30,2026-09-21 13:42:20.897635+05:30
321,2026-07-17,present,47,,,,36,7227,2026-09-21 13:42:20.897635+05:30,2026-09-21 13:42:20.897635+05:30
321,2026-07-18,present,47,,,,36,7228,2026-09-21 13:42:20.897635+05:30,2026-09-21 13:42:20.897635+05:30
321,2026-07-20,present,47,,,,36,7229,2026-09-21 13:42:20.897635+05:30,2026-09-21 13:42:20.897635+05:30
321,2026-07-21,present,47,,,,36,7230,2026-09-21 13:42:20.897635+05:30,2026-09-21 13:42:20.897635+05:30
321,2026-07-22,present,47,,,,36,7231,2026-09-21 13:42:20.897635+05:30,2026-09-21 13:42:20.897635+05:30
321,2026-07-24,present,47,,,,36,7232,2026-09-21 13:42:20.897635+05:30,2026-09-21 13:42:20.897635+05:30
321,2026-07-25,leave,47,,,,36,7233,2026-09-21 13:42:20.897635+05:30,2026-09-21 13:42:20.897635+05:30
321,2026-07-27,present,47,,,,36,7234,2026-09-21 13:42:20.897635+05:30,2026-09-21 13:42:20.897635+05:30
321,2026-07-28,present,47,,,,36,7235,2026-09-21 13:42:20.897635+05:30,2026-09-21 13:42:20.897635+05:30
321,2026-07-29,present,47,,,,36,7236,2026-09-21 13:42:20.897635+05:30,2026-09-21 13:42:20.897635+05:30
321,2026-07-30,present,47,,,,36,7237,2026-09-21 13:42:20.897635+05:30,2026-09-21 13:42:20.897635+05:30
321,2026-07-31,present,47,,,,36,7238,2026-09-21 13:42:20.897635+05:30,2026-09-21 13:42:20.897635+05:30
321,2026-08-01,present,47,,,,36,7239,2026-09-21 13:42:20.897635+05:30,2026-09-21 13:42:20.897635+05:30
321,2026-08-03,present,47,,,,36,7240,2026-09-21 13:42:20.897635+05:30,2026-09-21 13:42:20.897635+05:30
321,2026-08-04,present,47,,,,36,7241,2026-09-21 13:42:20.897635+05:30,2026-09-21 13:42:20.897635+05:30
321,2026-08-05,present,47,,,,36,7242,2026-09-21 13:42:20.897635+05:30,2026-09-21 13:42:20.897635+05:30
321,2026-08-06,present,47,,,,36,7243,2026-09-21 13:42:20.897635+05:30,2026-09-21 13:42:20.897635+05:30
321,2026-08-07,present,47,,,,36,7244,2026-09-21 13:42:20.897635+05:30,2026-09-21 13:42:20.897635+05:30
321,2026-08-08,present,47,,,,36,7245,2026-09-21 13:42:20.897635+05:30,2026-09-21 13:42:20.897635+05:30
321,2026-08-10,present,47,,,,36,7246,2026-09-21 13:42:20.897635+05:30,2026-09-21 13:42:20.897635+05:30
321,2026-08-12,present,47,,,,36,7247,2026-09-21 13:42:20.897635+05:30,2026-09-21 13:42:20.897635+05:30
321,2026-08-13,present,47,,,,36,7248,2026-09-21 13:42:20.897635+05:30,2026-09-21 13:42:20.897635+05:30
321,2026-08-14,present,47,,,,36,7249,2026-09-21 13:42:20.897635+05:30,2026-09-21 13:42:20.897635+05:30
321,2026-08-15,present,47,,,,36,7250,2026-09-21 13:42:20.897635+05:30,2026-09-21 13:42:20.897635+05:30
321,2026-08-17,present,47,,,,36,7251,2026-09-21 13:42:20.897635+05:30,2026-09-21 13:42:20.897635+05:30
321,2026-08-18,present,47,,,,36,7252,2026-09-21 13:42:20.897635+05:30,2026-09-21 13:42:20.897635+05:30
321,2026-08-19,present,47,,,,36,7253,2026-09-21 13:42:20.897635+05:30,2026-09-21 13:42:20.897635+05:30
321,2026-08-20,present,47,,,,36,7254,2026-09-21 13:42:20.897635+05:30,2026-09-21 13:42:20.897635+05:30
321,2026-08-21,present,47,,,,36,7255,2026-09-21 13:42:20.897635+05:30,2026-09-21 13:42:20.897635+05:30
321,2026-08-22,present,47,,,,36,7256,2026-09-21 13:42:20.897635+05:30,2026-09-21 13:42:20.897635+05:30
321,2026-08-24,present,47,,,,36,7257,2026-09-21 13:42:20.897635+05:30,2026-09-21 13:42:20.897635+05:30
321,2026-08-25,present,47,,,,36,7258,2026-09-21 13:42:20.897635+05:30,2026-09-21 13:42:20.897635+05:30
321,2026-08-26,present,47,,,,36,7259,2026-09-21 13:42:20.897635+05:30,2026-09-21 13:42:20.897635+05:30
321,2026-08-27,present,47,,,,36,7260,2026-09-21 13:42:20.897635+05:30,2026-09-21 13:42:20.897635+05:30
321,2026-08-28,present,47,,,,36,7261,2026-09-21 13:42:20.897635+05:30,2026-09-21 13:42:20.897635+05:30
321,2026-08-29,present,47,,,,36,7262,2026-09-21 13:42:20.897635+05:30,2026-09-21 13:42:20.897635+05:30
321,2026-08-31,absent,47,,,,36,7263,2026-09-21 13:42:20.897635+05:30,2026-09-21 13:42:20.897635+05:30
321,2026-09-01,present,47,,,,36,7264,2026-09-21 13:42:20.897635+05:30,2026-09-21 13:42:20.897635+05:30
322,2026-06-24,present,47,,,,36,7265,2026-09-21 13:42:20.897635+05:30,2026-09-21 13:42:20.897635+05:30
322,2026-06-25,present,47,,,,36,7266,2026-09-21 13:42:20.897635+05:30,2026-09-21 13:42:20.897635+05:30
322,2026-06-26,present,47,,,,36,7267,2026-09-21 13:42:20.897635+05:30,2026-09-21 13:42:20.897635+05:30
322,2026-06-27,leave,47,,,,36,7268,2026-09-21 13:42:20.897635+05:30,2026-09-21 13:42:20.897635+05:30
322,2026-06-29,present,47,,,,36,7269,2026-09-21 13:42:20.897635+05:30,2026-09-21 13:42:20.897635+05:30
322,2026-06-30,present,47,,,,36,7270,2026-09-21 13:42:20.897635+05:30,2026-09-21 13:42:20.897635+05:30
322,2026-07-01,present,47,,,,36,7271,2026-09-21 13:42:20.897635+05:30,2026-09-21 13:42:20.897635+05:30
322,2026-07-02,present,47,,,,36,7272,2026-09-21 13:42:20.897635+05:30,2026-09-21 13:42:20.897635+05:30
322,2026-07-03,present,47,,,,36,7273,2026-09-21 13:42:20.897635+05:30,2026-09-21 13:42:20.897635+05:30
322,2026-07-04,present,47,,,,36,7274,2026-09-21 13:42:20.897635+05:30,2026-09-21 13:42:20.897635+05:30
322,2026-07-06,present,47,,,,36,7275,2026-09-21 13:42:20.897635+05:30,2026-09-21 13:42:20.897635+05:30
322,2026-07-07,leave,47,,,,36,7276,2026-09-21 13:42:20.897635+05:30,2026-09-21 13:42:20.897635+05:30
322,2026-07-08,present,47,,,,36,7277,2026-09-21 13:42:20.897635+05:30,2026-09-21 13:42:20.897635+05:30
322,2026-07-09,present,47,,,,36,7278,2026-09-21 13:42:20.897635+05:30,2026-09-21 13:42:20.897635+05:30
322,2026-07-10,present,47,,,,36,7279,2026-09-21 13:42:20.897635+05:30,2026-09-21 13:42:20.897635+05:30
322,2026-07-11,present,47,,,,36,7280,2026-09-21 13:42:20.897635+05:30,2026-09-21 13:42:20.897635+05:30
322,2026-07-13,present,47,,,,36,7281,2026-09-21 13:42:20.897635+05:30,2026-09-21 13:42:20.897635+05:30
322,2026-07-14,present,47,,,,36,7282,2026-09-21 13:42:20.897635+05:30,2026-09-21 13:42:20.897635+05:30
322,2026-07-15,present,47,,,,36,7283,2026-09-21 13:42:20.897635+05:30,2026-09-21 13:42:20.897635+05:30
322,2026-07-16,present,47,,,,36,7284,2026-09-21 13:42:20.897635+05:30,2026-09-21 13:42:20.897635+05:30
322,2026-07-17,present,47,,,,36,7285,2026-09-21 13:42:20.897635+05:30,2026-09-21 13:42:20.897635+05:30
322,2026-07-18,present,47,,,,36,7286,2026-09-21 13:42:20.897635+05:30,2026-09-21 13:42:20.897635+05:30
322,2026-07-20,present,47,,,,36,7287,2026-09-21 13:42:20.897635+05:30,2026-09-21 13:42:20.897635+05:30
322,2026-07-21,leave,47,,,,36,7288,2026-09-21 13:42:20.897635+05:30,2026-09-21 13:42:20.897635+05:30
322,2026-07-22,present,47,,,,36,7289,2026-09-21 13:42:20.897635+05:30,2026-09-21 13:42:20.897635+05:30
322,2026-07-24,present,47,,,,36,7290,2026-09-21 13:42:20.897635+05:30,2026-09-21 13:42:20.897635+05:30
322,2026-07-25,present,47,,,,36,7291,2026-09-21 13:42:20.897635+05:30,2026-09-21 13:42:20.897635+05:30
322,2026-07-27,present,47,,,,36,7292,2026-09-21 13:42:20.897635+05:30,2026-09-21 13:42:20.897635+05:30
322,2026-07-28,leave,47,,,,36,7293,2026-09-21 13:42:20.897635+05:30,2026-09-21 13:42:20.897635+05:30
322,2026-07-29,present,47,,,,36,7294,2026-09-21 13:42:20.897635+05:30,2026-09-21 13:42:20.897635+05:30
322,2026-07-30,absent,47,,,,36,7295,2026-09-21 13:42:20.897635+05:30,2026-09-21 13:42:20.897635+05:30
322,2026-07-31,present,47,,,,36,7296,2026-09-21 13:42:20.897635+05:30,2026-09-21 13:42:20.897635+05:30
322,2026-08-01,present,47,,,,36,7297,2026-09-21 13:42:20.897635+05:30,2026-09-21 13:42:20.897635+05:30
322,2026-08-03,present,47,,,,36,7298,2026-09-21 13:42:20.897635+05:30,2026-09-21 13:42:20.897635+05:30
322,2026-08-04,present,47,,,,36,7299,2026-09-21 13:42:20.897635+05:30,2026-09-21 13:42:20.897635+05:30
322,2026-08-05,present,47,,,,36,7300,2026-09-21 13:42:20.897635+05:30,2026-09-21 13:42:20.897635+05:30
322,2026-08-06,present,47,,,,36,7301,2026-09-21 13:42:20.897635+05:30,2026-09-21 13:42:20.897635+05:30
322,2026-08-07,present,47,,,,36,7302,2026-09-21 13:42:20.897635+05:30,2026-09-21 13:42:20.897635+05:30
322,2026-08-08,present,47,,,,36,7303,2026-09-21 13:42:20.897635+05:30,2026-09-21 13:42:20.897635+05:30
322,2026-08-10,present,47,,,,36,7304,2026-09-21 13:42:20.897635+05:30,2026-09-21 13:42:20.897635+05:30
322,2026-08-12,present,47,,,,36,7305,2026-09-21 13:42:20.897635+05:30,2026-09-21 13:42:20.897635+05:30
322,2026-08-13,present,47,,,,36,7306,2026-09-21 13:42:20.897635+05:30,2026-09-21 13:42:20.897635+05:30
322,2026-08-14,present,47,,,,36,7307,2026-09-21 13:42:20.897635+05:30,2026-09-21 13:42:20.897635+05:30
322,2026-08-15,present,47,,,,36,7308,2026-09-21 13:42:20.897635+05:30,2026-09-21 13:42:20.897635+05:30
322,2026-08-17,present,47,,,,36,7309,2026-09-21 13:42:20.897635+05:30,2026-09-21 13:42:20.897635+05:30
322,2026-08-18,present,47,,,,36,7310,2026-09-21 13:42:20.897635+05:30,2026-09-21 13:42:20.897635+05:30
322,2026-08-19,present,47,,,,36,7311,2026-09-21 13:42:20.897635+05:30,2026-09-21 13:42:20.897635+05:30
322,2026-08-20,present,47,,,,36,7312,2026-09-21 13:42:20.897635+05:30,2026-09-21 13:42:20.897635+05:30
322,2026-08-21,present,47,,,,36,7313,2026-09-21 13:42:20.897635+05:30,2026-09-21 13:42:20.897635+05:30
322,2026-08-22,present,47,,,,36,7314,2026-09-21 13:42:20.897635+05:30,2026-09-21 13:42:20.897635+05:30
322,2026-08-24,present,47,,,,36,7315,2026-09-21 13:42:20.897635+05:30,2026-09-21 13:42:20.897635+05:30
322,2026-08-25,present,47,,,,36,7316,2026-09-21 13:42:20.897635+05:30,2026-09-21 13:42:20.897635+05:30
322,2026-08-26,present,47,,,,36,7317,2026-09-21 13:42:20.897635+05:30,2026-09-21 13:42:20.897635+05:30
322,2026-08-27,present,47,,,,36,7318,2026-09-21 13:42:20.897635+05:30,2026-09-21 13:42:20.897635+05:30
322,2026-08-28,present,47,,,,36,7319,2026-09-21 13:42:20.897635+05:30,2026-09-21 13:42:20.897635+05:30
322,2026-08-29,present,47,,,,36,7320,2026-09-21 13:42:20.897635+05:30,2026-09-21 13:42:20.897635+05:30
322,2026-08-31,present,47,,,,36,7321,2026-09-21 13:42:20.897635+05:30,2026-09-21 13:42:20.897635+05:30
322,2026-09-01,present,47,,,,36,7322,2026-09-21 13:42:20.897635+05:30,2026-09-21 13:42:20.897635+05:30
323,2026-06-24,present,47,,,,36,7323,2026-09-21 13:42:20.897635+05:30,2026-09-21 13:42:20.897635+05:30
323,2026-06-25,present,47,,,,36,7324,2026-09-21 13:42:20.897635+05:30,2026-09-21 13:42:20.897635+05:30
323,2026-06-26,present,47,,,,36,7325,2026-09-21 13:42:20.897635+05:30,2026-09-21 13:42:20.897635+05:30
323,2026-06-27,present,47,,,,36,7326,2026-09-21 13:42:20.897635+05:30,2026-09-21 13:42:20.897635+05:30
323,2026-06-29,present,47,,,,36,7327,2026-09-21 13:42:20.897635+05:30,2026-09-21 13:42:20.897635+05:30
323,2026-06-30,present,47,,,,36,7328,2026-09-21 13:42:20.897635+05:30,2026-09-21 13:42:20.897635+05:30
323,2026-07-01,present,47,,,,36,7329,2026-09-21 13:42:20.897635+05:30,2026-09-21 13:42:20.897635+05:30
323,2026-07-02,present,47,,,,36,7330,2026-09-21 13:42:20.897635+05:30,2026-09-21 13:42:20.897635+05:30
323,2026-07-03,present,47,,,,36,7331,2026-09-21 13:42:20.897635+05:30,2026-09-21 13:42:20.897635+05:30
323,2026-07-04,present,47,,,,36,7332,2026-09-21 13:42:20.897635+05:30,2026-09-21 13:42:20.897635+05:30
323,2026-07-06,present,47,,,,36,7333,2026-09-21 13:42:20.897635+05:30,2026-09-21 13:42:20.897635+05:30
323,2026-07-07,present,47,,,,36,7334,2026-09-21 13:42:20.897635+05:30,2026-09-21 13:42:20.897635+05:30
323,2026-07-08,present,47,,,,36,7335,2026-09-21 13:42:20.897635+05:30,2026-09-21 13:42:20.897635+05:30
323,2026-07-09,present,47,,,,36,7336,2026-09-21 13:42:20.897635+05:30,2026-09-21 13:42:20.897635+05:30
323,2026-07-10,present,47,,,,36,7337,2026-09-21 13:42:20.897635+05:30,2026-09-21 13:42:20.897635+05:30
323,2026-07-11,present,47,,,,36,7338,2026-09-21 13:42:20.897635+05:30,2026-09-21 13:42:20.897635+05:30
323,2026-07-13,present,47,,,,36,7339,2026-09-21 13:42:20.897635+05:30,2026-09-21 13:42:20.897635+05:30
323,2026-07-14,present,47,,,,36,7340,2026-09-21 13:42:20.897635+05:30,2026-09-21 13:42:20.897635+05:30
323,2026-07-15,present,47,,,,36,7341,2026-09-21 13:42:20.897635+05:30,2026-09-21 13:42:20.897635+05:30
323,2026-07-16,present,47,,,,36,7342,2026-09-21 13:42:20.897635+05:30,2026-09-21 13:42:20.897635+05:30
323,2026-07-17,present,47,,,,36,7343,2026-09-21 13:42:20.897635+05:30,2026-09-21 13:42:20.897635+05:30
323,2026-07-18,present,47,,,,36,7344,2026-09-21 13:42:20.897635+05:30,2026-09-21 13:42:20.897635+05:30
323,2026-07-20,present,47,,,,36,7345,2026-09-21 13:42:20.897635+05:30,2026-09-21 13:42:20.897635+05:30
323,2026-07-21,absent,47,,,,36,7346,2026-09-21 13:42:20.897635+05:30,2026-09-21 13:42:20.897635+05:30
323,2026-07-22,present,47,,,,36,7347,2026-09-21 13:42:20.897635+05:30,2026-09-21 13:42:20.897635+05:30
323,2026-07-24,present,47,,,,36,7348,2026-09-21 13:42:20.897635+05:30,2026-09-21 13:42:20.897635+05:30
323,2026-07-25,present,47,,,,36,7349,2026-09-21 13:42:20.897635+05:30,2026-09-21 13:42:20.897635+05:30
323,2026-07-27,present,47,,,,36,7350,2026-09-21 13:42:20.897635+05:30,2026-09-21 13:42:20.897635+05:30
323,2026-07-28,present,47,,,,36,7351,2026-09-21 13:42:20.897635+05:30,2026-09-21 13:42:20.897635+05:30
323,2026-07-29,present,47,,,,36,7352,2026-09-21 13:42:20.897635+05:30,2026-09-21 13:42:20.897635+05:30
323,2026-07-30,present,47,,,,36,7353,2026-09-21 13:42:20.897635+05:30,2026-09-21 13:42:20.897635+05:30
323,2026-07-31,present,47,,,,36,7354,2026-09-21 13:42:20.897635+05:30,2026-09-21 13:42:20.897635+05:30
323,2026-08-01,present,47,,,,36,7355,2026-09-21 13:42:20.897635+05:30,2026-09-21 13:42:20.897635+05:30
323,2026-08-03,present,47,,,,36,7356,2026-09-21 13:42:20.897635+05:30,2026-09-21 13:42:20.897635+05:30
323,2026-08-04,present,47,,,,36,7357,2026-09-21 13:42:20.897635+05:30,2026-09-21 13:42:20.897635+05:30
323,2026-08-05,present,47,,,,36,7358,2026-09-21 13:42:20.897635+05:30,2026-09-21 13:42:20.897635+05:30
323,2026-08-06,present,47,,,,36,7359,2026-09-21 13:42:20.897635+05:30,2026-09-21 13:42:20.897635+05:30
323,2026-08-07,present,47,,,,36,7360,2026-09-21 13:42:20.897635+05:30,2026-09-21 13:42:20.897635+05:30
323,2026-08-08,present,47,,,,36,7361,2026-09-21 13:42:20.897635+05:30,2026-09-21 13:42:20.897635+05:30
323,2026-08-10,present,47,,,,36,7362,2026-09-21 13:42:20.897635+05:30,2026-09-21 13:42:20.897635+05:30
323,2026-08-12,present,47,,,,36,7363,2026-09-21 13:42:20.897635+05:30,2026-09-21 13:42:20.897635+05:30
323,2026-08-13,present,47,,,,36,7364,2026-09-21 13:42:20.897635+05:30,2026-09-21 13:42:20.897635+05:30
323,2026-08-14,present,47,,,,36,7365,2026-09-21 13:42:20.897635+05:30,2026-09-21 13:42:20.897635+05:30
323,2026-08-15,present,47,,,,36,7366,2026-09-21 13:42:20.897635+05:30,2026-09-21 13:42:20.897635+05:30
323,2026-08-17,present,47,,,,36,7367,2026-09-21 13:42:20.897635+05:30,2026-09-21 13:42:20.897635+05:30
323,2026-08-18,present,47,,,,36,7368,2026-09-21 13:42:20.897635+05:30,2026-09-21 13:42:20.897635+05:30
323,2026-08-19,present,47,,,,36,7369,2026-09-21 13:42:20.897635+05:30,2026-09-21 13:42:20.897635+05:30
323,2026-08-20,present,47,,,,36,7370,2026-09-21 13:42:20.897635+05:30,2026-09-21 13:42:20.897635+05:30
323,2026-08-21,present,47,,,,36,7371,2026-09-21 13:42:20.897635+05:30,2026-09-21 13:42:20.897635+05:30
323,2026-08-22,present,47,,,,36,7372,2026-09-21 13:42:20.897635+05:30,2026-09-21 13:42:20.897635+05:30
323,2026-08-24,present,47,,,,36,7373,2026-09-21 13:42:20.897635+05:30,2026-09-21 13:42:20.897635+05:30
323,2026-08-25,absent,47,,,,36,7374,2026-09-21 13:42:20.897635+05:30,2026-09-21 13:42:20.897635+05:30
323,2026-08-26,present,47,,,,36,7375,2026-09-21 13:42:20.897635+05:30,2026-09-21 13:42:20.897635+05:30
323,2026-08-27,leave,47,,,,36,7376,2026-09-21 13:42:20.897635+05:30,2026-09-21 13:42:20.897635+05:30
323,2026-08-28,present,47,,,,36,7377,2026-09-21 13:42:20.897635+05:30,2026-09-21 13:42:20.897635+05:30
323,2026-08-29,present,47,,,,36,7378,2026-09-21 13:42:20.897635+05:30,2026-09-21 13:42:20.897635+05:30
323,2026-08-31,present,47,,,,36,7379,2026-09-21 13:42:20.897635+05:30,2026-09-21 13:42:20.897635+05:30
323,2026-09-01,present,47,,,,36,7380,2026-09-21 13:42:20.897635+05:30,2026-09-21 13:42:20.897635+05:30
324,2026-06-24,leave,47,,,,36,7381,2026-09-21 13:42:20.897635+05:30,2026-09-21 13:42:20.897635+05:30
324,2026-06-25,present,47,,,,36,7382,2026-09-21 13:42:20.897635+05:30,2026-09-21 13:42:20.897635+05:30
324,2026-06-26,present,47,,,,36,7383,2026-09-21 13:42:20.897635+05:30,2026-09-21 13:42:20.897635+05:30
324,2026-06-27,present,47,,,,36,7384,2026-09-21 13:42:20.897635+05:30,2026-09-21 13:42:20.897635+05:30
324,2026-06-29,present,47,,,,36,7385,2026-09-21 13:42:20.897635+05:30,2026-09-21 13:42:20.897635+05:30
324,2026-06-30,present,47,,,,36,7386,2026-09-21 13:42:20.897635+05:30,2026-09-21 13:42:20.897635+05:30
324,2026-07-01,present,47,,,,36,7387,2026-09-21 13:42:20.897635+05:30,2026-09-21 13:42:20.897635+05:30
324,2026-07-02,present,47,,,,36,7388,2026-09-21 13:42:20.897635+05:30,2026-09-21 13:42:20.897635+05:30
324,2026-07-03,present,47,,,,36,7389,2026-09-21 13:42:20.897635+05:30,2026-09-21 13:42:20.897635+05:30
324,2026-07-04,present,47,,,,36,7390,2026-09-21 13:42:20.897635+05:30,2026-09-21 13:42:20.897635+05:30
324,2026-07-06,present,47,,,,36,7391,2026-09-21 13:42:20.897635+05:30,2026-09-21 13:42:20.897635+05:30
324,2026-07-07,present,47,,,,36,7392,2026-09-21 13:42:20.897635+05:30,2026-09-21 13:42:20.897635+05:30
324,2026-07-08,present,47,,,,36,7393,2026-09-21 13:42:20.897635+05:30,2026-09-21 13:42:20.897635+05:30
324,2026-07-09,present,47,,,,36,7394,2026-09-21 13:42:20.897635+05:30,2026-09-21 13:42:20.897635+05:30
324,2026-07-10,present,47,,,,36,7395,2026-09-21 13:42:20.897635+05:30,2026-09-21 13:42:20.897635+05:30
324,2026-07-11,leave,47,,,,36,7396,2026-09-21 13:42:20.897635+05:30,2026-09-21 13:42:20.897635+05:30
324,2026-07-13,present,47,,,,36,7397,2026-09-21 13:42:20.897635+05:30,2026-09-21 13:42:20.897635+05:30
324,2026-07-14,present,47,,,,36,7398,2026-09-21 13:42:20.897635+05:30,2026-09-21 13:42:20.897635+05:30
324,2026-07-15,present,47,,,,36,7399,2026-09-21 13:42:20.897635+05:30,2026-09-21 13:42:20.897635+05:30
324,2026-07-16,present,47,,,,36,7400,2026-09-21 13:42:20.897635+05:30,2026-09-21 13:42:20.897635+05:30
324,2026-07-17,present,47,,,,36,7401,2026-09-21 13:42:20.897635+05:30,2026-09-21 13:42:20.897635+05:30
324,2026-07-18,present,47,,,,36,7402,2026-09-21 13:42:20.897635+05:30,2026-09-21 13:42:20.897635+05:30
324,2026-07-20,present,47,,,,36,7403,2026-09-21 13:42:20.897635+05:30,2026-09-21 13:42:20.897635+05:30
324,2026-07-21,absent,47,,,,36,7404,2026-09-21 13:42:20.897635+05:30,2026-09-21 13:42:20.897635+05:30
324,2026-07-22,present,47,,,,36,7405,2026-09-21 13:42:20.897635+05:30,2026-09-21 13:42:20.897635+05:30
324,2026-07-24,present,47,,,,36,7406,2026-09-21 13:42:20.897635+05:30,2026-09-21 13:42:20.897635+05:30
324,2026-07-25,present,47,,,,36,7407,2026-09-21 13:42:20.897635+05:30,2026-09-21 13:42:20.897635+05:30
324,2026-07-27,present,47,,,,36,7408,2026-09-21 13:42:20.897635+05:30,2026-09-21 13:42:20.897635+05:30
324,2026-07-28,present,47,,,,36,7409,2026-09-21 13:42:20.897635+05:30,2026-09-21 13:42:20.897635+05:30
324,2026-07-29,present,47,,,,36,7410,2026-09-21 13:42:20.897635+05:30,2026-09-21 13:42:20.897635+05:30
324,2026-07-30,absent,47,,,,36,7411,2026-09-21 13:42:20.897635+05:30,2026-09-21 13:42:20.897635+05:30
324,2026-07-31,present,47,,,,36,7412,2026-09-21 13:42:20.897635+05:30,2026-09-21 13:42:20.897635+05:30
324,2026-08-01,present,47,,,,36,7413,2026-09-21 13:42:20.897635+05:30,2026-09-21 13:42:20.897635+05:30
324,2026-08-03,present,47,,,,36,7414,2026-09-21 13:42:20.897635+05:30,2026-09-21 13:42:20.897635+05:30
324,2026-08-04,present,47,,,,36,7415,2026-09-21 13:42:20.897635+05:30,2026-09-21 13:42:20.897635+05:30
324,2026-08-05,present,47,,,,36,7416,2026-09-21 13:42:20.897635+05:30,2026-09-21 13:42:20.897635+05:30
324,2026-08-06,present,47,,,,36,7417,2026-09-21 13:42:20.897635+05:30,2026-09-21 13:42:20.897635+05:30
324,2026-08-07,present,47,,,,36,7418,2026-09-21 13:42:20.897635+05:30,2026-09-21 13:42:20.897635+05:30
324,2026-08-08,absent,47,,,,36,7419,2026-09-21 13:42:20.897635+05:30,2026-09-21 13:42:20.897635+05:30
324,2026-08-10,present,47,,,,36,7420,2026-09-21 13:42:20.897635+05:30,2026-09-21 13:42:20.897635+05:30
324,2026-08-12,present,47,,,,36,7421,2026-09-21 13:42:20.897635+05:30,2026-09-21 13:42:20.897635+05:30
324,2026-08-13,present,47,,,,36,7422,2026-09-21 13:42:20.897635+05:30,2026-09-21 13:42:20.897635+05:30
324,2026-08-14,present,47,,,,36,7423,2026-09-21 13:42:20.897635+05:30,2026-09-21 13:42:20.897635+05:30
324,2026-08-15,present,47,,,,36,7424,2026-09-21 13:42:20.897635+05:30,2026-09-21 13:42:20.897635+05:30
324,2026-08-17,absent,47,,,,36,7425,2026-09-21 13:42:20.897635+05:30,2026-09-21 13:42:20.897635+05:30
324,2026-08-18,present,47,,,,36,7426,2026-09-21 13:42:20.897635+05:30,2026-09-21 13:42:20.897635+05:30
324,2026-08-19,present,47,,,,36,7427,2026-09-21 13:42:20.897635+05:30,2026-09-21 13:42:20.897635+05:30
324,2026-08-20,absent,47,,,,36,7428,2026-09-21 13:42:20.897635+05:30,2026-09-21 13:42:20.897635+05:30
324,2026-08-21,present,47,,,,36,7429,2026-09-21 13:42:20.897635+05:30,2026-09-21 13:42:20.897635+05:30
324,2026-08-22,present,47,,,,36,7430,2026-09-21 13:42:20.897635+05:30,2026-09-21 13:42:20.897635+05:30
324,2026-08-24,present,47,,,,36,7431,2026-09-21 13:42:20.897635+05:30,2026-09-21 13:42:20.897635+05:30
324,2026-08-25,present,47,,,,36,7432,2026-09-21 13:42:20.897635+05:30,2026-09-21 13:42:20.897635+05:30
324,2026-08-26,present,47,,,,36,7433,2026-09-21 13:42:20.897635+05:30,2026-09-21 13:42:20.897635+05:30
324,2026-08-27,present,47,,,,36,7434,2026-09-21 13:42:20.897635+05:30,2026-09-21 13:42:20.897635+05:30
324,2026-08-28,present,47,,,,36,7435,2026-09-21 13:42:20.897635+05:30,2026-09-21 13:42:20.897635+05:30
324,2026-08-29,present,47,,,,36,7436,2026-09-21 13:42:20.897635+05:30,2026-09-21 13:42:20.897635+05:30
324,2026-08-31,present,47,,,,36,7437,2026-09-21 13:42:20.897635+05:30,2026-09-21 13:42:20.897635+05:30
324,2026-09-01,present,47,,,,36,7438,2026-09-21 13:42:20.897635+05:30,2026-09-21 13:42:20.897635+05:30
325,2026-06-24,present,47,,,,36,7439,2026-09-21 13:42:20.897635+05:30,2026-09-21 13:42:20.897635+05:30
325,2026-06-25,present,47,,,,36,7440,2026-09-21 13:42:20.897635+05:30,2026-09-21 13:42:20.897635+05:30
325,2026-06-26,present,47,,,,36,7441,2026-09-21 13:42:20.897635+05:30,2026-09-21 13:42:20.897635+05:30
325,2026-06-27,present,47,,,,36,7442,2026-09-21 13:42:20.897635+05:30,2026-09-21 13:42:20.897635+05:30
325,2026-06-29,present,47,,,,36,7443,2026-09-21 13:42:20.897635+05:30,2026-09-21 13:42:20.897635+05:30
325,2026-06-30,present,47,,,,36,7444,2026-09-21 13:42:20.897635+05:30,2026-09-21 13:42:20.897635+05:30
325,2026-07-01,present,47,,,,36,7445,2026-09-21 13:42:20.897635+05:30,2026-09-21 13:42:20.897635+05:30
325,2026-07-02,present,47,,,,36,7446,2026-09-21 13:42:20.897635+05:30,2026-09-21 13:42:20.897635+05:30
325,2026-07-03,present,47,,,,36,7447,2026-09-21 13:42:20.897635+05:30,2026-09-21 13:42:20.897635+05:30
325,2026-07-04,present,47,,,,36,7448,2026-09-21 13:42:20.897635+05:30,2026-09-21 13:42:20.897635+05:30
325,2026-07-06,present,47,,,,36,7449,2026-09-21 13:42:20.897635+05:30,2026-09-21 13:42:20.897635+05:30
325,2026-07-07,present,47,,,,36,7450,2026-09-21 13:42:20.897635+05:30,2026-09-21 13:42:20.897635+05:30
325,2026-07-08,present,47,,,,36,7451,2026-09-21 13:42:20.897635+05:30,2026-09-21 13:42:20.897635+05:30
325,2026-07-09,present,47,,,,36,7452,2026-09-21 13:42:20.897635+05:30,2026-09-21 13:42:20.897635+05:30
325,2026-07-10,present,47,,,,36,7453,2026-09-21 13:42:20.897635+05:30,2026-09-21 13:42:20.897635+05:30
325,2026-07-11,present,47,,,,36,7454,2026-09-21 13:42:20.897635+05:30,2026-09-21 13:42:20.897635+05:30
325,2026-07-13,present,47,,,,36,7455,2026-09-21 13:42:20.897635+05:30,2026-09-21 13:42:20.897635+05:30
325,2026-07-14,present,47,,,,36,7456,2026-09-21 13:42:20.897635+05:30,2026-09-21 13:42:20.897635+05:30
325,2026-07-15,present,47,,,,36,7457,2026-09-21 13:42:20.897635+05:30,2026-09-21 13:42:20.897635+05:30
325,2026-07-16,present,47,,,,36,7458,2026-09-21 13:42:20.897635+05:30,2026-09-21 13:42:20.897635+05:30
325,2026-07-17,present,47,,,,36,7459,2026-09-21 13:42:20.897635+05:30,2026-09-21 13:42:20.897635+05:30
325,2026-07-18,present,47,,,,36,7460,2026-09-21 13:42:20.897635+05:30,2026-09-21 13:42:20.897635+05:30
325,2026-07-20,present,47,,,,36,7461,2026-09-21 13:42:20.897635+05:30,2026-09-21 13:42:20.897635+05:30
325,2026-07-21,present,47,,,,36,7462,2026-09-21 13:42:20.897635+05:30,2026-09-21 13:42:20.897635+05:30
325,2026-07-22,present,47,,,,36,7463,2026-09-21 13:42:20.897635+05:30,2026-09-21 13:42:20.897635+05:30
325,2026-07-24,leave,47,,,,36,7464,2026-09-21 13:42:20.897635+05:30,2026-09-21 13:42:20.897635+05:30
325,2026-07-25,present,47,,,,36,7465,2026-09-21 13:42:20.897635+05:30,2026-09-21 13:42:20.897635+05:30
325,2026-07-27,present,47,,,,36,7466,2026-09-21 13:42:20.897635+05:30,2026-09-21 13:42:20.897635+05:30
325,2026-07-28,present,47,,,,36,7467,2026-09-21 13:42:20.897635+05:30,2026-09-21 13:42:20.897635+05:30
325,2026-07-29,present,47,,,,36,7468,2026-09-21 13:42:20.897635+05:30,2026-09-21 13:42:20.897635+05:30
325,2026-07-30,present,47,,,,36,7469,2026-09-21 13:42:20.897635+05:30,2026-09-21 13:42:20.897635+05:30
325,2026-07-31,present,47,,,,36,7470,2026-09-21 13:42:20.897635+05:30,2026-09-21 13:42:20.897635+05:30
325,2026-08-01,present,47,,,,36,7471,2026-09-21 13:42:20.897635+05:30,2026-09-21 13:42:20.897635+05:30
325,2026-08-03,present,47,,,,36,7472,2026-09-21 13:42:20.897635+05:30,2026-09-21 13:42:20.897635+05:30
325,2026-08-04,present,47,,,,36,7473,2026-09-21 13:42:20.897635+05:30,2026-09-21 13:42:20.897635+05:30
325,2026-08-05,present,47,,,,36,7474,2026-09-21 13:42:20.897635+05:30,2026-09-21 13:42:20.897635+05:30
325,2026-08-06,present,47,,,,36,7475,2026-09-21 13:42:20.897635+05:30,2026-09-21 13:42:20.897635+05:30
325,2026-08-07,present,47,,,,36,7476,2026-09-21 13:42:20.897635+05:30,2026-09-21 13:42:20.897635+05:30
325,2026-08-08,present,47,,,,36,7477,2026-09-21 13:42:20.897635+05:30,2026-09-21 13:42:20.897635+05:30
325,2026-08-10,present,47,,,,36,7478,2026-09-21 13:42:20.897635+05:30,2026-09-21 13:42:20.897635+05:30
325,2026-08-12,present,47,,,,36,7479,2026-09-21 13:42:20.897635+05:30,2026-09-21 13:42:20.897635+05:30
325,2026-08-13,present,47,,,,36,7480,2026-09-21 13:42:20.897635+05:30,2026-09-21 13:42:20.897635+05:30
325,2026-08-14,present,47,,,,36,7481,2026-09-21 13:42:20.897635+05:30,2026-09-21 13:42:20.897635+05:30
325,2026-08-15,present,47,,,,36,7482,2026-09-21 13:42:20.897635+05:30,2026-09-21 13:42:20.897635+05:30
325,2026-08-17,present,47,,,,36,7483,2026-09-21 13:42:20.897635+05:30,2026-09-21 13:42:20.897635+05:30
325,2026-08-18,present,47,,,,36,7484,2026-09-21 13:42:20.897635+05:30,2026-09-21 13:42:20.897635+05:30
325,2026-08-19,present,47,,,,36,7485,2026-09-21 13:42:20.897635+05:30,2026-09-21 13:42:20.897635+05:30
325,2026-08-20,present,47,,,,36,7486,2026-09-21 13:42:20.897635+05:30,2026-09-21 13:42:20.897635+05:30
325,2026-08-21,present,47,,,,36,7487,2026-09-21 13:42:20.897635+05:30,2026-09-21 13:42:20.897635+05:30
325,2026-08-22,present,47,,,,36,7488,2026-09-21 13:42:20.897635+05:30,2026-09-21 13:42:20.897635+05:30
325,2026-08-24,present,47,,,,36,7489,2026-09-21 13:42:20.897635+05:30,2026-09-21 13:42:20.897635+05:30
325,2026-08-25,present,47,,,,36,7490,2026-09-21 13:42:20.897635+05:30,2026-09-21 13:42:20.897635+05:30
325,2026-08-26,present,47,,,,36,7491,2026-09-21 13:42:20.897635+05:30,2026-09-21 13:42:20.897635+05:30
325,2026-08-27,present,47,,,,36,7492,2026-09-21 13:42:20.897635+05:30,2026-09-21 13:42:20.897635+05:30
325,2026-08-28,present,47,,,,36,7493,2026-09-21 13:42:20.897635+05:30,2026-09-21 13:42:20.897635+05:30
325,2026-08-29,present,47,,,,36,7494,2026-09-21 13:42:20.897635+05:30,2026-09-21 13:42:20.897635+05:30
325,2026-08-31,present,47,,,,36,7495,2026-09-21 13:42:20.897635+05:30,2026-09-21 13:42:20.897635+05:30
325,2026-09-01,present,47,,,,36,7496,2026-09-21 13:42:20.897635+05:30,2026-09-21 13:42:20.897635+05:30
326,2026-06-24,present,47,,,,36,7497,2026-09-21 13:42:20.897635+05:30,2026-09-21 13:42:20.897635+05:30
326,2026-06-25,present,47,,,,36,7498,2026-09-21 13:42:20.897635+05:30,2026-09-21 13:42:20.897635+05:30
326,2026-06-26,present,47,,,,36,7499,2026-09-21 13:42:20.897635+05:30,2026-09-21 13:42:20.897635+05:30
326,2026-06-27,present,47,,,,36,7500,2026-09-21 13:42:20.897635+05:30,2026-09-21 13:42:20.897635+05:30
326,2026-06-29,present,47,,,,36,7501,2026-09-21 13:42:20.897635+05:30,2026-09-21 13:42:20.897635+05:30
326,2026-06-30,present,47,,,,36,7502,2026-09-21 13:42:20.897635+05:30,2026-09-21 13:42:20.897635+05:30
326,2026-07-01,present,47,,,,36,7503,2026-09-21 13:42:20.897635+05:30,2026-09-21 13:42:20.897635+05:30
326,2026-07-02,present,47,,,,36,7504,2026-09-21 13:42:20.897635+05:30,2026-09-21 13:42:20.897635+05:30
326,2026-07-03,present,47,,,,36,7505,2026-09-21 13:42:20.897635+05:30,2026-09-21 13:42:20.897635+05:30
326,2026-07-04,present,47,,,,36,7506,2026-09-21 13:42:20.897635+05:30,2026-09-21 13:42:20.897635+05:30
326,2026-07-06,present,47,,,,36,7507,2026-09-21 13:42:20.897635+05:30,2026-09-21 13:42:20.897635+05:30
326,2026-07-07,present,47,,,,36,7508,2026-09-21 13:42:20.897635+05:30,2026-09-21 13:42:20.897635+05:30
326,2026-07-08,present,47,,,,36,7509,2026-09-21 13:42:20.897635+05:30,2026-09-21 13:42:20.897635+05:30
326,2026-07-09,present,47,,,,36,7510,2026-09-21 13:42:20.897635+05:30,2026-09-21 13:42:20.897635+05:30
326,2026-07-10,present,47,,,,36,7511,2026-09-21 13:42:20.897635+05:30,2026-09-21 13:42:20.897635+05:30
326,2026-07-11,present,47,,,,36,7512,2026-09-21 13:42:20.897635+05:30,2026-09-21 13:42:20.897635+05:30
326,2026-07-13,present,47,,,,36,7513,2026-09-21 13:42:20.897635+05:30,2026-09-21 13:42:20.897635+05:30
326,2026-07-14,present,47,,,,36,7514,2026-09-21 13:42:20.897635+05:30,2026-09-21 13:42:20.897635+05:30
326,2026-07-15,present,47,,,,36,7515,2026-09-21 13:42:20.897635+05:30,2026-09-21 13:42:20.897635+05:30
326,2026-07-16,present,47,,,,36,7516,2026-09-21 13:42:20.897635+05:30,2026-09-21 13:42:20.897635+05:30
326,2026-07-17,leave,47,,,,36,7517,2026-09-21 13:42:20.897635+05:30,2026-09-21 13:42:20.897635+05:30
326,2026-07-18,present,47,,,,36,7518,2026-09-21 13:42:20.897635+05:30,2026-09-21 13:42:20.897635+05:30
326,2026-07-20,absent,47,,,,36,7519,2026-09-21 13:42:20.897635+05:30,2026-09-21 13:42:20.897635+05:30
326,2026-07-21,present,47,,,,36,7520,2026-09-21 13:42:20.897635+05:30,2026-09-21 13:42:20.897635+05:30
326,2026-07-22,present,47,,,,36,7521,2026-09-21 13:42:20.897635+05:30,2026-09-21 13:42:20.897635+05:30
326,2026-07-24,present,47,,,,36,7522,2026-09-21 13:42:20.897635+05:30,2026-09-21 13:42:20.897635+05:30
326,2026-07-25,present,47,,,,36,7523,2026-09-21 13:42:20.897635+05:30,2026-09-21 13:42:20.897635+05:30
326,2026-07-27,present,47,,,,36,7524,2026-09-21 13:42:20.897635+05:30,2026-09-21 13:42:20.897635+05:30
326,2026-07-28,present,47,,,,36,7525,2026-09-21 13:42:20.897635+05:30,2026-09-21 13:42:20.897635+05:30
326,2026-07-29,present,47,,,,36,7526,2026-09-21 13:42:20.897635+05:30,2026-09-21 13:42:20.897635+05:30
326,2026-07-30,present,47,,,,36,7527,2026-09-21 13:42:20.897635+05:30,2026-09-21 13:42:20.897635+05:30
326,2026-07-31,present,47,,,,36,7528,2026-09-21 13:42:20.897635+05:30,2026-09-21 13:42:20.897635+05:30
326,2026-08-01,present,47,,,,36,7529,2026-09-21 13:42:20.897635+05:30,2026-09-21 13:42:20.897635+05:30
326,2026-08-03,present,47,,,,36,7530,2026-09-21 13:42:20.897635+05:30,2026-09-21 13:42:20.897635+05:30
326,2026-08-04,present,47,,,,36,7531,2026-09-21 13:42:20.897635+05:30,2026-09-21 13:42:20.897635+05:30
326,2026-08-05,present,47,,,,36,7532,2026-09-21 13:42:20.897635+05:30,2026-09-21 13:42:20.897635+05:30
326,2026-08-06,present,47,,,,36,7533,2026-09-21 13:42:20.897635+05:30,2026-09-21 13:42:20.897635+05:30
326,2026-08-07,present,47,,,,36,7534,2026-09-21 13:42:20.897635+05:30,2026-09-21 13:42:20.897635+05:30
326,2026-08-08,present,47,,,,36,7535,2026-09-21 13:42:20.897635+05:30,2026-09-21 13:42:20.897635+05:30
326,2026-08-10,present,47,,,,36,7536,2026-09-21 13:42:20.897635+05:30,2026-09-21 13:42:20.897635+05:30
326,2026-08-12,present,47,,,,36,7537,2026-09-21 13:42:20.897635+05:30,2026-09-21 13:42:20.897635+05:30
326,2026-08-13,present,47,,,,36,7538,2026-09-21 13:42:20.897635+05:30,2026-09-21 13:42:20.897635+05:30
326,2026-08-14,present,47,,,,36,7539,2026-09-21 13:42:20.897635+05:30,2026-09-21 13:42:20.897635+05:30
326,2026-08-15,leave,47,,,,36,7540,2026-09-21 13:42:20.897635+05:30,2026-09-21 13:42:20.897635+05:30
326,2026-08-17,present,47,,,,36,7541,2026-09-21 13:42:20.897635+05:30,2026-09-21 13:42:20.897635+05:30
326,2026-08-18,present,47,,,,36,7542,2026-09-21 13:42:20.897635+05:30,2026-09-21 13:42:20.897635+05:30
326,2026-08-19,present,47,,,,36,7543,2026-09-21 13:42:20.897635+05:30,2026-09-21 13:42:20.897635+05:30
326,2026-08-20,present,47,,,,36,7544,2026-09-21 13:42:20.897635+05:30,2026-09-21 13:42:20.897635+05:30
326,2026-08-21,present,47,,,,36,7545,2026-09-21 13:42:20.897635+05:30,2026-09-21 13:42:20.897635+05:30
326,2026-08-22,present,47,,,,36,7546,2026-09-21 13:42:20.897635+05:30,2026-09-21 13:42:20.897635+05:30
326,2026-08-24,present,47,,,,36,7547,2026-09-21 13:42:20.897635+05:30,2026-09-21 13:42:20.897635+05:30
326,2026-08-25,present,47,,,,36,7548,2026-09-21 13:42:20.897635+05:30,2026-09-21 13:42:20.897635+05:30
326,2026-08-26,present,47,,,,36,7549,2026-09-21 13:42:20.897635+05:30,2026-09-21 13:42:20.897635+05:30
326,2026-08-27,present,47,,,,36,7550,2026-09-21 13:42:20.897635+05:30,2026-09-21 13:42:20.897635+05:30
326,2026-08-28,present,47,,,,36,7551,2026-09-21 13:42:20.897635+05:30,2026-09-21 13:42:20.897635+05:30
326,2026-08-29,present,47,,,,36,7552,2026-09-21 13:42:20.897635+05:30,2026-09-21 13:42:20.897635+05:30
326,2026-08-31,present,47,,,,36,7553,2026-09-21 13:42:20.897635+05:30,2026-09-21 13:42:20.897635+05:30
326,2026-09-01,present,47,,,,36,7554,2026-09-21 13:42:20.897635+05:30,2026-09-21 13:42:20.897635+05:30
327,2026-06-24,present,47,,,,36,7555,2026-09-21 13:42:20.897635+05:30,2026-09-21 13:42:20.897635+05:30
327,2026-06-25,present,47,,,,36,7556,2026-09-21 13:42:20.897635+05:30,2026-09-21 13:42:20.897635+05:30
327,2026-06-26,present,47,,,,36,7557,2026-09-21 13:42:20.897635+05:30,2026-09-21 13:42:20.897635+05:30
327,2026-06-27,present,47,,,,36,7558,2026-09-21 13:42:20.897635+05:30,2026-09-21 13:42:20.897635+05:30
327,2026-06-29,present,47,,,,36,7559,2026-09-21 13:42:20.897635+05:30,2026-09-21 13:42:20.897635+05:30
327,2026-06-30,present,47,,,,36,7560,2026-09-21 13:42:20.897635+05:30,2026-09-21 13:42:20.897635+05:30
327,2026-07-01,present,47,,,,36,7561,2026-09-21 13:42:20.897635+05:30,2026-09-21 13:42:20.897635+05:30
327,2026-07-02,present,47,,,,36,7562,2026-09-21 13:42:20.897635+05:30,2026-09-21 13:42:20.897635+05:30
327,2026-07-03,present,47,,,,36,7563,2026-09-21 13:42:20.897635+05:30,2026-09-21 13:42:20.897635+05:30
327,2026-07-04,present,47,,,,36,7564,2026-09-21 13:42:20.897635+05:30,2026-09-21 13:42:20.897635+05:30
327,2026-07-06,present,47,,,,36,7565,2026-09-21 13:42:20.897635+05:30,2026-09-21 13:42:20.897635+05:30
327,2026-07-07,present,47,,,,36,7566,2026-09-21 13:42:20.897635+05:30,2026-09-21 13:42:20.897635+05:30
327,2026-07-08,present,47,,,,36,7567,2026-09-21 13:42:20.897635+05:30,2026-09-21 13:42:20.897635+05:30
327,2026-07-09,present,47,,,,36,7568,2026-09-21 13:42:20.897635+05:30,2026-09-21 13:42:20.897635+05:30
327,2026-07-10,present,47,,,,36,7569,2026-09-21 13:42:20.897635+05:30,2026-09-21 13:42:20.897635+05:30
327,2026-07-11,present,47,,,,36,7570,2026-09-21 13:42:20.897635+05:30,2026-09-21 13:42:20.897635+05:30
327,2026-07-13,present,47,,,,36,7571,2026-09-21 13:42:20.897635+05:30,2026-09-21 13:42:20.897635+05:30
327,2026-07-14,present,47,,,,36,7572,2026-09-21 13:42:20.897635+05:30,2026-09-21 13:42:20.897635+05:30
327,2026-07-15,present,47,,,,36,7573,2026-09-21 13:42:20.897635+05:30,2026-09-21 13:42:20.897635+05:30
327,2026-07-16,present,47,,,,36,7574,2026-09-21 13:42:20.897635+05:30,2026-09-21 13:42:20.897635+05:30
327,2026-07-17,present,47,,,,36,7575,2026-09-21 13:42:20.897635+05:30,2026-09-21 13:42:20.897635+05:30
327,2026-07-18,present,47,,,,36,7576,2026-09-21 13:42:20.897635+05:30,2026-09-21 13:42:20.897635+05:30
327,2026-07-20,present,47,,,,36,7577,2026-09-21 13:42:20.897635+05:30,2026-09-21 13:42:20.897635+05:30
327,2026-07-21,present,47,,,,36,7578,2026-09-21 13:42:20.897635+05:30,2026-09-21 13:42:20.897635+05:30
327,2026-07-22,present,47,,,,36,7579,2026-09-21 13:42:20.897635+05:30,2026-09-21 13:42:20.897635+05:30
327,2026-07-24,present,47,,,,36,7580,2026-09-21 13:42:20.897635+05:30,2026-09-21 13:42:20.897635+05:30
327,2026-07-25,present,47,,,,36,7581,2026-09-21 13:42:20.897635+05:30,2026-09-21 13:42:20.897635+05:30
327,2026-07-27,present,47,,,,36,7582,2026-09-21 13:42:20.897635+05:30,2026-09-21 13:42:20.897635+05:30
327,2026-07-28,present,47,,,,36,7583,2026-09-21 13:42:20.897635+05:30,2026-09-21 13:42:20.897635+05:30
327,2026-07-29,present,47,,,,36,7584,2026-09-21 13:42:20.897635+05:30,2026-09-21 13:42:20.897635+05:30
327,2026-07-30,present,47,,,,36,7585,2026-09-21 13:42:20.897635+05:30,2026-09-21 13:42:20.897635+05:30
327,2026-07-31,present,47,,,,36,7586,2026-09-21 13:42:20.897635+05:30,2026-09-21 13:42:20.897635+05:30
327,2026-08-01,present,47,,,,36,7587,2026-09-21 13:42:20.897635+05:30,2026-09-21 13:42:20.897635+05:30
327,2026-08-03,absent,47,,,,36,7588,2026-09-21 13:42:20.897635+05:30,2026-09-21 13:42:20.897635+05:30
327,2026-08-04,present,47,,,,36,7589,2026-09-21 13:42:20.897635+05:30,2026-09-21 13:42:20.897635+05:30
327,2026-08-05,present,47,,,,36,7590,2026-09-21 13:42:20.897635+05:30,2026-09-21 13:42:20.897635+05:30
327,2026-08-06,present,47,,,,36,7591,2026-09-21 13:42:20.897635+05:30,2026-09-21 13:42:20.897635+05:30
327,2026-08-07,present,47,,,,36,7592,2026-09-21 13:42:20.897635+05:30,2026-09-21 13:42:20.897635+05:30
327,2026-08-08,absent,47,,,,36,7593,2026-09-21 13:42:20.897635+05:30,2026-09-21 13:42:20.897635+05:30
327,2026-08-10,present,47,,,,36,7594,2026-09-21 13:42:20.897635+05:30,2026-09-21 13:42:20.897635+05:30
327,2026-08-12,present,47,,,,36,7595,2026-09-21 13:42:20.897635+05:30,2026-09-21 13:42:20.897635+05:30
327,2026-08-13,present,47,,,,36,7596,2026-09-21 13:42:20.897635+05:30,2026-09-21 13:42:20.897635+05:30
327,2026-08-14,present,47,,,,36,7597,2026-09-21 13:42:20.897635+05:30,2026-09-21 13:42:20.897635+05:30
327,2026-08-15,present,47,,,,36,7598,2026-09-21 13:42:20.897635+05:30,2026-09-21 13:42:20.897635+05:30
327,2026-08-17,present,47,,,,36,7599,2026-09-21 13:42:20.897635+05:30,2026-09-21 13:42:20.897635+05:30
327,2026-08-18,present,47,,,,36,7600,2026-09-21 13:42:20.897635+05:30,2026-09-21 13:42:20.897635+05:30
327,2026-08-19,present,47,,,,36,7601,2026-09-21 13:42:20.897635+05:30,2026-09-21 13:42:20.897635+05:30
327,2026-08-20,present,47,,,,36,7602,2026-09-21 13:42:20.897635+05:30,2026-09-21 13:42:20.897635+05:30
327,2026-08-21,present,47,,,,36,7603,2026-09-21 13:42:20.897635+05:30,2026-09-21 13:42:20.897635+05:30
327,2026-08-22,present,47,,,,36,7604,2026-09-21 13:42:20.897635+05:30,2026-09-21 13:42:20.897635+05:30
327,2026-08-24,present,47,,,,36,7605,2026-09-21 13:42:20.897635+05:30,2026-09-21 13:42:20.897635+05:30
327,2026-08-25,present,47,,,,36,7606,2026-09-21 13:42:20.897635+05:30,2026-09-21 13:42:20.897635+05:30
327,2026-08-26,present,47,,,,36,7607,2026-09-21 13:42:20.897635+05:30,2026-09-21 13:42:20.897635+05:30
327,2026-08-27,absent,47,,,,36,7608,2026-09-21 13:42:20.897635+05:30,2026-09-21 13:42:20.897635+05:30
327,2026-08-28,present,47,,,,36,7609,2026-09-21 13:42:20.897635+05:30,2026-09-21 13:42:20.897635+05:30
327,2026-08-29,absent,47,,,,36,7610,2026-09-21 13:42:20.897635+05:30,2026-09-21 13:42:20.897635+05:30
327,2026-08-31,present,47,,,,36,7611,2026-09-21 13:42:20.897635+05:30,2026-09-21 13:42:20.897635+05:30
327,2026-09-01,present,47,,,,36,7612,2026-09-21 13:42:20.897635+05:30,2026-09-21 13:42:20.897635+05:30
328,2026-06-24,present,48,,,,36,7613,2026-09-21 13:42:20.897635+05:30,2026-09-21 13:42:20.897635+05:30
328,2026-06-25,present,48,,,,36,7614,2026-09-21 13:42:20.897635+05:30,2026-09-21 13:42:20.897635+05:30
328,2026-06-26,present,48,,,,36,7615,2026-09-21 13:42:20.897635+05:30,2026-09-21 13:42:20.897635+05:30
328,2026-06-27,present,48,,,,36,7616,2026-09-21 13:42:20.897635+05:30,2026-09-21 13:42:20.897635+05:30
328,2026-06-29,present,48,,,,36,7617,2026-09-21 13:42:20.897635+05:30,2026-09-21 13:42:20.897635+05:30
328,2026-06-30,present,48,,,,36,7618,2026-09-21 13:42:20.897635+05:30,2026-09-21 13:42:20.897635+05:30
328,2026-07-01,absent,48,,,,36,7619,2026-09-21 13:42:20.897635+05:30,2026-09-21 13:42:20.897635+05:30
328,2026-07-02,present,48,,,,36,7620,2026-09-21 13:42:20.897635+05:30,2026-09-21 13:42:20.897635+05:30
328,2026-07-03,present,48,,,,36,7621,2026-09-21 13:42:20.897635+05:30,2026-09-21 13:42:20.897635+05:30
328,2026-07-04,present,48,,,,36,7622,2026-09-21 13:42:20.897635+05:30,2026-09-21 13:42:20.897635+05:30
328,2026-07-06,present,48,,,,36,7623,2026-09-21 13:42:20.897635+05:30,2026-09-21 13:42:20.897635+05:30
328,2026-07-07,present,48,,,,36,7624,2026-09-21 13:42:20.897635+05:30,2026-09-21 13:42:20.897635+05:30
328,2026-07-08,present,48,,,,36,7625,2026-09-21 13:42:20.897635+05:30,2026-09-21 13:42:20.897635+05:30
328,2026-07-09,present,48,,,,36,7626,2026-09-21 13:42:20.897635+05:30,2026-09-21 13:42:20.897635+05:30
328,2026-07-10,present,48,,,,36,7627,2026-09-21 13:42:20.897635+05:30,2026-09-21 13:42:20.897635+05:30
328,2026-07-11,present,48,,,,36,7628,2026-09-21 13:42:20.897635+05:30,2026-09-21 13:42:20.897635+05:30
328,2026-07-13,present,48,,,,36,7629,2026-09-21 13:42:20.897635+05:30,2026-09-21 13:42:20.897635+05:30
328,2026-07-14,present,48,,,,36,7630,2026-09-21 13:42:20.897635+05:30,2026-09-21 13:42:20.897635+05:30
328,2026-07-15,present,48,,,,36,7631,2026-09-21 13:42:20.897635+05:30,2026-09-21 13:42:20.897635+05:30
328,2026-07-16,present,48,,,,36,7632,2026-09-21 13:42:20.897635+05:30,2026-09-21 13:42:20.897635+05:30
328,2026-07-17,present,48,,,,36,7633,2026-09-21 13:42:20.897635+05:30,2026-09-21 13:42:20.897635+05:30
328,2026-07-18,present,48,,,,36,7634,2026-09-21 13:42:20.897635+05:30,2026-09-21 13:42:20.897635+05:30
328,2026-07-20,present,48,,,,36,7635,2026-09-21 13:42:20.897635+05:30,2026-09-21 13:42:20.897635+05:30
328,2026-07-21,present,48,,,,36,7636,2026-09-21 13:42:20.897635+05:30,2026-09-21 13:42:20.897635+05:30
328,2026-07-22,present,48,,,,36,7637,2026-09-21 13:42:20.897635+05:30,2026-09-21 13:42:20.897635+05:30
328,2026-07-24,present,48,,,,36,7638,2026-09-21 13:42:20.897635+05:30,2026-09-21 13:42:20.897635+05:30
328,2026-07-25,present,48,,,,36,7639,2026-09-21 13:42:20.897635+05:30,2026-09-21 13:42:20.897635+05:30
328,2026-07-27,present,48,,,,36,7640,2026-09-21 13:42:20.897635+05:30,2026-09-21 13:42:20.897635+05:30
328,2026-07-28,present,48,,,,36,7641,2026-09-21 13:42:20.897635+05:30,2026-09-21 13:42:20.897635+05:30
328,2026-07-29,present,48,,,,36,7642,2026-09-21 13:42:20.897635+05:30,2026-09-21 13:42:20.897635+05:30
328,2026-07-30,present,48,,,,36,7643,2026-09-21 13:42:20.897635+05:30,2026-09-21 13:42:20.897635+05:30
328,2026-07-31,present,48,,,,36,7644,2026-09-21 13:42:20.897635+05:30,2026-09-21 13:42:20.897635+05:30
328,2026-08-01,present,48,,,,36,7645,2026-09-21 13:42:20.897635+05:30,2026-09-21 13:42:20.897635+05:30
328,2026-08-03,present,48,,,,36,7646,2026-09-21 13:42:20.897635+05:30,2026-09-21 13:42:20.897635+05:30
328,2026-08-04,leave,48,,,,36,7647,2026-09-21 13:42:20.897635+05:30,2026-09-21 13:42:20.897635+05:30
328,2026-08-05,present,48,,,,36,7648,2026-09-21 13:42:20.897635+05:30,2026-09-21 13:42:20.897635+05:30
328,2026-08-06,leave,48,,,,36,7649,2026-09-21 13:42:20.897635+05:30,2026-09-21 13:42:20.897635+05:30
328,2026-08-07,present,48,,,,36,7650,2026-09-21 13:42:20.897635+05:30,2026-09-21 13:42:20.897635+05:30
328,2026-08-08,leave,48,,,,36,7651,2026-09-21 13:42:20.897635+05:30,2026-09-21 13:42:20.897635+05:30
328,2026-08-10,leave,48,,,,36,7652,2026-09-21 13:42:20.897635+05:30,2026-09-21 13:42:20.897635+05:30
328,2026-08-12,present,48,,,,36,7653,2026-09-21 13:42:20.897635+05:30,2026-09-21 13:42:20.897635+05:30
328,2026-08-13,present,48,,,,36,7654,2026-09-21 13:42:20.897635+05:30,2026-09-21 13:42:20.897635+05:30
328,2026-08-14,present,48,,,,36,7655,2026-09-21 13:42:20.897635+05:30,2026-09-21 13:42:20.897635+05:30
328,2026-08-15,leave,48,,,,36,7656,2026-09-21 13:42:20.897635+05:30,2026-09-21 13:42:20.897635+05:30
328,2026-08-17,present,48,,,,36,7657,2026-09-21 13:42:20.897635+05:30,2026-09-21 13:42:20.897635+05:30
328,2026-08-18,present,48,,,,36,7658,2026-09-21 13:42:20.897635+05:30,2026-09-21 13:42:20.897635+05:30
328,2026-08-19,present,48,,,,36,7659,2026-09-21 13:42:20.897635+05:30,2026-09-21 13:42:20.897635+05:30
328,2026-08-20,present,48,,,,36,7660,2026-09-21 13:42:20.897635+05:30,2026-09-21 13:42:20.897635+05:30
328,2026-08-21,present,48,,,,36,7661,2026-09-21 13:42:20.897635+05:30,2026-09-21 13:42:20.897635+05:30
328,2026-08-22,present,48,,,,36,7662,2026-09-21 13:42:20.897635+05:30,2026-09-21 13:42:20.897635+05:30
328,2026-08-24,present,48,,,,36,7663,2026-09-21 13:42:20.897635+05:30,2026-09-21 13:42:20.897635+05:30
328,2026-08-25,present,48,,,,36,7664,2026-09-21 13:42:20.897635+05:30,2026-09-21 13:42:20.897635+05:30
328,2026-08-26,present,48,,,,36,7665,2026-09-21 13:42:20.897635+05:30,2026-09-21 13:42:20.897635+05:30
328,2026-08-27,present,48,,,,36,7666,2026-09-21 13:42:20.897635+05:30,2026-09-21 13:42:20.897635+05:30
328,2026-08-28,present,48,,,,36,7667,2026-09-21 13:42:20.897635+05:30,2026-09-21 13:42:20.897635+05:30
328,2026-08-29,present,48,,,,36,7668,2026-09-21 13:42:20.897635+05:30,2026-09-21 13:42:20.897635+05:30
328,2026-08-31,present,48,,,,36,7669,2026-09-21 13:42:20.897635+05:30,2026-09-21 13:42:20.897635+05:30
328,2026-09-01,present,48,,,,36,7670,2026-09-21 13:42:20.897635+05:30,2026-09-21 13:42:20.897635+05:30
329,2026-06-24,present,48,,,,36,7671,2026-09-21 13:42:20.897635+05:30,2026-09-21 13:42:20.897635+05:30
329,2026-06-25,present,48,,,,36,7672,2026-09-21 13:42:20.897635+05:30,2026-09-21 13:42:20.897635+05:30
329,2026-06-26,present,48,,,,36,7673,2026-09-21 13:42:20.897635+05:30,2026-09-21 13:42:20.897635+05:30
329,2026-06-27,present,48,,,,36,7674,2026-09-21 13:42:20.897635+05:30,2026-09-21 13:42:20.897635+05:30
329,2026-06-29,present,48,,,,36,7675,2026-09-21 13:42:20.897635+05:30,2026-09-21 13:42:20.897635+05:30
329,2026-06-30,present,48,,,,36,7676,2026-09-21 13:42:20.897635+05:30,2026-09-21 13:42:20.897635+05:30
329,2026-07-01,present,48,,,,36,7677,2026-09-21 13:42:20.897635+05:30,2026-09-21 13:42:20.897635+05:30
329,2026-07-02,present,48,,,,36,7678,2026-09-21 13:42:20.897635+05:30,2026-09-21 13:42:20.897635+05:30
329,2026-07-03,leave,48,,,,36,7679,2026-09-21 13:42:20.897635+05:30,2026-09-21 13:42:20.897635+05:30
329,2026-07-04,present,48,,,,36,7680,2026-09-21 13:42:20.897635+05:30,2026-09-21 13:42:20.897635+05:30
329,2026-07-06,present,48,,,,36,7681,2026-09-21 13:42:20.897635+05:30,2026-09-21 13:42:20.897635+05:30
329,2026-07-07,present,48,,,,36,7682,2026-09-21 13:42:20.897635+05:30,2026-09-21 13:42:20.897635+05:30
329,2026-07-08,present,48,,,,36,7683,2026-09-21 13:42:20.897635+05:30,2026-09-21 13:42:20.897635+05:30
329,2026-07-09,present,48,,,,36,7684,2026-09-21 13:42:20.897635+05:30,2026-09-21 13:42:20.897635+05:30
329,2026-07-10,present,48,,,,36,7685,2026-09-21 13:42:20.897635+05:30,2026-09-21 13:42:20.897635+05:30
329,2026-07-11,present,48,,,,36,7686,2026-09-21 13:42:20.897635+05:30,2026-09-21 13:42:20.897635+05:30
329,2026-07-13,present,48,,,,36,7687,2026-09-21 13:42:20.897635+05:30,2026-09-21 13:42:20.897635+05:30
329,2026-07-14,present,48,,,,36,7688,2026-09-21 13:42:20.897635+05:30,2026-09-21 13:42:20.897635+05:30
329,2026-07-15,present,48,,,,36,7689,2026-09-21 13:42:20.897635+05:30,2026-09-21 13:42:20.897635+05:30
329,2026-07-16,present,48,,,,36,7690,2026-09-21 13:42:20.897635+05:30,2026-09-21 13:42:20.897635+05:30
329,2026-07-17,present,48,,,,36,7691,2026-09-21 13:42:20.897635+05:30,2026-09-21 13:42:20.897635+05:30
329,2026-07-18,present,48,,,,36,7692,2026-09-21 13:42:20.897635+05:30,2026-09-21 13:42:20.897635+05:30
329,2026-07-20,present,48,,,,36,7693,2026-09-21 13:42:20.897635+05:30,2026-09-21 13:42:20.897635+05:30
329,2026-07-21,present,48,,,,36,7694,2026-09-21 13:42:20.897635+05:30,2026-09-21 13:42:20.897635+05:30
329,2026-07-22,present,48,,,,36,7695,2026-09-21 13:42:20.897635+05:30,2026-09-21 13:42:20.897635+05:30
329,2026-07-24,present,48,,,,36,7696,2026-09-21 13:42:20.897635+05:30,2026-09-21 13:42:20.897635+05:30
329,2026-07-25,present,48,,,,36,7697,2026-09-21 13:42:20.897635+05:30,2026-09-21 13:42:20.897635+05:30
329,2026-07-27,present,48,,,,36,7698,2026-09-21 13:42:20.897635+05:30,2026-09-21 13:42:20.897635+05:30
329,2026-07-28,present,48,,,,36,7699,2026-09-21 13:42:20.897635+05:30,2026-09-21 13:42:20.897635+05:30
329,2026-07-29,present,48,,,,36,7700,2026-09-21 13:42:20.897635+05:30,2026-09-21 13:42:20.897635+05:30
329,2026-07-30,present,48,,,,36,7701,2026-09-21 13:42:20.897635+05:30,2026-09-21 13:42:20.897635+05:30
329,2026-07-31,present,48,,,,36,7702,2026-09-21 13:42:20.897635+05:30,2026-09-21 13:42:20.897635+05:30
329,2026-08-01,present,48,,,,36,7703,2026-09-21 13:42:20.897635+05:30,2026-09-21 13:42:20.897635+05:30
329,2026-08-03,present,48,,,,36,7704,2026-09-21 13:42:20.897635+05:30,2026-09-21 13:42:20.897635+05:30
329,2026-08-04,present,48,,,,36,7705,2026-09-21 13:42:20.897635+05:30,2026-09-21 13:42:20.897635+05:30
329,2026-08-05,present,48,,,,36,7706,2026-09-21 13:42:20.897635+05:30,2026-09-21 13:42:20.897635+05:30
329,2026-08-06,present,48,,,,36,7707,2026-09-21 13:42:20.897635+05:30,2026-09-21 13:42:20.897635+05:30
329,2026-08-07,absent,48,,,,36,7708,2026-09-21 13:42:20.897635+05:30,2026-09-21 13:42:20.897635+05:30
329,2026-08-08,present,48,,,,36,7709,2026-09-21 13:42:20.897635+05:30,2026-09-21 13:42:20.897635+05:30
329,2026-08-10,absent,48,,,,36,7710,2026-09-21 13:42:20.897635+05:30,2026-09-21 13:42:20.897635+05:30
329,2026-08-12,present,48,,,,36,7711,2026-09-21 13:42:20.897635+05:30,2026-09-21 13:42:20.897635+05:30
329,2026-08-13,present,48,,,,36,7712,2026-09-21 13:42:20.897635+05:30,2026-09-21 13:42:20.897635+05:30
329,2026-08-14,present,48,,,,36,7713,2026-09-21 13:42:20.897635+05:30,2026-09-21 13:42:20.897635+05:30
329,2026-08-15,present,48,,,,36,7714,2026-09-21 13:42:20.897635+05:30,2026-09-21 13:42:20.897635+05:30
329,2026-08-17,present,48,,,,36,7715,2026-09-21 13:42:20.897635+05:30,2026-09-21 13:42:20.897635+05:30
329,2026-08-18,present,48,,,,36,7716,2026-09-21 13:42:20.897635+05:30,2026-09-21 13:42:20.897635+05:30
329,2026-08-19,leave,48,,,,36,7717,2026-09-21 13:42:20.897635+05:30,2026-09-21 13:42:20.897635+05:30
329,2026-08-20,present,48,,,,36,7718,2026-09-21 13:42:20.897635+05:30,2026-09-21 13:42:20.897635+05:30
329,2026-08-21,present,48,,,,36,7719,2026-09-21 13:42:20.897635+05:30,2026-09-21 13:42:20.897635+05:30
329,2026-08-22,present,48,,,,36,7720,2026-09-21 13:42:20.897635+05:30,2026-09-21 13:42:20.897635+05:30
329,2026-08-24,present,48,,,,36,7721,2026-09-21 13:42:20.897635+05:30,2026-09-21 13:42:20.897635+05:30
329,2026-08-25,present,48,,,,36,7722,2026-09-21 13:42:20.897635+05:30,2026-09-21 13:42:20.897635+05:30
329,2026-08-26,present,48,,,,36,7723,2026-09-21 13:42:20.897635+05:30,2026-09-21 13:42:20.897635+05:30
329,2026-08-27,present,48,,,,36,7724,2026-09-21 13:42:20.897635+05:30,2026-09-21 13:42:20.897635+05:30
329,2026-08-28,present,48,,,,36,7725,2026-09-21 13:42:20.897635+05:30,2026-09-21 13:42:20.897635+05:30
329,2026-08-29,present,48,,,,36,7726,2026-09-21 13:42:20.897635+05:30,2026-09-21 13:42:20.897635+05:30
329,2026-08-31,leave,48,,,,36,7727,2026-09-21 13:42:20.897635+05:30,2026-09-21 13:42:20.897635+05:30
329,2026-09-01,present,48,,,,36,7728,2026-09-21 13:42:20.897635+05:30,2026-09-21 13:42:20.897635+05:30
330,2026-06-24,present,48,,,,36,7729,2026-09-21 13:42:20.897635+05:30,2026-09-21 13:42:20.897635+05:30
330,2026-06-25,present,48,,,,36,7730,2026-09-21 13:42:20.897635+05:30,2026-09-21 13:42:20.897635+05:30
330,2026-06-26,present,48,,,,36,7731,2026-09-21 13:42:20.897635+05:30,2026-09-21 13:42:20.897635+05:30
330,2026-06-27,present,48,,,,36,7732,2026-09-21 13:42:20.897635+05:30,2026-09-21 13:42:20.897635+05:30
330,2026-06-29,present,48,,,,36,7733,2026-09-21 13:42:20.897635+05:30,2026-09-21 13:42:20.897635+05:30
330,2026-06-30,absent,48,,,,36,7734,2026-09-21 13:42:20.897635+05:30,2026-09-21 13:42:20.897635+05:30
330,2026-07-01,present,48,,,,36,7735,2026-09-21 13:42:20.897635+05:30,2026-09-21 13:42:20.897635+05:30
330,2026-07-02,present,48,,,,36,7736,2026-09-21 13:42:20.897635+05:30,2026-09-21 13:42:20.897635+05:30
330,2026-07-03,present,48,,,,36,7737,2026-09-21 13:42:20.897635+05:30,2026-09-21 13:42:20.897635+05:30
330,2026-07-04,present,48,,,,36,7738,2026-09-21 13:42:20.897635+05:30,2026-09-21 13:42:20.897635+05:30
330,2026-07-06,present,48,,,,36,7739,2026-09-21 13:42:20.897635+05:30,2026-09-21 13:42:20.897635+05:30
330,2026-07-07,present,48,,,,36,7740,2026-09-21 13:42:20.897635+05:30,2026-09-21 13:42:20.897635+05:30
330,2026-07-08,present,48,,,,36,7741,2026-09-21 13:42:20.897635+05:30,2026-09-21 13:42:20.897635+05:30
330,2026-07-09,present,48,,,,36,7742,2026-09-21 13:42:20.897635+05:30,2026-09-21 13:42:20.897635+05:30
330,2026-07-10,present,48,,,,36,7743,2026-09-21 13:42:20.897635+05:30,2026-09-21 13:42:20.897635+05:30
330,2026-07-11,present,48,,,,36,7744,2026-09-21 13:42:20.897635+05:30,2026-09-21 13:42:20.897635+05:30
330,2026-07-13,present,48,,,,36,7745,2026-09-21 13:42:20.897635+05:30,2026-09-21 13:42:20.897635+05:30
330,2026-07-14,present,48,,,,36,7746,2026-09-21 13:42:20.897635+05:30,2026-09-21 13:42:20.897635+05:30
330,2026-07-15,absent,48,,,,36,7747,2026-09-21 13:42:20.897635+05:30,2026-09-21 13:42:20.897635+05:30
330,2026-07-16,present,48,,,,36,7748,2026-09-21 13:42:20.897635+05:30,2026-09-21 13:42:20.897635+05:30
330,2026-07-17,present,48,,,,36,7749,2026-09-21 13:42:20.897635+05:30,2026-09-21 13:42:20.897635+05:30
330,2026-07-18,present,48,,,,36,7750,2026-09-21 13:42:20.897635+05:30,2026-09-21 13:42:20.897635+05:30
330,2026-07-20,present,48,,,,36,7751,2026-09-21 13:42:20.897635+05:30,2026-09-21 13:42:20.897635+05:30
330,2026-07-21,present,48,,,,36,7752,2026-09-21 13:42:20.897635+05:30,2026-09-21 13:42:20.897635+05:30
330,2026-07-22,present,48,,,,36,7753,2026-09-21 13:42:20.897635+05:30,2026-09-21 13:42:20.897635+05:30
330,2026-07-24,present,48,,,,36,7754,2026-09-21 13:42:20.897635+05:30,2026-09-21 13:42:20.897635+05:30
330,2026-07-25,present,48,,,,36,7755,2026-09-21 13:42:20.897635+05:30,2026-09-21 13:42:20.897635+05:30
330,2026-07-27,present,48,,,,36,7756,2026-09-21 13:42:20.897635+05:30,2026-09-21 13:42:20.897635+05:30
330,2026-07-28,present,48,,,,36,7757,2026-09-21 13:42:20.897635+05:30,2026-09-21 13:42:20.897635+05:30
330,2026-07-29,present,48,,,,36,7758,2026-09-21 13:42:20.897635+05:30,2026-09-21 13:42:20.897635+05:30
330,2026-07-30,present,48,,,,36,7759,2026-09-21 13:42:20.897635+05:30,2026-09-21 13:42:20.897635+05:30
330,2026-07-31,present,48,,,,36,7760,2026-09-21 13:42:20.897635+05:30,2026-09-21 13:42:20.897635+05:30
330,2026-08-01,present,48,,,,36,7761,2026-09-21 13:42:20.897635+05:30,2026-09-21 13:42:20.897635+05:30
330,2026-08-03,absent,48,,,,36,7762,2026-09-21 13:42:20.897635+05:30,2026-09-21 13:42:20.897635+05:30
330,2026-08-04,present,48,,,,36,7763,2026-09-21 13:42:20.897635+05:30,2026-09-21 13:42:20.897635+05:30
330,2026-08-05,present,48,,,,36,7764,2026-09-21 13:42:20.897635+05:30,2026-09-21 13:42:20.897635+05:30
330,2026-08-06,present,48,,,,36,7765,2026-09-21 13:42:20.897635+05:30,2026-09-21 13:42:20.897635+05:30
330,2026-08-07,present,48,,,,36,7766,2026-09-21 13:42:20.897635+05:30,2026-09-21 13:42:20.897635+05:30
330,2026-08-08,present,48,,,,36,7767,2026-09-21 13:42:20.897635+05:30,2026-09-21 13:42:20.897635+05:30
330,2026-08-10,present,48,,,,36,7768,2026-09-21 13:42:20.897635+05:30,2026-09-21 13:42:20.897635+05:30
330,2026-08-12,present,48,,,,36,7769,2026-09-21 13:42:20.897635+05:30,2026-09-21 13:42:20.897635+05:30
330,2026-08-13,present,48,,,,36,7770,2026-09-21 13:42:20.897635+05:30,2026-09-21 13:42:20.897635+05:30
330,2026-08-14,present,48,,,,36,7771,2026-09-21 13:42:20.897635+05:30,2026-09-21 13:42:20.897635+05:30
330,2026-08-15,present,48,,,,36,7772,2026-09-21 13:42:20.897635+05:30,2026-09-21 13:42:20.897635+05:30
330,2026-08-17,present,48,,,,36,7773,2026-09-21 13:42:20.897635+05:30,2026-09-21 13:42:20.897635+05:30
330,2026-08-18,present,48,,,,36,7774,2026-09-21 13:42:20.897635+05:30,2026-09-21 13:42:20.897635+05:30
330,2026-08-19,present,48,,,,36,7775,2026-09-21 13:42:20.897635+05:30,2026-09-21 13:42:20.897635+05:30
330,2026-08-20,present,48,,,,36,7776,2026-09-21 13:42:20.897635+05:30,2026-09-21 13:42:20.897635+05:30
330,2026-08-21,present,48,,,,36,7777,2026-09-21 13:42:20.897635+05:30,2026-09-21 13:42:20.897635+05:30
330,2026-08-22,absent,48,,,,36,7778,2026-09-21 13:42:20.897635+05:30,2026-09-21 13:42:20.897635+05:30
330,2026-08-24,present,48,,,,36,7779,2026-09-21 13:42:20.897635+05:30,2026-09-21 13:42:20.897635+05:30
330,2026-08-25,present,48,,,,36,7780,2026-09-21 13:42:20.897635+05:30,2026-09-21 13:42:20.897635+05:30
330,2026-08-26,present,48,,,,36,7781,2026-09-21 13:42:20.897635+05:30,2026-09-21 13:42:20.897635+05:30
330,2026-08-27,present,48,,,,36,7782,2026-09-21 13:42:20.897635+05:30,2026-09-21 13:42:20.897635+05:30
330,2026-08-28,present,48,,,,36,7783,2026-09-21 13:42:20.897635+05:30,2026-09-21 13:42:20.897635+05:30
330,2026-08-29,present,48,,,,36,7784,2026-09-21 13:42:20.897635+05:30,2026-09-21 13:42:20.897635+05:30
330,2026-08-31,present,48,,,,36,7785,2026-09-21 13:42:20.897635+05:30,2026-09-21 13:42:20.897635+05:30
330,2026-09-01,leave,48,,,,36,7786,2026-09-21 13:42:20.897635+05:30,2026-09-21 13:42:20.897635+05:30
331,2026-06-24,present,48,,,,36,7787,2026-09-21 13:42:20.897635+05:30,2026-09-21 13:42:20.897635+05:30
331,2026-06-25,present,48,,,,36,7788,2026-09-21 13:42:20.897635+05:30,2026-09-21 13:42:20.897635+05:30
331,2026-06-26,present,48,,,,36,7789,2026-09-21 13:42:20.897635+05:30,2026-09-21 13:42:20.897635+05:30
331,2026-06-27,present,48,,,,36,7790,2026-09-21 13:42:20.897635+05:30,2026-09-21 13:42:20.897635+05:30
331,2026-06-29,present,48,,,,36,7791,2026-09-21 13:42:20.897635+05:30,2026-09-21 13:42:20.897635+05:30
331,2026-06-30,absent,48,,,,36,7792,2026-09-21 13:42:20.897635+05:30,2026-09-21 13:42:20.897635+05:30
331,2026-07-01,present,48,,,,36,7793,2026-09-21 13:42:20.897635+05:30,2026-09-21 13:42:20.897635+05:30
331,2026-07-02,present,48,,,,36,7794,2026-09-21 13:42:20.897635+05:30,2026-09-21 13:42:20.897635+05:30
331,2026-07-03,present,48,,,,36,7795,2026-09-21 13:42:20.897635+05:30,2026-09-21 13:42:20.897635+05:30
331,2026-07-04,present,48,,,,36,7796,2026-09-21 13:42:20.897635+05:30,2026-09-21 13:42:20.897635+05:30
331,2026-07-06,present,48,,,,36,7797,2026-09-21 13:42:20.897635+05:30,2026-09-21 13:42:20.897635+05:30
331,2026-07-07,present,48,,,,36,7798,2026-09-21 13:42:20.897635+05:30,2026-09-21 13:42:20.897635+05:30
331,2026-07-08,present,48,,,,36,7799,2026-09-21 13:42:20.897635+05:30,2026-09-21 13:42:20.897635+05:30
331,2026-07-09,present,48,,,,36,7800,2026-09-21 13:42:20.897635+05:30,2026-09-21 13:42:20.897635+05:30
331,2026-07-10,present,48,,,,36,7801,2026-09-21 13:42:20.897635+05:30,2026-09-21 13:42:20.897635+05:30
331,2026-07-11,leave,48,,,,36,7802,2026-09-21 13:42:20.897635+05:30,2026-09-21 13:42:20.897635+05:30
331,2026-07-13,present,48,,,,36,7803,2026-09-21 13:42:20.897635+05:30,2026-09-21 13:42:20.897635+05:30
331,2026-07-14,present,48,,,,36,7804,2026-09-21 13:42:20.897635+05:30,2026-09-21 13:42:20.897635+05:30
331,2026-07-15,present,48,,,,36,7805,2026-09-21 13:42:20.897635+05:30,2026-09-21 13:42:20.897635+05:30
331,2026-07-16,present,48,,,,36,7806,2026-09-21 13:42:20.897635+05:30,2026-09-21 13:42:20.897635+05:30
331,2026-07-17,present,48,,,,36,7807,2026-09-21 13:42:20.897635+05:30,2026-09-21 13:42:20.897635+05:30
331,2026-07-18,present,48,,,,36,7808,2026-09-21 13:42:20.897635+05:30,2026-09-21 13:42:20.897635+05:30
331,2026-07-20,present,48,,,,36,7809,2026-09-21 13:42:20.897635+05:30,2026-09-21 13:42:20.897635+05:30
331,2026-07-21,present,48,,,,36,7810,2026-09-21 13:42:20.897635+05:30,2026-09-21 13:42:20.897635+05:30
331,2026-07-22,present,48,,,,36,7811,2026-09-21 13:42:20.897635+05:30,2026-09-21 13:42:20.897635+05:30
331,2026-07-24,present,48,,,,36,7812,2026-09-21 13:42:20.897635+05:30,2026-09-21 13:42:20.897635+05:30
331,2026-07-25,present,48,,,,36,7813,2026-09-21 13:42:20.897635+05:30,2026-09-21 13:42:20.897635+05:30
331,2026-07-27,present,48,,,,36,7814,2026-09-21 13:42:20.897635+05:30,2026-09-21 13:42:20.897635+05:30
331,2026-07-28,present,48,,,,36,7815,2026-09-21 13:42:20.897635+05:30,2026-09-21 13:42:20.897635+05:30
331,2026-07-29,present,48,,,,36,7816,2026-09-21 13:42:20.897635+05:30,2026-09-21 13:42:20.897635+05:30
331,2026-07-30,present,48,,,,36,7817,2026-09-21 13:42:20.897635+05:30,2026-09-21 13:42:20.897635+05:30
331,2026-07-31,present,48,,,,36,7818,2026-09-21 13:42:20.897635+05:30,2026-09-21 13:42:20.897635+05:30
331,2026-08-01,present,48,,,,36,7819,2026-09-21 13:42:20.897635+05:30,2026-09-21 13:42:20.897635+05:30
331,2026-08-03,present,48,,,,36,7820,2026-09-21 13:42:20.897635+05:30,2026-09-21 13:42:20.897635+05:30
331,2026-08-04,present,48,,,,36,7821,2026-09-21 13:42:20.897635+05:30,2026-09-21 13:42:20.897635+05:30
331,2026-08-05,present,48,,,,36,7822,2026-09-21 13:42:20.897635+05:30,2026-09-21 13:42:20.897635+05:30
331,2026-08-06,present,48,,,,36,7823,2026-09-21 13:42:20.897635+05:30,2026-09-21 13:42:20.897635+05:30
331,2026-08-07,present,48,,,,36,7824,2026-09-21 13:42:20.897635+05:30,2026-09-21 13:42:20.897635+05:30
331,2026-08-08,present,48,,,,36,7825,2026-09-21 13:42:20.897635+05:30,2026-09-21 13:42:20.897635+05:30
331,2026-08-10,present,48,,,,36,7826,2026-09-21 13:42:20.897635+05:30,2026-09-21 13:42:20.897635+05:30
331,2026-08-12,present,48,,,,36,7827,2026-09-21 13:42:20.897635+05:30,2026-09-21 13:42:20.897635+05:30
331,2026-08-13,present,48,,,,36,7828,2026-09-21 13:42:20.897635+05:30,2026-09-21 13:42:20.897635+05:30
331,2026-08-14,present,48,,,,36,7829,2026-09-21 13:42:20.897635+05:30,2026-09-21 13:42:20.897635+05:30
331,2026-08-15,present,48,,,,36,7830,2026-09-21 13:42:20.897635+05:30,2026-09-21 13:42:20.897635+05:30
331,2026-08-17,present,48,,,,36,7831,2026-09-21 13:42:20.897635+05:30,2026-09-21 13:42:20.897635+05:30
331,2026-08-18,present,48,,,,36,7832,2026-09-21 13:42:20.897635+05:30,2026-09-21 13:42:20.897635+05:30
331,2026-08-19,present,48,,,,36,7833,2026-09-21 13:42:20.897635+05:30,2026-09-21 13:42:20.897635+05:30
331,2026-08-20,present,48,,,,36,7834,2026-09-21 13:42:20.897635+05:30,2026-09-21 13:42:20.897635+05:30
331,2026-08-21,present,48,,,,36,7835,2026-09-21 13:42:20.897635+05:30,2026-09-21 13:42:20.897635+05:30
331,2026-08-22,present,48,,,,36,7836,2026-09-21 13:42:20.897635+05:30,2026-09-21 13:42:20.897635+05:30
331,2026-08-24,present,48,,,,36,7837,2026-09-21 13:42:20.897635+05:30,2026-09-21 13:42:20.897635+05:30
331,2026-08-25,present,48,,,,36,7838,2026-09-21 13:42:20.897635+05:30,2026-09-21 13:42:20.897635+05:30
331,2026-08-26,present,48,,,,36,7839,2026-09-21 13:42:20.897635+05:30,2026-09-21 13:42:20.897635+05:30
331,2026-08-27,present,48,,,,36,7840,2026-09-21 13:42:20.897635+05:30,2026-09-21 13:42:20.897635+05:30
331,2026-08-28,present,48,,,,36,7841,2026-09-21 13:42:20.897635+05:30,2026-09-21 13:42:20.897635+05:30
331,2026-08-29,present,48,,,,36,7842,2026-09-21 13:42:20.897635+05:30,2026-09-21 13:42:20.897635+05:30
331,2026-08-31,present,48,,,,36,7843,2026-09-21 13:42:20.897635+05:30,2026-09-21 13:42:20.897635+05:30
331,2026-09-01,present,48,,,,36,7844,2026-09-21 13:42:20.897635+05:30,2026-09-21 13:42:20.897635+05:30
332,2026-06-24,present,48,,,,36,7845,2026-09-21 13:42:20.897635+05:30,2026-09-21 13:42:20.897635+05:30
332,2026-06-25,present,48,,,,36,7846,2026-09-21 13:42:20.897635+05:30,2026-09-21 13:42:20.897635+05:30
332,2026-06-26,present,48,,,,36,7847,2026-09-21 13:42:20.897635+05:30,2026-09-21 13:42:20.897635+05:30
332,2026-06-27,present,48,,,,36,7848,2026-09-21 13:42:20.897635+05:30,2026-09-21 13:42:20.897635+05:30
332,2026-06-29,present,48,,,,36,7849,2026-09-21 13:42:20.897635+05:30,2026-09-21 13:42:20.897635+05:30
332,2026-06-30,present,48,,,,36,7850,2026-09-21 13:42:20.897635+05:30,2026-09-21 13:42:20.897635+05:30
332,2026-07-01,present,48,,,,36,7851,2026-09-21 13:42:20.897635+05:30,2026-09-21 13:42:20.897635+05:30
332,2026-07-02,present,48,,,,36,7852,2026-09-21 13:42:20.897635+05:30,2026-09-21 13:42:20.897635+05:30
332,2026-07-03,present,48,,,,36,7853,2026-09-21 13:42:20.897635+05:30,2026-09-21 13:42:20.897635+05:30
332,2026-07-04,present,48,,,,36,7854,2026-09-21 13:42:20.897635+05:30,2026-09-21 13:42:20.897635+05:30
332,2026-07-06,present,48,,,,36,7855,2026-09-21 13:42:20.897635+05:30,2026-09-21 13:42:20.897635+05:30
332,2026-07-07,present,48,,,,36,7856,2026-09-21 13:42:20.897635+05:30,2026-09-21 13:42:20.897635+05:30
332,2026-07-08,present,48,,,,36,7857,2026-09-21 13:42:20.897635+05:30,2026-09-21 13:42:20.897635+05:30
332,2026-07-09,present,48,,,,36,7858,2026-09-21 13:42:20.897635+05:30,2026-09-21 13:42:20.897635+05:30
332,2026-07-10,present,48,,,,36,7859,2026-09-21 13:42:20.897635+05:30,2026-09-21 13:42:20.897635+05:30
332,2026-07-11,present,48,,,,36,7860,2026-09-21 13:42:20.897635+05:30,2026-09-21 13:42:20.897635+05:30
332,2026-07-13,present,48,,,,36,7861,2026-09-21 13:42:20.897635+05:30,2026-09-21 13:42:20.897635+05:30
332,2026-07-14,present,48,,,,36,7862,2026-09-21 13:42:20.897635+05:30,2026-09-21 13:42:20.897635+05:30
332,2026-07-15,present,48,,,,36,7863,2026-09-21 13:42:20.897635+05:30,2026-09-21 13:42:20.897635+05:30
332,2026-07-16,present,48,,,,36,7864,2026-09-21 13:42:20.897635+05:30,2026-09-21 13:42:20.897635+05:30
332,2026-07-17,present,48,,,,36,7865,2026-09-21 13:42:20.897635+05:30,2026-09-21 13:42:20.897635+05:30
332,2026-07-18,present,48,,,,36,7866,2026-09-21 13:42:20.897635+05:30,2026-09-21 13:42:20.897635+05:30
332,2026-07-20,present,48,,,,36,7867,2026-09-21 13:42:20.897635+05:30,2026-09-21 13:42:20.897635+05:30
332,2026-07-21,present,48,,,,36,7868,2026-09-21 13:42:20.897635+05:30,2026-09-21 13:42:20.897635+05:30
332,2026-07-22,present,48,,,,36,7869,2026-09-21 13:42:20.897635+05:30,2026-09-21 13:42:20.897635+05:30
332,2026-07-24,present,48,,,,36,7870,2026-09-21 13:42:20.897635+05:30,2026-09-21 13:42:20.897635+05:30
332,2026-07-25,present,48,,,,36,7871,2026-09-21 13:42:20.897635+05:30,2026-09-21 13:42:20.897635+05:30
332,2026-07-27,present,48,,,,36,7872,2026-09-21 13:42:20.897635+05:30,2026-09-21 13:42:20.897635+05:30
332,2026-07-28,present,48,,,,36,7873,2026-09-21 13:42:20.897635+05:30,2026-09-21 13:42:20.897635+05:30
332,2026-07-29,present,48,,,,36,7874,2026-09-21 13:42:20.897635+05:30,2026-09-21 13:42:20.897635+05:30
332,2026-07-30,present,48,,,,36,7875,2026-09-21 13:42:20.897635+05:30,2026-09-21 13:42:20.897635+05:30
332,2026-07-31,present,48,,,,36,7876,2026-09-21 13:42:20.897635+05:30,2026-09-21 13:42:20.897635+05:30
332,2026-08-01,present,48,,,,36,7877,2026-09-21 13:42:20.897635+05:30,2026-09-21 13:42:20.897635+05:30
332,2026-08-03,present,48,,,,36,7878,2026-09-21 13:42:20.897635+05:30,2026-09-21 13:42:20.897635+05:30
332,2026-08-04,present,48,,,,36,7879,2026-09-21 13:42:20.897635+05:30,2026-09-21 13:42:20.897635+05:30
332,2026-08-05,present,48,,,,36,7880,2026-09-21 13:42:20.897635+05:30,2026-09-21 13:42:20.897635+05:30
332,2026-08-06,present,48,,,,36,7881,2026-09-21 13:42:20.897635+05:30,2026-09-21 13:42:20.897635+05:30
332,2026-08-07,present,48,,,,36,7882,2026-09-21 13:42:20.897635+05:30,2026-09-21 13:42:20.897635+05:30
332,2026-08-08,present,48,,,,36,7883,2026-09-21 13:42:20.897635+05:30,2026-09-21 13:42:20.897635+05:30
332,2026-08-10,present,48,,,,36,7884,2026-09-21 13:42:20.897635+05:30,2026-09-21 13:42:20.897635+05:30
332,2026-08-12,leave,48,,,,36,7885,2026-09-21 13:42:20.897635+05:30,2026-09-21 13:42:20.897635+05:30
332,2026-08-13,present,48,,,,36,7886,2026-09-21 13:42:20.897635+05:30,2026-09-21 13:42:20.897635+05:30
332,2026-08-14,present,48,,,,36,7887,2026-09-21 13:42:20.897635+05:30,2026-09-21 13:42:20.897635+05:30
332,2026-08-15,present,48,,,,36,7888,2026-09-21 13:42:20.897635+05:30,2026-09-21 13:42:20.897635+05:30
332,2026-08-17,present,48,,,,36,7889,2026-09-21 13:42:20.897635+05:30,2026-09-21 13:42:20.897635+05:30
332,2026-08-18,present,48,,,,36,7890,2026-09-21 13:42:20.897635+05:30,2026-09-21 13:42:20.897635+05:30
332,2026-08-19,present,48,,,,36,7891,2026-09-21 13:42:20.897635+05:30,2026-09-21 13:42:20.897635+05:30
332,2026-08-20,present,48,,,,36,7892,2026-09-21 13:42:20.897635+05:30,2026-09-21 13:42:20.897635+05:30
332,2026-08-21,present,48,,,,36,7893,2026-09-21 13:42:20.897635+05:30,2026-09-21 13:42:20.897635+05:30
332,2026-08-22,absent,48,,,,36,7894,2026-09-21 13:42:20.897635+05:30,2026-09-21 13:42:20.897635+05:30
332,2026-08-24,present,48,,,,36,7895,2026-09-21 13:42:20.897635+05:30,2026-09-21 13:42:20.897635+05:30
332,2026-08-25,present,48,,,,36,7896,2026-09-21 13:42:20.897635+05:30,2026-09-21 13:42:20.897635+05:30
332,2026-08-26,present,48,,,,36,7897,2026-09-21 13:42:20.897635+05:30,2026-09-21 13:42:20.897635+05:30
332,2026-08-27,present,48,,,,36,7898,2026-09-21 13:42:20.897635+05:30,2026-09-21 13:42:20.897635+05:30
332,2026-08-28,present,48,,,,36,7899,2026-09-21 13:42:20.897635+05:30,2026-09-21 13:42:20.897635+05:30
332,2026-08-29,present,48,,,,36,7900,2026-09-21 13:42:20.897635+05:30,2026-09-21 13:42:20.897635+05:30
332,2026-08-31,present,48,,,,36,7901,2026-09-21 13:42:20.897635+05:30,2026-09-21 13:42:20.897635+05:30
332,2026-09-01,present,48,,,,36,7902,2026-09-21 13:42:20.897635+05:30,2026-09-21 13:42:20.897635+05:30
333,2026-06-24,present,48,,,,36,7903,2026-09-21 13:42:20.897635+05:30,2026-09-21 13:42:20.897635+05:30
333,2026-06-25,present,48,,,,36,7904,2026-09-21 13:42:20.897635+05:30,2026-09-21 13:42:20.897635+05:30
333,2026-06-26,present,48,,,,36,7905,2026-09-21 13:42:20.897635+05:30,2026-09-21 13:42:20.897635+05:30
333,2026-06-27,present,48,,,,36,7906,2026-09-21 13:42:20.897635+05:30,2026-09-21 13:42:20.897635+05:30
333,2026-06-29,present,48,,,,36,7907,2026-09-21 13:42:20.897635+05:30,2026-09-21 13:42:20.897635+05:30
333,2026-06-30,present,48,,,,36,7908,2026-09-21 13:42:20.897635+05:30,2026-09-21 13:42:20.897635+05:30
333,2026-07-01,present,48,,,,36,7909,2026-09-21 13:42:20.897635+05:30,2026-09-21 13:42:20.897635+05:30
333,2026-07-02,present,48,,,,36,7910,2026-09-21 13:42:20.897635+05:30,2026-09-21 13:42:20.897635+05:30
333,2026-07-03,present,48,,,,36,7911,2026-09-21 13:42:20.897635+05:30,2026-09-21 13:42:20.897635+05:30
333,2026-07-04,present,48,,,,36,7912,2026-09-21 13:42:20.897635+05:30,2026-09-21 13:42:20.897635+05:30
333,2026-07-06,present,48,,,,36,7913,2026-09-21 13:42:20.897635+05:30,2026-09-21 13:42:20.897635+05:30
333,2026-07-07,present,48,,,,36,7914,2026-09-21 13:42:20.897635+05:30,2026-09-21 13:42:20.897635+05:30
333,2026-07-08,present,48,,,,36,7915,2026-09-21 13:42:20.897635+05:30,2026-09-21 13:42:20.897635+05:30
333,2026-07-09,present,48,,,,36,7916,2026-09-21 13:42:20.897635+05:30,2026-09-21 13:42:20.897635+05:30
333,2026-07-10,present,48,,,,36,7917,2026-09-21 13:42:20.897635+05:30,2026-09-21 13:42:20.897635+05:30
333,2026-07-11,present,48,,,,36,7918,2026-09-21 13:42:20.897635+05:30,2026-09-21 13:42:20.897635+05:30
333,2026-07-13,present,48,,,,36,7919,2026-09-21 13:42:20.897635+05:30,2026-09-21 13:42:20.897635+05:30
333,2026-07-14,leave,48,,,,36,7920,2026-09-21 13:42:20.897635+05:30,2026-09-21 13:42:20.897635+05:30
333,2026-07-15,present,48,,,,36,7921,2026-09-21 13:42:20.897635+05:30,2026-09-21 13:42:20.897635+05:30
333,2026-07-16,present,48,,,,36,7922,2026-09-21 13:42:20.897635+05:30,2026-09-21 13:42:20.897635+05:30
333,2026-07-17,leave,48,,,,36,7923,2026-09-21 13:42:20.897635+05:30,2026-09-21 13:42:20.897635+05:30
333,2026-07-18,present,48,,,,36,7924,2026-09-21 13:42:20.897635+05:30,2026-09-21 13:42:20.897635+05:30
333,2026-07-20,present,48,,,,36,7925,2026-09-21 13:42:20.897635+05:30,2026-09-21 13:42:20.897635+05:30
333,2026-07-21,present,48,,,,36,7926,2026-09-21 13:42:20.897635+05:30,2026-09-21 13:42:20.897635+05:30
333,2026-07-22,present,48,,,,36,7927,2026-09-21 13:42:20.897635+05:30,2026-09-21 13:42:20.897635+05:30
333,2026-07-24,present,48,,,,36,7928,2026-09-21 13:42:20.897635+05:30,2026-09-21 13:42:20.897635+05:30
333,2026-07-25,present,48,,,,36,7929,2026-09-21 13:42:20.897635+05:30,2026-09-21 13:42:20.897635+05:30
333,2026-07-27,present,48,,,,36,7930,2026-09-21 13:42:20.897635+05:30,2026-09-21 13:42:20.897635+05:30
333,2026-07-28,present,48,,,,36,7931,2026-09-21 13:42:20.897635+05:30,2026-09-21 13:42:20.897635+05:30
333,2026-07-29,present,48,,,,36,7932,2026-09-21 13:42:20.897635+05:30,2026-09-21 13:42:20.897635+05:30
333,2026-07-30,present,48,,,,36,7933,2026-09-21 13:42:20.897635+05:30,2026-09-21 13:42:20.897635+05:30
333,2026-07-31,present,48,,,,36,7934,2026-09-21 13:42:20.897635+05:30,2026-09-21 13:42:20.897635+05:30
333,2026-08-01,present,48,,,,36,7935,2026-09-21 13:42:20.897635+05:30,2026-09-21 13:42:20.897635+05:30
333,2026-08-03,present,48,,,,36,7936,2026-09-21 13:42:20.897635+05:30,2026-09-21 13:42:20.897635+05:30
333,2026-08-04,present,48,,,,36,7937,2026-09-21 13:42:20.897635+05:30,2026-09-21 13:42:20.897635+05:30
333,2026-08-05,present,48,,,,36,7938,2026-09-21 13:42:20.897635+05:30,2026-09-21 13:42:20.897635+05:30
333,2026-08-06,present,48,,,,36,7939,2026-09-21 13:42:20.897635+05:30,2026-09-21 13:42:20.897635+05:30
333,2026-08-07,present,48,,,,36,7940,2026-09-21 13:42:20.897635+05:30,2026-09-21 13:42:20.897635+05:30
333,2026-08-08,present,48,,,,36,7941,2026-09-21 13:42:20.897635+05:30,2026-09-21 13:42:20.897635+05:30
333,2026-08-10,present,48,,,,36,7942,2026-09-21 13:42:20.897635+05:30,2026-09-21 13:42:20.897635+05:30
333,2026-08-12,present,48,,,,36,7943,2026-09-21 13:42:20.897635+05:30,2026-09-21 13:42:20.897635+05:30
333,2026-08-13,present,48,,,,36,7944,2026-09-21 13:42:20.897635+05:30,2026-09-21 13:42:20.897635+05:30
333,2026-08-14,present,48,,,,36,7945,2026-09-21 13:42:20.897635+05:30,2026-09-21 13:42:20.897635+05:30
333,2026-08-15,present,48,,,,36,7946,2026-09-21 13:42:20.897635+05:30,2026-09-21 13:42:20.897635+05:30
333,2026-08-17,present,48,,,,36,7947,2026-09-21 13:42:20.897635+05:30,2026-09-21 13:42:20.897635+05:30
333,2026-08-18,present,48,,,,36,7948,2026-09-21 13:42:20.897635+05:30,2026-09-21 13:42:20.897635+05:30
333,2026-08-19,present,48,,,,36,7949,2026-09-21 13:42:20.897635+05:30,2026-09-21 13:42:20.897635+05:30
333,2026-08-20,present,48,,,,36,7950,2026-09-21 13:42:20.897635+05:30,2026-09-21 13:42:20.897635+05:30
333,2026-08-21,present,48,,,,36,7951,2026-09-21 13:42:20.897635+05:30,2026-09-21 13:42:20.897635+05:30
333,2026-08-22,present,48,,,,36,7952,2026-09-21 13:42:20.897635+05:30,2026-09-21 13:42:20.897635+05:30
333,2026-08-24,present,48,,,,36,7953,2026-09-21 13:42:20.897635+05:30,2026-09-21 13:42:20.897635+05:30
333,2026-08-25,present,48,,,,36,7954,2026-09-21 13:42:20.897635+05:30,2026-09-21 13:42:20.897635+05:30
333,2026-08-26,present,48,,,,36,7955,2026-09-21 13:42:20.897635+05:30,2026-09-21 13:42:20.897635+05:30
333,2026-08-27,present,48,,,,36,7956,2026-09-21 13:42:20.897635+05:30,2026-09-21 13:42:20.897635+05:30
333,2026-08-28,present,48,,,,36,7957,2026-09-21 13:42:20.897635+05:30,2026-09-21 13:42:20.897635+05:30
333,2026-08-29,present,48,,,,36,7958,2026-09-21 13:42:20.897635+05:30,2026-09-21 13:42:20.897635+05:30
333,2026-08-31,present,48,,,,36,7959,2026-09-21 13:42:20.897635+05:30,2026-09-21 13:42:20.897635+05:30
333,2026-09-01,present,48,,,,36,7960,2026-09-21 13:42:20.897635+05:30,2026-09-21 13:42:20.897635+05:30
334,2026-06-24,present,48,,,,36,7961,2026-09-21 13:42:20.897635+05:30,2026-09-21 13:42:20.897635+05:30
334,2026-06-25,present,48,,,,36,7962,2026-09-21 13:42:20.897635+05:30,2026-09-21 13:42:20.897635+05:30
334,2026-06-26,present,48,,,,36,7963,2026-09-21 13:42:20.897635+05:30,2026-09-21 13:42:20.897635+05:30
334,2026-06-27,present,48,,,,36,7964,2026-09-21 13:42:20.897635+05:30,2026-09-21 13:42:20.897635+05:30
334,2026-06-29,present,48,,,,36,7965,2026-09-21 13:42:20.897635+05:30,2026-09-21 13:42:20.897635+05:30
334,2026-06-30,present,48,,,,36,7966,2026-09-21 13:42:20.897635+05:30,2026-09-21 13:42:20.897635+05:30
334,2026-07-01,present,48,,,,36,7967,2026-09-21 13:42:20.897635+05:30,2026-09-21 13:42:20.897635+05:30
334,2026-07-02,present,48,,,,36,7968,2026-09-21 13:42:20.897635+05:30,2026-09-21 13:42:20.897635+05:30
334,2026-07-03,present,48,,,,36,7969,2026-09-21 13:42:20.897635+05:30,2026-09-21 13:42:20.897635+05:30
334,2026-07-04,present,48,,,,36,7970,2026-09-21 13:42:20.897635+05:30,2026-09-21 13:42:20.897635+05:30
334,2026-07-06,present,48,,,,36,7971,2026-09-21 13:42:20.897635+05:30,2026-09-21 13:42:20.897635+05:30
334,2026-07-07,present,48,,,,36,7972,2026-09-21 13:42:20.897635+05:30,2026-09-21 13:42:20.897635+05:30
334,2026-07-08,present,48,,,,36,7973,2026-09-21 13:42:20.897635+05:30,2026-09-21 13:42:20.897635+05:30
334,2026-07-09,present,48,,,,36,7974,2026-09-21 13:42:20.897635+05:30,2026-09-21 13:42:20.897635+05:30
334,2026-07-10,present,48,,,,36,7975,2026-09-21 13:42:20.897635+05:30,2026-09-21 13:42:20.897635+05:30
334,2026-07-11,present,48,,,,36,7976,2026-09-21 13:42:20.897635+05:30,2026-09-21 13:42:20.897635+05:30
334,2026-07-13,present,48,,,,36,7977,2026-09-21 13:42:20.897635+05:30,2026-09-21 13:42:20.897635+05:30
334,2026-07-14,present,48,,,,36,7978,2026-09-21 13:42:20.897635+05:30,2026-09-21 13:42:20.897635+05:30
334,2026-07-15,present,48,,,,36,7979,2026-09-21 13:42:20.897635+05:30,2026-09-21 13:42:20.897635+05:30
334,2026-07-16,present,48,,,,36,7980,2026-09-21 13:42:20.897635+05:30,2026-09-21 13:42:20.897635+05:30
334,2026-07-17,present,48,,,,36,7981,2026-09-21 13:42:20.897635+05:30,2026-09-21 13:42:20.897635+05:30
334,2026-07-18,present,48,,,,36,7982,2026-09-21 13:42:20.897635+05:30,2026-09-21 13:42:20.897635+05:30
334,2026-07-20,present,48,,,,36,7983,2026-09-21 13:42:20.897635+05:30,2026-09-21 13:42:20.897635+05:30
334,2026-07-21,present,48,,,,36,7984,2026-09-21 13:42:20.897635+05:30,2026-09-21 13:42:20.897635+05:30
334,2026-07-22,leave,48,,,,36,7985,2026-09-21 13:42:20.897635+05:30,2026-09-21 13:42:20.897635+05:30
334,2026-07-24,present,48,,,,36,7986,2026-09-21 13:42:20.897635+05:30,2026-09-21 13:42:20.897635+05:30
334,2026-07-25,present,48,,,,36,7987,2026-09-21 13:42:20.897635+05:30,2026-09-21 13:42:20.897635+05:30
334,2026-07-27,present,48,,,,36,7988,2026-09-21 13:42:20.897635+05:30,2026-09-21 13:42:20.897635+05:30
334,2026-07-28,present,48,,,,36,7989,2026-09-21 13:42:20.897635+05:30,2026-09-21 13:42:20.897635+05:30
334,2026-07-29,present,48,,,,36,7990,2026-09-21 13:42:20.897635+05:30,2026-09-21 13:42:20.897635+05:30
334,2026-07-30,present,48,,,,36,7991,2026-09-21 13:42:20.897635+05:30,2026-09-21 13:42:20.897635+05:30
334,2026-07-31,present,48,,,,36,7992,2026-09-21 13:42:20.897635+05:30,2026-09-21 13:42:20.897635+05:30
334,2026-08-01,present,48,,,,36,7993,2026-09-21 13:42:20.897635+05:30,2026-09-21 13:42:20.897635+05:30
334,2026-08-03,leave,48,,,,36,7994,2026-09-21 13:42:20.897635+05:30,2026-09-21 13:42:20.897635+05:30
334,2026-08-04,present,48,,,,36,7995,2026-09-21 13:42:20.897635+05:30,2026-09-21 13:42:20.897635+05:30
334,2026-08-05,leave,48,,,,36,7996,2026-09-21 13:42:20.897635+05:30,2026-09-21 13:42:20.897635+05:30
334,2026-08-06,present,48,,,,36,7997,2026-09-21 13:42:20.897635+05:30,2026-09-21 13:42:20.897635+05:30
334,2026-08-07,present,48,,,,36,7998,2026-09-21 13:42:20.897635+05:30,2026-09-21 13:42:20.897635+05:30
334,2026-08-08,leave,48,,,,36,7999,2026-09-21 13:42:20.897635+05:30,2026-09-21 13:42:20.897635+05:30
334,2026-08-10,present,48,,,,36,8000,2026-09-21 13:42:20.897635+05:30,2026-09-21 13:42:20.897635+05:30
334,2026-08-12,present,48,,,,36,8001,2026-09-21 13:42:20.897635+05:30,2026-09-21 13:42:20.897635+05:30
334,2026-08-13,present,48,,,,36,8002,2026-09-21 13:42:20.897635+05:30,2026-09-21 13:42:20.897635+05:30
334,2026-08-14,present,48,,,,36,8003,2026-09-21 13:42:20.897635+05:30,2026-09-21 13:42:20.897635+05:30
334,2026-08-15,present,48,,,,36,8004,2026-09-21 13:42:20.897635+05:30,2026-09-21 13:42:20.897635+05:30
334,2026-08-17,present,48,,,,36,8005,2026-09-21 13:42:20.897635+05:30,2026-09-21 13:42:20.897635+05:30
334,2026-08-18,present,48,,,,36,8006,2026-09-21 13:42:20.897635+05:30,2026-09-21 13:42:20.897635+05:30
334,2026-08-19,present,48,,,,36,8007,2026-09-21 13:42:20.897635+05:30,2026-09-21 13:42:20.897635+05:30
334,2026-08-20,present,48,,,,36,8008,2026-09-21 13:42:20.897635+05:30,2026-09-21 13:42:20.897635+05:30
334,2026-08-21,present,48,,,,36,8009,2026-09-21 13:42:20.897635+05:30,2026-09-21 13:42:20.897635+05:30
334,2026-08-22,present,48,,,,36,8010,2026-09-21 13:42:20.897635+05:30,2026-09-21 13:42:20.897635+05:30
334,2026-08-24,present,48,,,,36,8011,2026-09-21 13:42:20.897635+05:30,2026-09-21 13:42:20.897635+05:30
334,2026-08-25,present,48,,,,36,8012,2026-09-21 13:42:20.897635+05:30,2026-09-21 13:42:20.897635+05:30
334,2026-08-26,present,48,,,,36,8013,2026-09-21 13:42:20.897635+05:30,2026-09-21 13:42:20.897635+05:30
334,2026-08-27,present,48,,,,36,8014,2026-09-21 13:42:20.897635+05:30,2026-09-21 13:42:20.897635+05:30
334,2026-08-28,absent,48,,,,36,8015,2026-09-21 13:42:20.897635+05:30,2026-09-21 13:42:20.897635+05:30
334,2026-08-29,present,48,,,,36,8016,2026-09-21 13:42:20.897635+05:30,2026-09-21 13:42:20.897635+05:30
334,2026-08-31,present,48,,,,36,8017,2026-09-21 13:42:20.897635+05:30,2026-09-21 13:42:20.897635+05:30
334,2026-09-01,present,48,,,,36,8018,2026-09-21 13:42:20.897635+05:30,2026-09-21 13:42:20.897635+05:30
335,2026-06-24,present,48,,,,36,8019,2026-09-21 13:42:20.897635+05:30,2026-09-21 13:42:20.897635+05:30
335,2026-06-25,present,48,,,,36,8020,2026-09-21 13:42:20.897635+05:30,2026-09-21 13:42:20.897635+05:30
335,2026-06-26,present,48,,,,36,8021,2026-09-21 13:42:20.897635+05:30,2026-09-21 13:42:20.897635+05:30
335,2026-06-27,present,48,,,,36,8022,2026-09-21 13:42:20.897635+05:30,2026-09-21 13:42:20.897635+05:30
335,2026-06-29,present,48,,,,36,8023,2026-09-21 13:42:20.897635+05:30,2026-09-21 13:42:20.897635+05:30
335,2026-06-30,present,48,,,,36,8024,2026-09-21 13:42:20.897635+05:30,2026-09-21 13:42:20.897635+05:30
335,2026-07-01,present,48,,,,36,8025,2026-09-21 13:42:20.897635+05:30,2026-09-21 13:42:20.897635+05:30
335,2026-07-02,present,48,,,,36,8026,2026-09-21 13:42:20.897635+05:30,2026-09-21 13:42:20.897635+05:30
335,2026-07-03,present,48,,,,36,8027,2026-09-21 13:42:20.897635+05:30,2026-09-21 13:42:20.897635+05:30
335,2026-07-04,present,48,,,,36,8028,2026-09-21 13:42:20.897635+05:30,2026-09-21 13:42:20.897635+05:30
335,2026-07-06,present,48,,,,36,8029,2026-09-21 13:42:20.897635+05:30,2026-09-21 13:42:20.897635+05:30
335,2026-07-07,present,48,,,,36,8030,2026-09-21 13:42:20.897635+05:30,2026-09-21 13:42:20.897635+05:30
335,2026-07-08,present,48,,,,36,8031,2026-09-21 13:42:20.897635+05:30,2026-09-21 13:42:20.897635+05:30
335,2026-07-09,present,48,,,,36,8032,2026-09-21 13:42:20.897635+05:30,2026-09-21 13:42:20.897635+05:30
335,2026-07-10,present,48,,,,36,8033,2026-09-21 13:42:20.897635+05:30,2026-09-21 13:42:20.897635+05:30
335,2026-07-11,present,48,,,,36,8034,2026-09-21 13:42:20.897635+05:30,2026-09-21 13:42:20.897635+05:30
335,2026-07-13,present,48,,,,36,8035,2026-09-21 13:42:20.897635+05:30,2026-09-21 13:42:20.897635+05:30
335,2026-07-14,present,48,,,,36,8036,2026-09-21 13:42:20.897635+05:30,2026-09-21 13:42:20.897635+05:30
335,2026-07-15,present,48,,,,36,8037,2026-09-21 13:42:20.897635+05:30,2026-09-21 13:42:20.897635+05:30
335,2026-07-16,present,48,,,,36,8038,2026-09-21 13:42:20.897635+05:30,2026-09-21 13:42:20.897635+05:30
335,2026-07-17,present,48,,,,36,8039,2026-09-21 13:42:20.897635+05:30,2026-09-21 13:42:20.897635+05:30
335,2026-07-18,present,48,,,,36,8040,2026-09-21 13:42:20.897635+05:30,2026-09-21 13:42:20.897635+05:30
335,2026-07-20,present,48,,,,36,8041,2026-09-21 13:42:20.897635+05:30,2026-09-21 13:42:20.897635+05:30
335,2026-07-21,present,48,,,,36,8042,2026-09-21 13:42:20.897635+05:30,2026-09-21 13:42:20.897635+05:30
335,2026-07-22,present,48,,,,36,8043,2026-09-21 13:42:20.897635+05:30,2026-09-21 13:42:20.897635+05:30
335,2026-07-24,present,48,,,,36,8044,2026-09-21 13:42:20.897635+05:30,2026-09-21 13:42:20.897635+05:30
335,2026-07-25,leave,48,,,,36,8045,2026-09-21 13:42:20.897635+05:30,2026-09-21 13:42:20.897635+05:30
335,2026-07-27,leave,48,,,,36,8046,2026-09-21 13:42:20.897635+05:30,2026-09-21 13:42:20.897635+05:30
335,2026-07-28,present,48,,,,36,8047,2026-09-21 13:42:20.897635+05:30,2026-09-21 13:42:20.897635+05:30
335,2026-07-29,present,48,,,,36,8048,2026-09-21 13:42:20.897635+05:30,2026-09-21 13:42:20.897635+05:30
335,2026-07-30,present,48,,,,36,8049,2026-09-21 13:42:20.897635+05:30,2026-09-21 13:42:20.897635+05:30
335,2026-07-31,present,48,,,,36,8050,2026-09-21 13:42:20.897635+05:30,2026-09-21 13:42:20.897635+05:30
335,2026-08-01,present,48,,,,36,8051,2026-09-21 13:42:20.897635+05:30,2026-09-21 13:42:20.897635+05:30
335,2026-08-03,present,48,,,,36,8052,2026-09-21 13:42:20.897635+05:30,2026-09-21 13:42:20.897635+05:30
335,2026-08-04,present,48,,,,36,8053,2026-09-21 13:42:20.897635+05:30,2026-09-21 13:42:20.897635+05:30
335,2026-08-05,present,48,,,,36,8054,2026-09-21 13:42:20.897635+05:30,2026-09-21 13:42:20.897635+05:30
335,2026-08-06,present,48,,,,36,8055,2026-09-21 13:42:20.897635+05:30,2026-09-21 13:42:20.897635+05:30
335,2026-08-07,present,48,,,,36,8056,2026-09-21 13:42:20.897635+05:30,2026-09-21 13:42:20.897635+05:30
335,2026-08-08,leave,48,,,,36,8057,2026-09-21 13:42:20.897635+05:30,2026-09-21 13:42:20.897635+05:30
335,2026-08-10,present,48,,,,36,8058,2026-09-21 13:42:20.897635+05:30,2026-09-21 13:42:20.897635+05:30
335,2026-08-12,present,48,,,,36,8059,2026-09-21 13:42:20.897635+05:30,2026-09-21 13:42:20.897635+05:30
335,2026-08-13,present,48,,,,36,8060,2026-09-21 13:42:20.897635+05:30,2026-09-21 13:42:20.897635+05:30
335,2026-08-14,present,48,,,,36,8061,2026-09-21 13:42:20.897635+05:30,2026-09-21 13:42:20.897635+05:30
335,2026-08-15,present,48,,,,36,8062,2026-09-21 13:42:20.897635+05:30,2026-09-21 13:42:20.897635+05:30
335,2026-08-17,present,48,,,,36,8063,2026-09-21 13:42:20.897635+05:30,2026-09-21 13:42:20.897635+05:30
335,2026-08-18,present,48,,,,36,8064,2026-09-21 13:42:20.897635+05:30,2026-09-21 13:42:20.897635+05:30
335,2026-08-19,present,48,,,,36,8065,2026-09-21 13:42:20.897635+05:30,2026-09-21 13:42:20.897635+05:30
335,2026-08-20,present,48,,,,36,8066,2026-09-21 13:42:20.897635+05:30,2026-09-21 13:42:20.897635+05:30
335,2026-08-21,present,48,,,,36,8067,2026-09-21 13:42:20.897635+05:30,2026-09-21 13:42:20.897635+05:30
335,2026-08-22,present,48,,,,36,8068,2026-09-21 13:42:20.897635+05:30,2026-09-21 13:42:20.897635+05:30
335,2026-08-24,present,48,,,,36,8069,2026-09-21 13:42:20.897635+05:30,2026-09-21 13:42:20.897635+05:30
335,2026-08-25,leave,48,,,,36,8070,2026-09-21 13:42:20.897635+05:30,2026-09-21 13:42:20.897635+05:30
335,2026-08-26,present,48,,,,36,8071,2026-09-21 13:42:20.897635+05:30,2026-09-21 13:42:20.897635+05:30
335,2026-08-27,present,48,,,,36,8072,2026-09-21 13:42:20.897635+05:30,2026-09-21 13:42:20.897635+05:30
335,2026-08-28,present,48,,,,36,8073,2026-09-21 13:42:20.897635+05:30,2026-09-21 13:42:20.897635+05:30
335,2026-08-29,present,48,,,,36,8074,2026-09-21 13:42:20.897635+05:30,2026-09-21 13:42:20.897635+05:30
335,2026-08-31,leave,48,,,,36,8075,2026-09-21 13:42:20.897635+05:30,2026-09-21 13:42:20.897635+05:30
335,2026-09-01,leave,48,,,,36,8076,2026-09-21 13:42:20.897635+05:30,2026-09-21 13:42:20.897635+05:30
336,2026-06-24,present,48,,,,36,8077,2026-09-21 13:42:20.897635+05:30,2026-09-21 13:42:20.897635+05:30
336,2026-06-25,present,48,,,,36,8078,2026-09-21 13:42:20.897635+05:30,2026-09-21 13:42:20.897635+05:30
336,2026-06-26,present,48,,,,36,8079,2026-09-21 13:42:20.897635+05:30,2026-09-21 13:42:20.897635+05:30
336,2026-06-27,present,48,,,,36,8080,2026-09-21 13:42:20.897635+05:30,2026-09-21 13:42:20.897635+05:30
336,2026-06-29,present,48,,,,36,8081,2026-09-21 13:42:20.897635+05:30,2026-09-21 13:42:20.897635+05:30
336,2026-06-30,present,48,,,,36,8082,2026-09-21 13:42:20.897635+05:30,2026-09-21 13:42:20.897635+05:30
336,2026-07-01,present,48,,,,36,8083,2026-09-21 13:42:20.897635+05:30,2026-09-21 13:42:20.897635+05:30
336,2026-07-02,present,48,,,,36,8084,2026-09-21 13:42:20.897635+05:30,2026-09-21 13:42:20.897635+05:30
336,2026-07-03,absent,48,,,,36,8085,2026-09-21 13:42:20.897635+05:30,2026-09-21 13:42:20.897635+05:30
336,2026-07-04,present,48,,,,36,8086,2026-09-21 13:42:20.897635+05:30,2026-09-21 13:42:20.897635+05:30
336,2026-07-06,present,48,,,,36,8087,2026-09-21 13:42:20.897635+05:30,2026-09-21 13:42:20.897635+05:30
336,2026-07-07,present,48,,,,36,8088,2026-09-21 13:42:20.897635+05:30,2026-09-21 13:42:20.897635+05:30
336,2026-07-08,present,48,,,,36,8089,2026-09-21 13:42:20.897635+05:30,2026-09-21 13:42:20.897635+05:30
336,2026-07-09,leave,48,,,,36,8090,2026-09-21 13:42:20.897635+05:30,2026-09-21 13:42:20.897635+05:30
336,2026-07-10,present,48,,,,36,8091,2026-09-21 13:42:20.897635+05:30,2026-09-21 13:42:20.897635+05:30
336,2026-07-11,present,48,,,,36,8092,2026-09-21 13:42:20.897635+05:30,2026-09-21 13:42:20.897635+05:30
336,2026-07-13,present,48,,,,36,8093,2026-09-21 13:42:20.897635+05:30,2026-09-21 13:42:20.897635+05:30
336,2026-07-14,present,48,,,,36,8094,2026-09-21 13:42:20.897635+05:30,2026-09-21 13:42:20.897635+05:30
336,2026-07-15,absent,48,,,,36,8095,2026-09-21 13:42:20.897635+05:30,2026-09-21 13:42:20.897635+05:30
336,2026-07-16,present,48,,,,36,8096,2026-09-21 13:42:20.897635+05:30,2026-09-21 13:42:20.897635+05:30
336,2026-07-17,present,48,,,,36,8097,2026-09-21 13:42:20.897635+05:30,2026-09-21 13:42:20.897635+05:30
336,2026-07-18,present,48,,,,36,8098,2026-09-21 13:42:20.897635+05:30,2026-09-21 13:42:20.897635+05:30
336,2026-07-20,present,48,,,,36,8099,2026-09-21 13:42:20.897635+05:30,2026-09-21 13:42:20.897635+05:30
336,2026-07-21,present,48,,,,36,8100,2026-09-21 13:42:20.897635+05:30,2026-09-21 13:42:20.897635+05:30
336,2026-07-22,present,48,,,,36,8101,2026-09-21 13:42:20.897635+05:30,2026-09-21 13:42:20.897635+05:30
336,2026-07-24,present,48,,,,36,8102,2026-09-21 13:42:20.897635+05:30,2026-09-21 13:42:20.897635+05:30
336,2026-07-25,present,48,,,,36,8103,2026-09-21 13:42:20.897635+05:30,2026-09-21 13:42:20.897635+05:30
336,2026-07-27,present,48,,,,36,8104,2026-09-21 13:42:20.897635+05:30,2026-09-21 13:42:20.897635+05:30
336,2026-07-28,present,48,,,,36,8105,2026-09-21 13:42:20.897635+05:30,2026-09-21 13:42:20.897635+05:30
336,2026-07-29,present,48,,,,36,8106,2026-09-21 13:42:20.897635+05:30,2026-09-21 13:42:20.897635+05:30
336,2026-07-30,present,48,,,,36,8107,2026-09-21 13:42:20.897635+05:30,2026-09-21 13:42:20.897635+05:30
336,2026-07-31,present,48,,,,36,8108,2026-09-21 13:42:20.897635+05:30,2026-09-21 13:42:20.897635+05:30
336,2026-08-01,present,48,,,,36,8109,2026-09-21 13:42:20.897635+05:30,2026-09-21 13:42:20.897635+05:30
336,2026-08-03,present,48,,,,36,8110,2026-09-21 13:42:20.897635+05:30,2026-09-21 13:42:20.897635+05:30
336,2026-08-04,present,48,,,,36,8111,2026-09-21 13:42:20.897635+05:30,2026-09-21 13:42:20.897635+05:30
336,2026-08-05,present,48,,,,36,8112,2026-09-21 13:42:20.897635+05:30,2026-09-21 13:42:20.897635+05:30
336,2026-08-06,present,48,,,,36,8113,2026-09-21 13:42:20.897635+05:30,2026-09-21 13:42:20.897635+05:30
336,2026-08-07,present,48,,,,36,8114,2026-09-21 13:42:20.897635+05:30,2026-09-21 13:42:20.897635+05:30
336,2026-08-08,present,48,,,,36,8115,2026-09-21 13:42:20.897635+05:30,2026-09-21 13:42:20.897635+05:30
336,2026-08-10,present,48,,,,36,8116,2026-09-21 13:42:20.897635+05:30,2026-09-21 13:42:20.897635+05:30
336,2026-08-12,present,48,,,,36,8117,2026-09-21 13:42:20.897635+05:30,2026-09-21 13:42:20.897635+05:30
336,2026-08-13,absent,48,,,,36,8118,2026-09-21 13:42:20.897635+05:30,2026-09-21 13:42:20.897635+05:30
336,2026-08-14,leave,48,,,,36,8119,2026-09-21 13:42:20.897635+05:30,2026-09-21 13:42:20.897635+05:30
336,2026-08-15,present,48,,,,36,8120,2026-09-21 13:42:20.897635+05:30,2026-09-21 13:42:20.897635+05:30
336,2026-08-17,present,48,,,,36,8121,2026-09-21 13:42:20.897635+05:30,2026-09-21 13:42:20.897635+05:30
336,2026-08-18,present,48,,,,36,8122,2026-09-21 13:42:20.897635+05:30,2026-09-21 13:42:20.897635+05:30
336,2026-08-19,present,48,,,,36,8123,2026-09-21 13:42:20.897635+05:30,2026-09-21 13:42:20.897635+05:30
336,2026-08-20,present,48,,,,36,8124,2026-09-21 13:42:20.897635+05:30,2026-09-21 13:42:20.897635+05:30
336,2026-08-21,present,48,,,,36,8125,2026-09-21 13:42:20.897635+05:30,2026-09-21 13:42:20.897635+05:30
336,2026-08-22,present,48,,,,36,8126,2026-09-21 13:42:20.897635+05:30,2026-09-21 13:42:20.897635+05:30
336,2026-08-24,present,48,,,,36,8127,2026-09-21 13:42:20.897635+05:30,2026-09-21 13:42:20.897635+05:30
336,2026-08-25,present,48,,,,36,8128,2026-09-21 13:42:20.897635+05:30,2026-09-21 13:42:20.897635+05:30
336,2026-08-26,present,48,,,,36,8129,2026-09-21 13:42:20.897635+05:30,2026-09-21 13:42:20.897635+05:30
336,2026-08-27,present,48,,,,36,8130,2026-09-21 13:42:20.897635+05:30,2026-09-21 13:42:20.897635+05:30
336,2026-08-28,present,48,,,,36,8131,2026-09-21 13:42:20.897635+05:30,2026-09-21 13:42:20.897635+05:30
336,2026-08-29,present,48,,,,36,8132,2026-09-21 13:42:20.897635+05:30,2026-09-21 13:42:20.897635+05:30
336,2026-08-31,present,48,,,,36,8133,2026-09-21 13:42:20.897635+05:30,2026-09-21 13:42:20.897635+05:30
336,2026-09-01,present,48,,,,36,8134,2026-09-21 13:42:20.897635+05:30,2026-09-21 13:42:20.897635+05:30
337,2026-06-24,present,48,,,,36,8135,2026-09-21 13:42:20.897635+05:30,2026-09-21 13:42:20.897635+05:30
337,2026-06-25,present,48,,,,36,8136,2026-09-21 13:42:20.897635+05:30,2026-09-21 13:42:20.897635+05:30
337,2026-06-26,present,48,,,,36,8137,2026-09-21 13:42:20.897635+05:30,2026-09-21 13:42:20.897635+05:30
337,2026-06-27,present,48,,,,36,8138,2026-09-21 13:42:20.897635+05:30,2026-09-21 13:42:20.897635+05:30
337,2026-06-29,present,48,,,,36,8139,2026-09-21 13:42:20.897635+05:30,2026-09-21 13:42:20.897635+05:30
337,2026-06-30,present,48,,,,36,8140,2026-09-21 13:42:20.897635+05:30,2026-09-21 13:42:20.897635+05:30
337,2026-07-01,present,48,,,,36,8141,2026-09-21 13:42:20.897635+05:30,2026-09-21 13:42:20.897635+05:30
337,2026-07-02,present,48,,,,36,8142,2026-09-21 13:42:20.897635+05:30,2026-09-21 13:42:20.897635+05:30
337,2026-07-03,present,48,,,,36,8143,2026-09-21 13:42:20.897635+05:30,2026-09-21 13:42:20.897635+05:30
337,2026-07-04,present,48,,,,36,8144,2026-09-21 13:42:20.897635+05:30,2026-09-21 13:42:20.897635+05:30
337,2026-07-06,present,48,,,,36,8145,2026-09-21 13:42:20.897635+05:30,2026-09-21 13:42:20.897635+05:30
337,2026-07-07,present,48,,,,36,8146,2026-09-21 13:42:20.897635+05:30,2026-09-21 13:42:20.897635+05:30
337,2026-07-08,present,48,,,,36,8147,2026-09-21 13:42:20.897635+05:30,2026-09-21 13:42:20.897635+05:30
337,2026-07-09,present,48,,,,36,8148,2026-09-21 13:42:20.897635+05:30,2026-09-21 13:42:20.897635+05:30
337,2026-07-10,present,48,,,,36,8149,2026-09-21 13:42:20.897635+05:30,2026-09-21 13:42:20.897635+05:30
337,2026-07-11,present,48,,,,36,8150,2026-09-21 13:42:20.897635+05:30,2026-09-21 13:42:20.897635+05:30
337,2026-07-13,present,48,,,,36,8151,2026-09-21 13:42:20.897635+05:30,2026-09-21 13:42:20.897635+05:30
337,2026-07-14,present,48,,,,36,8152,2026-09-21 13:42:20.897635+05:30,2026-09-21 13:42:20.897635+05:30
337,2026-07-15,present,48,,,,36,8153,2026-09-21 13:42:20.897635+05:30,2026-09-21 13:42:20.897635+05:30
337,2026-07-16,present,48,,,,36,8154,2026-09-21 13:42:20.897635+05:30,2026-09-21 13:42:20.897635+05:30
337,2026-07-17,present,48,,,,36,8155,2026-09-21 13:42:20.897635+05:30,2026-09-21 13:42:20.897635+05:30
337,2026-07-18,present,48,,,,36,8156,2026-09-21 13:42:20.897635+05:30,2026-09-21 13:42:20.897635+05:30
337,2026-07-20,present,48,,,,36,8157,2026-09-21 13:42:20.897635+05:30,2026-09-21 13:42:20.897635+05:30
337,2026-07-21,present,48,,,,36,8158,2026-09-21 13:42:20.897635+05:30,2026-09-21 13:42:20.897635+05:30
337,2026-07-22,present,48,,,,36,8159,2026-09-21 13:42:20.897635+05:30,2026-09-21 13:42:20.897635+05:30
337,2026-07-24,present,48,,,,36,8160,2026-09-21 13:42:20.897635+05:30,2026-09-21 13:42:20.897635+05:30
337,2026-07-25,present,48,,,,36,8161,2026-09-21 13:42:20.897635+05:30,2026-09-21 13:42:20.897635+05:30
337,2026-07-27,present,48,,,,36,8162,2026-09-21 13:42:20.897635+05:30,2026-09-21 13:42:20.897635+05:30
337,2026-07-28,present,48,,,,36,8163,2026-09-21 13:42:20.897635+05:30,2026-09-21 13:42:20.897635+05:30
337,2026-07-29,present,48,,,,36,8164,2026-09-21 13:42:20.897635+05:30,2026-09-21 13:42:20.897635+05:30
337,2026-07-30,present,48,,,,36,8165,2026-09-21 13:42:20.897635+05:30,2026-09-21 13:42:20.897635+05:30
337,2026-07-31,present,48,,,,36,8166,2026-09-21 13:42:20.897635+05:30,2026-09-21 13:42:20.897635+05:30
337,2026-08-01,leave,48,,,,36,8167,2026-09-21 13:42:20.897635+05:30,2026-09-21 13:42:20.897635+05:30
337,2026-08-03,present,48,,,,36,8168,2026-09-21 13:42:20.897635+05:30,2026-09-21 13:42:20.897635+05:30
337,2026-08-04,present,48,,,,36,8169,2026-09-21 13:42:20.897635+05:30,2026-09-21 13:42:20.897635+05:30
337,2026-08-05,present,48,,,,36,8170,2026-09-21 13:42:20.897635+05:30,2026-09-21 13:42:20.897635+05:30
337,2026-08-06,present,48,,,,36,8171,2026-09-21 13:42:20.897635+05:30,2026-09-21 13:42:20.897635+05:30
337,2026-08-07,present,48,,,,36,8172,2026-09-21 13:42:20.897635+05:30,2026-09-21 13:42:20.897635+05:30
337,2026-08-08,absent,48,,,,36,8173,2026-09-21 13:42:20.897635+05:30,2026-09-21 13:42:20.897635+05:30
337,2026-08-10,present,48,,,,36,8174,2026-09-21 13:42:20.897635+05:30,2026-09-21 13:42:20.897635+05:30
337,2026-08-12,present,48,,,,36,8175,2026-09-21 13:42:20.897635+05:30,2026-09-21 13:42:20.897635+05:30
337,2026-08-13,present,48,,,,36,8176,2026-09-21 13:42:20.897635+05:30,2026-09-21 13:42:20.897635+05:30
337,2026-08-14,present,48,,,,36,8177,2026-09-21 13:42:20.897635+05:30,2026-09-21 13:42:20.897635+05:30
337,2026-08-15,present,48,,,,36,8178,2026-09-21 13:42:20.897635+05:30,2026-09-21 13:42:20.897635+05:30
337,2026-08-17,present,48,,,,36,8179,2026-09-21 13:42:20.897635+05:30,2026-09-21 13:42:20.897635+05:30
337,2026-08-18,present,48,,,,36,8180,2026-09-21 13:42:20.897635+05:30,2026-09-21 13:42:20.897635+05:30
337,2026-08-19,present,48,,,,36,8181,2026-09-21 13:42:20.897635+05:30,2026-09-21 13:42:20.897635+05:30
337,2026-08-20,leave,48,,,,36,8182,2026-09-21 13:42:20.897635+05:30,2026-09-21 13:42:20.897635+05:30
337,2026-08-21,present,48,,,,36,8183,2026-09-21 13:42:20.897635+05:30,2026-09-21 13:42:20.897635+05:30
337,2026-08-22,present,48,,,,36,8184,2026-09-21 13:42:20.897635+05:30,2026-09-21 13:42:20.897635+05:30
337,2026-08-24,present,48,,,,36,8185,2026-09-21 13:42:20.897635+05:30,2026-09-21 13:42:20.897635+05:30
337,2026-08-25,present,48,,,,36,8186,2026-09-21 13:42:20.897635+05:30,2026-09-21 13:42:20.897635+05:30
337,2026-08-26,present,48,,,,36,8187,2026-09-21 13:42:20.897635+05:30,2026-09-21 13:42:20.897635+05:30
337,2026-08-27,present,48,,,,36,8188,2026-09-21 13:42:20.897635+05:30,2026-09-21 13:42:20.897635+05:30
337,2026-08-28,absent,48,,,,36,8189,2026-09-21 13:42:20.897635+05:30,2026-09-21 13:42:20.897635+05:30
337,2026-08-29,present,48,,,,36,8190,2026-09-21 13:42:20.897635+05:30,2026-09-21 13:42:20.897635+05:30
337,2026-08-31,present,48,,,,36,8191,2026-09-21 13:42:20.897635+05:30,2026-09-21 13:42:20.897635+05:30
337,2026-09-01,present,48,,,,36,8192,2026-09-21 13:42:20.897635+05:30,2026-09-21 13:42:20.897635+05:30
338,2026-06-24,present,49,,,,36,8193,2026-09-21 13:42:20.897635+05:30,2026-09-21 13:42:20.897635+05:30
338,2026-06-25,present,49,,,,36,8194,2026-09-21 13:42:20.897635+05:30,2026-09-21 13:42:20.897635+05:30
338,2026-06-26,present,49,,,,36,8195,2026-09-21 13:42:20.897635+05:30,2026-09-21 13:42:20.897635+05:30
338,2026-06-27,present,49,,,,36,8196,2026-09-21 13:42:20.897635+05:30,2026-09-21 13:42:20.897635+05:30
338,2026-06-29,leave,49,,,,36,8197,2026-09-21 13:42:20.897635+05:30,2026-09-21 13:42:20.897635+05:30
338,2026-06-30,present,49,,,,36,8198,2026-09-21 13:42:20.897635+05:30,2026-09-21 13:42:20.897635+05:30
338,2026-07-01,present,49,,,,36,8199,2026-09-21 13:42:20.897635+05:30,2026-09-21 13:42:20.897635+05:30
338,2026-07-02,present,49,,,,36,8200,2026-09-21 13:42:20.897635+05:30,2026-09-21 13:42:20.897635+05:30
338,2026-07-03,present,49,,,,36,8201,2026-09-21 13:42:20.897635+05:30,2026-09-21 13:42:20.897635+05:30
338,2026-07-04,present,49,,,,36,8202,2026-09-21 13:42:20.897635+05:30,2026-09-21 13:42:20.897635+05:30
338,2026-07-06,present,49,,,,36,8203,2026-09-21 13:42:20.897635+05:30,2026-09-21 13:42:20.897635+05:30
338,2026-07-07,present,49,,,,36,8204,2026-09-21 13:42:20.897635+05:30,2026-09-21 13:42:20.897635+05:30
338,2026-07-08,present,49,,,,36,8205,2026-09-21 13:42:20.897635+05:30,2026-09-21 13:42:20.897635+05:30
338,2026-07-09,present,49,,,,36,8206,2026-09-21 13:42:20.897635+05:30,2026-09-21 13:42:20.897635+05:30
338,2026-07-10,present,49,,,,36,8207,2026-09-21 13:42:20.897635+05:30,2026-09-21 13:42:20.897635+05:30
338,2026-07-11,present,49,,,,36,8208,2026-09-21 13:42:20.897635+05:30,2026-09-21 13:42:20.897635+05:30
338,2026-07-13,present,49,,,,36,8209,2026-09-21 13:42:20.897635+05:30,2026-09-21 13:42:20.897635+05:30
338,2026-07-14,present,49,,,,36,8210,2026-09-21 13:42:20.897635+05:30,2026-09-21 13:42:20.897635+05:30
338,2026-07-15,present,49,,,,36,8211,2026-09-21 13:42:20.897635+05:30,2026-09-21 13:42:20.897635+05:30
338,2026-07-16,present,49,,,,36,8212,2026-09-21 13:42:20.897635+05:30,2026-09-21 13:42:20.897635+05:30
338,2026-07-17,leave,49,,,,36,8213,2026-09-21 13:42:20.897635+05:30,2026-09-21 13:42:20.897635+05:30
338,2026-07-18,present,49,,,,36,8214,2026-09-21 13:42:20.897635+05:30,2026-09-21 13:42:20.897635+05:30
338,2026-07-20,present,49,,,,36,8215,2026-09-21 13:42:20.897635+05:30,2026-09-21 13:42:20.897635+05:30
338,2026-07-21,present,49,,,,36,8216,2026-09-21 13:42:20.897635+05:30,2026-09-21 13:42:20.897635+05:30
338,2026-07-22,present,49,,,,36,8217,2026-09-21 13:42:20.897635+05:30,2026-09-21 13:42:20.897635+05:30
338,2026-07-24,present,49,,,,36,8218,2026-09-21 13:42:20.897635+05:30,2026-09-21 13:42:20.897635+05:30
338,2026-07-25,present,49,,,,36,8219,2026-09-21 13:42:20.897635+05:30,2026-09-21 13:42:20.897635+05:30
338,2026-07-27,present,49,,,,36,8220,2026-09-21 13:42:20.897635+05:30,2026-09-21 13:42:20.897635+05:30
338,2026-07-28,present,49,,,,36,8221,2026-09-21 13:42:20.897635+05:30,2026-09-21 13:42:20.897635+05:30
338,2026-07-29,present,49,,,,36,8222,2026-09-21 13:42:20.897635+05:30,2026-09-21 13:42:20.897635+05:30
338,2026-07-30,present,49,,,,36,8223,2026-09-21 13:42:20.897635+05:30,2026-09-21 13:42:20.897635+05:30
338,2026-07-31,present,49,,,,36,8224,2026-09-21 13:42:20.897635+05:30,2026-09-21 13:42:20.897635+05:30
338,2026-08-01,present,49,,,,36,8225,2026-09-21 13:42:20.897635+05:30,2026-09-21 13:42:20.897635+05:30
338,2026-08-03,present,49,,,,36,8226,2026-09-21 13:42:20.897635+05:30,2026-09-21 13:42:20.897635+05:30
338,2026-08-04,present,49,,,,36,8227,2026-09-21 13:42:20.897635+05:30,2026-09-21 13:42:20.897635+05:30
338,2026-08-05,present,49,,,,36,8228,2026-09-21 13:42:20.897635+05:30,2026-09-21 13:42:20.897635+05:30
338,2026-08-06,present,49,,,,36,8229,2026-09-21 13:42:20.897635+05:30,2026-09-21 13:42:20.897635+05:30
338,2026-08-07,present,49,,,,36,8230,2026-09-21 13:42:20.897635+05:30,2026-09-21 13:42:20.897635+05:30
338,2026-08-08,present,49,,,,36,8231,2026-09-21 13:42:20.897635+05:30,2026-09-21 13:42:20.897635+05:30
338,2026-08-10,present,49,,,,36,8232,2026-09-21 13:42:20.897635+05:30,2026-09-21 13:42:20.897635+05:30
338,2026-08-12,present,49,,,,36,8233,2026-09-21 13:42:20.897635+05:30,2026-09-21 13:42:20.897635+05:30
338,2026-08-13,present,49,,,,36,8234,2026-09-21 13:42:20.897635+05:30,2026-09-21 13:42:20.897635+05:30
338,2026-08-14,present,49,,,,36,8235,2026-09-21 13:42:20.897635+05:30,2026-09-21 13:42:20.897635+05:30
338,2026-08-15,present,49,,,,36,8236,2026-09-21 13:42:20.897635+05:30,2026-09-21 13:42:20.897635+05:30
338,2026-08-17,present,49,,,,36,8237,2026-09-21 13:42:20.897635+05:30,2026-09-21 13:42:20.897635+05:30
338,2026-08-18,present,49,,,,36,8238,2026-09-21 13:42:20.897635+05:30,2026-09-21 13:42:20.897635+05:30
338,2026-08-19,present,49,,,,36,8239,2026-09-21 13:42:20.897635+05:30,2026-09-21 13:42:20.897635+05:30
338,2026-08-20,present,49,,,,36,8240,2026-09-21 13:42:20.897635+05:30,2026-09-21 13:42:20.897635+05:30
338,2026-08-21,present,49,,,,36,8241,2026-09-21 13:42:20.897635+05:30,2026-09-21 13:42:20.897635+05:30
338,2026-08-22,absent,49,,,,36,8242,2026-09-21 13:42:20.897635+05:30,2026-09-21 13:42:20.897635+05:30
338,2026-08-24,present,49,,,,36,8243,2026-09-21 13:42:20.897635+05:30,2026-09-21 13:42:20.897635+05:30
338,2026-08-25,present,49,,,,36,8244,2026-09-21 13:42:20.897635+05:30,2026-09-21 13:42:20.897635+05:30
338,2026-08-26,present,49,,,,36,8245,2026-09-21 13:42:20.897635+05:30,2026-09-21 13:42:20.897635+05:30
338,2026-08-27,present,49,,,,36,8246,2026-09-21 13:42:20.897635+05:30,2026-09-21 13:42:20.897635+05:30
338,2026-08-28,present,49,,,,36,8247,2026-09-21 13:42:20.897635+05:30,2026-09-21 13:42:20.897635+05:30
338,2026-08-29,present,49,,,,36,8248,2026-09-21 13:42:20.897635+05:30,2026-09-21 13:42:20.897635+05:30
338,2026-08-31,absent,49,,,,36,8249,2026-09-21 13:42:20.897635+05:30,2026-09-21 13:42:20.897635+05:30
338,2026-09-01,present,49,,,,36,8250,2026-09-21 13:42:20.897635+05:30,2026-09-21 13:42:20.897635+05:30
339,2026-06-24,present,49,,,,36,8251,2026-09-21 13:42:20.897635+05:30,2026-09-21 13:42:20.897635+05:30
339,2026-06-25,present,49,,,,36,8252,2026-09-21 13:42:20.897635+05:30,2026-09-21 13:42:20.897635+05:30
339,2026-06-26,present,49,,,,36,8253,2026-09-21 13:42:20.897635+05:30,2026-09-21 13:42:20.897635+05:30
339,2026-06-27,present,49,,,,36,8254,2026-09-21 13:42:20.897635+05:30,2026-09-21 13:42:20.897635+05:30
339,2026-06-29,present,49,,,,36,8255,2026-09-21 13:42:20.897635+05:30,2026-09-21 13:42:20.897635+05:30
339,2026-06-30,present,49,,,,36,8256,2026-09-21 13:42:20.897635+05:30,2026-09-21 13:42:20.897635+05:30
339,2026-07-01,present,49,,,,36,8257,2026-09-21 13:42:20.897635+05:30,2026-09-21 13:42:20.897635+05:30
339,2026-07-02,present,49,,,,36,8258,2026-09-21 13:42:20.897635+05:30,2026-09-21 13:42:20.897635+05:30
339,2026-07-03,present,49,,,,36,8259,2026-09-21 13:42:20.897635+05:30,2026-09-21 13:42:20.897635+05:30
339,2026-07-04,present,49,,,,36,8260,2026-09-21 13:42:20.897635+05:30,2026-09-21 13:42:20.897635+05:30
339,2026-07-06,present,49,,,,36,8261,2026-09-21 13:42:20.897635+05:30,2026-09-21 13:42:20.897635+05:30
339,2026-07-07,present,49,,,,36,8262,2026-09-21 13:42:20.897635+05:30,2026-09-21 13:42:20.897635+05:30
339,2026-07-08,present,49,,,,36,8263,2026-09-21 13:42:20.897635+05:30,2026-09-21 13:42:20.897635+05:30
339,2026-07-09,leave,49,,,,36,8264,2026-09-21 13:42:20.897635+05:30,2026-09-21 13:42:20.897635+05:30
339,2026-07-10,present,49,,,,36,8265,2026-09-21 13:42:20.897635+05:30,2026-09-21 13:42:20.897635+05:30
339,2026-07-11,present,49,,,,36,8266,2026-09-21 13:42:20.897635+05:30,2026-09-21 13:42:20.897635+05:30
339,2026-07-13,present,49,,,,36,8267,2026-09-21 13:42:20.897635+05:30,2026-09-21 13:42:20.897635+05:30
339,2026-07-14,present,49,,,,36,8268,2026-09-21 13:42:20.897635+05:30,2026-09-21 13:42:20.897635+05:30
339,2026-07-15,present,49,,,,36,8269,2026-09-21 13:42:20.897635+05:30,2026-09-21 13:42:20.897635+05:30
339,2026-07-16,present,49,,,,36,8270,2026-09-21 13:42:20.897635+05:30,2026-09-21 13:42:20.897635+05:30
339,2026-07-17,present,49,,,,36,8271,2026-09-21 13:42:20.897635+05:30,2026-09-21 13:42:20.897635+05:30
339,2026-07-18,present,49,,,,36,8272,2026-09-21 13:42:20.897635+05:30,2026-09-21 13:42:20.897635+05:30
339,2026-07-20,present,49,,,,36,8273,2026-09-21 13:42:20.897635+05:30,2026-09-21 13:42:20.897635+05:30
339,2026-07-21,present,49,,,,36,8274,2026-09-21 13:42:20.897635+05:30,2026-09-21 13:42:20.897635+05:30
339,2026-07-22,present,49,,,,36,8275,2026-09-21 13:42:20.897635+05:30,2026-09-21 13:42:20.897635+05:30
339,2026-07-24,present,49,,,,36,8276,2026-09-21 13:42:20.897635+05:30,2026-09-21 13:42:20.897635+05:30
339,2026-07-25,present,49,,,,36,8277,2026-09-21 13:42:20.897635+05:30,2026-09-21 13:42:20.897635+05:30
339,2026-07-27,present,49,,,,36,8278,2026-09-21 13:42:20.897635+05:30,2026-09-21 13:42:20.897635+05:30
339,2026-07-28,present,49,,,,36,8279,2026-09-21 13:42:20.897635+05:30,2026-09-21 13:42:20.897635+05:30
339,2026-07-29,present,49,,,,36,8280,2026-09-21 13:42:20.897635+05:30,2026-09-21 13:42:20.897635+05:30
339,2026-07-30,present,49,,,,36,8281,2026-09-21 13:42:20.897635+05:30,2026-09-21 13:42:20.897635+05:30
339,2026-07-31,present,49,,,,36,8282,2026-09-21 13:42:20.897635+05:30,2026-09-21 13:42:20.897635+05:30
339,2026-08-01,present,49,,,,36,8283,2026-09-21 13:42:20.897635+05:30,2026-09-21 13:42:20.897635+05:30
339,2026-08-03,present,49,,,,36,8284,2026-09-21 13:42:20.897635+05:30,2026-09-21 13:42:20.897635+05:30
339,2026-08-04,present,49,,,,36,8285,2026-09-21 13:42:20.897635+05:30,2026-09-21 13:42:20.897635+05:30
339,2026-08-05,present,49,,,,36,8286,2026-09-21 13:42:20.897635+05:30,2026-09-21 13:42:20.897635+05:30
339,2026-08-06,present,49,,,,36,8287,2026-09-21 13:42:20.897635+05:30,2026-09-21 13:42:20.897635+05:30
339,2026-08-07,absent,49,,,,36,8288,2026-09-21 13:42:20.897635+05:30,2026-09-21 13:42:20.897635+05:30
339,2026-08-08,absent,49,,,,36,8289,2026-09-21 13:42:20.897635+05:30,2026-09-21 13:42:20.897635+05:30
339,2026-08-10,present,49,,,,36,8290,2026-09-21 13:42:20.897635+05:30,2026-09-21 13:42:20.897635+05:30
339,2026-08-12,present,49,,,,36,8291,2026-09-21 13:42:20.897635+05:30,2026-09-21 13:42:20.897635+05:30
339,2026-08-13,present,49,,,,36,8292,2026-09-21 13:42:20.897635+05:30,2026-09-21 13:42:20.897635+05:30
339,2026-08-14,present,49,,,,36,8293,2026-09-21 13:42:20.897635+05:30,2026-09-21 13:42:20.897635+05:30
339,2026-08-15,present,49,,,,36,8294,2026-09-21 13:42:20.897635+05:30,2026-09-21 13:42:20.897635+05:30
339,2026-08-17,present,49,,,,36,8295,2026-09-21 13:42:20.897635+05:30,2026-09-21 13:42:20.897635+05:30
339,2026-08-18,present,49,,,,36,8296,2026-09-21 13:42:20.897635+05:30,2026-09-21 13:42:20.897635+05:30
339,2026-08-19,present,49,,,,36,8297,2026-09-21 13:42:20.897635+05:30,2026-09-21 13:42:20.897635+05:30
339,2026-08-20,leave,49,,,,36,8298,2026-09-21 13:42:20.897635+05:30,2026-09-21 13:42:20.897635+05:30
339,2026-08-21,absent,49,,,,36,8299,2026-09-21 13:42:20.897635+05:30,2026-09-21 13:42:20.897635+05:30
339,2026-08-22,present,49,,,,36,8300,2026-09-21 13:42:20.897635+05:30,2026-09-21 13:42:20.897635+05:30
339,2026-08-24,leave,49,,,,36,8301,2026-09-21 13:42:20.897635+05:30,2026-09-21 13:42:20.897635+05:30
339,2026-08-25,present,49,,,,36,8302,2026-09-21 13:42:20.897635+05:30,2026-09-21 13:42:20.897635+05:30
339,2026-08-26,present,49,,,,36,8303,2026-09-21 13:42:20.897635+05:30,2026-09-21 13:42:20.897635+05:30
339,2026-08-27,present,49,,,,36,8304,2026-09-21 13:42:20.897635+05:30,2026-09-21 13:42:20.897635+05:30
339,2026-08-28,present,49,,,,36,8305,2026-09-21 13:42:20.897635+05:30,2026-09-21 13:42:20.897635+05:30
339,2026-08-29,present,49,,,,36,8306,2026-09-21 13:42:20.897635+05:30,2026-09-21 13:42:20.897635+05:30
339,2026-08-31,present,49,,,,36,8307,2026-09-21 13:42:20.897635+05:30,2026-09-21 13:42:20.897635+05:30
339,2026-09-01,present,49,,,,36,8308,2026-09-21 13:42:20.897635+05:30,2026-09-21 13:42:20.897635+05:30
340,2026-06-24,present,49,,,,36,8309,2026-09-21 13:42:20.897635+05:30,2026-09-21 13:42:20.897635+05:30
340,2026-06-25,present,49,,,,36,8310,2026-09-21 13:42:20.897635+05:30,2026-09-21 13:42:20.897635+05:30
340,2026-06-26,present,49,,,,36,8311,2026-09-21 13:42:20.897635+05:30,2026-09-21 13:42:20.897635+05:30
340,2026-06-27,present,49,,,,36,8312,2026-09-21 13:42:20.897635+05:30,2026-09-21 13:42:20.897635+05:30
340,2026-06-29,present,49,,,,36,8313,2026-09-21 13:42:20.897635+05:30,2026-09-21 13:42:20.897635+05:30
340,2026-06-30,present,49,,,,36,8314,2026-09-21 13:42:20.897635+05:30,2026-09-21 13:42:20.897635+05:30
340,2026-07-01,present,49,,,,36,8315,2026-09-21 13:42:20.897635+05:30,2026-09-21 13:42:20.897635+05:30
340,2026-07-02,present,49,,,,36,8316,2026-09-21 13:42:20.897635+05:30,2026-09-21 13:42:20.897635+05:30
340,2026-07-03,present,49,,,,36,8317,2026-09-21 13:42:20.897635+05:30,2026-09-21 13:42:20.897635+05:30
340,2026-07-04,present,49,,,,36,8318,2026-09-21 13:42:20.897635+05:30,2026-09-21 13:42:20.897635+05:30
340,2026-07-06,absent,49,,,,36,8319,2026-09-21 13:42:20.897635+05:30,2026-09-21 13:42:20.897635+05:30
340,2026-07-07,present,49,,,,36,8320,2026-09-21 13:42:20.897635+05:30,2026-09-21 13:42:20.897635+05:30
340,2026-07-08,present,49,,,,36,8321,2026-09-21 13:42:20.897635+05:30,2026-09-21 13:42:20.897635+05:30
340,2026-07-09,present,49,,,,36,8322,2026-09-21 13:42:20.897635+05:30,2026-09-21 13:42:20.897635+05:30
340,2026-07-10,present,49,,,,36,8323,2026-09-21 13:42:20.897635+05:30,2026-09-21 13:42:20.897635+05:30
340,2026-07-11,present,49,,,,36,8324,2026-09-21 13:42:20.897635+05:30,2026-09-21 13:42:20.897635+05:30
340,2026-07-13,present,49,,,,36,8325,2026-09-21 13:42:20.897635+05:30,2026-09-21 13:42:20.897635+05:30
340,2026-07-14,present,49,,,,36,8326,2026-09-21 13:42:20.897635+05:30,2026-09-21 13:42:20.897635+05:30
340,2026-07-15,present,49,,,,36,8327,2026-09-21 13:42:20.897635+05:30,2026-09-21 13:42:20.897635+05:30
340,2026-07-16,present,49,,,,36,8328,2026-09-21 13:42:20.897635+05:30,2026-09-21 13:42:20.897635+05:30
340,2026-07-17,present,49,,,,36,8329,2026-09-21 13:42:20.897635+05:30,2026-09-21 13:42:20.897635+05:30
340,2026-07-18,present,49,,,,36,8330,2026-09-21 13:42:20.897635+05:30,2026-09-21 13:42:20.897635+05:30
340,2026-07-20,absent,49,,,,36,8331,2026-09-21 13:42:20.897635+05:30,2026-09-21 13:42:20.897635+05:30
340,2026-07-21,present,49,,,,36,8332,2026-09-21 13:42:20.897635+05:30,2026-09-21 13:42:20.897635+05:30
340,2026-07-22,present,49,,,,36,8333,2026-09-21 13:42:20.897635+05:30,2026-09-21 13:42:20.897635+05:30
340,2026-07-24,present,49,,,,36,8334,2026-09-21 13:42:20.897635+05:30,2026-09-21 13:42:20.897635+05:30
340,2026-07-25,present,49,,,,36,8335,2026-09-21 13:42:20.897635+05:30,2026-09-21 13:42:20.897635+05:30
340,2026-07-27,leave,49,,,,36,8336,2026-09-21 13:42:20.897635+05:30,2026-09-21 13:42:20.897635+05:30
340,2026-07-28,present,49,,,,36,8337,2026-09-21 13:42:20.897635+05:30,2026-09-21 13:42:20.897635+05:30
340,2026-07-29,present,49,,,,36,8338,2026-09-21 13:42:20.897635+05:30,2026-09-21 13:42:20.897635+05:30
340,2026-07-30,present,49,,,,36,8339,2026-09-21 13:42:20.897635+05:30,2026-09-21 13:42:20.897635+05:30
340,2026-07-31,present,49,,,,36,8340,2026-09-21 13:42:20.897635+05:30,2026-09-21 13:42:20.897635+05:30
340,2026-08-01,present,49,,,,36,8341,2026-09-21 13:42:20.897635+05:30,2026-09-21 13:42:20.897635+05:30
340,2026-08-03,present,49,,,,36,8342,2026-09-21 13:42:20.897635+05:30,2026-09-21 13:42:20.897635+05:30
340,2026-08-04,present,49,,,,36,8343,2026-09-21 13:42:20.897635+05:30,2026-09-21 13:42:20.897635+05:30
340,2026-08-05,present,49,,,,36,8344,2026-09-21 13:42:20.897635+05:30,2026-09-21 13:42:20.897635+05:30
340,2026-08-06,present,49,,,,36,8345,2026-09-21 13:42:20.897635+05:30,2026-09-21 13:42:20.897635+05:30
340,2026-08-07,present,49,,,,36,8346,2026-09-21 13:42:20.897635+05:30,2026-09-21 13:42:20.897635+05:30
340,2026-08-08,present,49,,,,36,8347,2026-09-21 13:42:20.897635+05:30,2026-09-21 13:42:20.897635+05:30
340,2026-08-10,present,49,,,,36,8348,2026-09-21 13:42:20.897635+05:30,2026-09-21 13:42:20.897635+05:30
340,2026-08-12,present,49,,,,36,8349,2026-09-21 13:42:20.897635+05:30,2026-09-21 13:42:20.897635+05:30
340,2026-08-13,present,49,,,,36,8350,2026-09-21 13:42:20.897635+05:30,2026-09-21 13:42:20.897635+05:30
340,2026-08-14,present,49,,,,36,8351,2026-09-21 13:42:20.897635+05:30,2026-09-21 13:42:20.897635+05:30
340,2026-08-15,leave,49,,,,36,8352,2026-09-21 13:42:20.897635+05:30,2026-09-21 13:42:20.897635+05:30
340,2026-08-17,present,49,,,,36,8353,2026-09-21 13:42:20.897635+05:30,2026-09-21 13:42:20.897635+05:30
340,2026-08-18,present,49,,,,36,8354,2026-09-21 13:42:20.897635+05:30,2026-09-21 13:42:20.897635+05:30
340,2026-08-19,leave,49,,,,36,8355,2026-09-21 13:42:20.897635+05:30,2026-09-21 13:42:20.897635+05:30
340,2026-08-20,present,49,,,,36,8356,2026-09-21 13:42:20.897635+05:30,2026-09-21 13:42:20.897635+05:30
340,2026-08-21,present,49,,,,36,8357,2026-09-21 13:42:20.897635+05:30,2026-09-21 13:42:20.897635+05:30
340,2026-08-22,present,49,,,,36,8358,2026-09-21 13:42:20.897635+05:30,2026-09-21 13:42:20.897635+05:30
340,2026-08-24,absent,49,,,,36,8359,2026-09-21 13:42:20.897635+05:30,2026-09-21 13:42:20.897635+05:30
340,2026-08-25,present,49,,,,36,8360,2026-09-21 13:42:20.897635+05:30,2026-09-21 13:42:20.897635+05:30
340,2026-08-26,present,49,,,,36,8361,2026-09-21 13:42:20.897635+05:30,2026-09-21 13:42:20.897635+05:30
340,2026-08-27,present,49,,,,36,8362,2026-09-21 13:42:20.897635+05:30,2026-09-21 13:42:20.897635+05:30
340,2026-08-28,present,49,,,,36,8363,2026-09-21 13:42:20.897635+05:30,2026-09-21 13:42:20.897635+05:30
340,2026-08-29,present,49,,,,36,8364,2026-09-21 13:42:20.897635+05:30,2026-09-21 13:42:20.897635+05:30
340,2026-08-31,present,49,,,,36,8365,2026-09-21 13:42:20.897635+05:30,2026-09-21 13:42:20.897635+05:30
340,2026-09-01,present,49,,,,36,8366,2026-09-21 13:42:20.897635+05:30,2026-09-21 13:42:20.897635+05:30
341,2026-06-24,present,49,,,,36,8367,2026-09-21 13:42:20.897635+05:30,2026-09-21 13:42:20.897635+05:30
341,2026-06-25,present,49,,,,36,8368,2026-09-21 13:42:20.897635+05:30,2026-09-21 13:42:20.897635+05:30
341,2026-06-26,present,49,,,,36,8369,2026-09-21 13:42:20.897635+05:30,2026-09-21 13:42:20.897635+05:30
341,2026-06-27,present,49,,,,36,8370,2026-09-21 13:42:20.897635+05:30,2026-09-21 13:42:20.897635+05:30
341,2026-06-29,present,49,,,,36,8371,2026-09-21 13:42:20.897635+05:30,2026-09-21 13:42:20.897635+05:30
341,2026-06-30,present,49,,,,36,8372,2026-09-21 13:42:20.897635+05:30,2026-09-21 13:42:20.897635+05:30
341,2026-07-01,present,49,,,,36,8373,2026-09-21 13:42:20.897635+05:30,2026-09-21 13:42:20.897635+05:30
341,2026-07-02,present,49,,,,36,8374,2026-09-21 13:42:20.897635+05:30,2026-09-21 13:42:20.897635+05:30
341,2026-07-03,present,49,,,,36,8375,2026-09-21 13:42:20.897635+05:30,2026-09-21 13:42:20.897635+05:30
341,2026-07-04,present,49,,,,36,8376,2026-09-21 13:42:20.897635+05:30,2026-09-21 13:42:20.897635+05:30
341,2026-07-06,present,49,,,,36,8377,2026-09-21 13:42:20.897635+05:30,2026-09-21 13:42:20.897635+05:30
341,2026-07-07,present,49,,,,36,8378,2026-09-21 13:42:20.897635+05:30,2026-09-21 13:42:20.897635+05:30
341,2026-07-08,present,49,,,,36,8379,2026-09-21 13:42:20.897635+05:30,2026-09-21 13:42:20.897635+05:30
341,2026-07-09,present,49,,,,36,8380,2026-09-21 13:42:20.897635+05:30,2026-09-21 13:42:20.897635+05:30
341,2026-07-10,present,49,,,,36,8381,2026-09-21 13:42:20.897635+05:30,2026-09-21 13:42:20.897635+05:30
341,2026-07-11,present,49,,,,36,8382,2026-09-21 13:42:20.897635+05:30,2026-09-21 13:42:20.897635+05:30
341,2026-07-13,present,49,,,,36,8383,2026-09-21 13:42:20.897635+05:30,2026-09-21 13:42:20.897635+05:30
341,2026-07-14,present,49,,,,36,8384,2026-09-21 13:42:20.897635+05:30,2026-09-21 13:42:20.897635+05:30
341,2026-07-15,present,49,,,,36,8385,2026-09-21 13:42:20.897635+05:30,2026-09-21 13:42:20.897635+05:30
341,2026-07-16,present,49,,,,36,8386,2026-09-21 13:42:20.897635+05:30,2026-09-21 13:42:20.897635+05:30
341,2026-07-17,present,49,,,,36,8387,2026-09-21 13:42:20.897635+05:30,2026-09-21 13:42:20.897635+05:30
341,2026-07-18,present,49,,,,36,8388,2026-09-21 13:42:20.897635+05:30,2026-09-21 13:42:20.897635+05:30
341,2026-07-20,present,49,,,,36,8389,2026-09-21 13:42:20.897635+05:30,2026-09-21 13:42:20.897635+05:30
341,2026-07-21,present,49,,,,36,8390,2026-09-21 13:42:20.897635+05:30,2026-09-21 13:42:20.897635+05:30
341,2026-07-22,present,49,,,,36,8391,2026-09-21 13:42:20.897635+05:30,2026-09-21 13:42:20.897635+05:30
341,2026-07-24,present,49,,,,36,8392,2026-09-21 13:42:20.897635+05:30,2026-09-21 13:42:20.897635+05:30
341,2026-07-25,present,49,,,,36,8393,2026-09-21 13:42:20.897635+05:30,2026-09-21 13:42:20.897635+05:30
341,2026-07-27,present,49,,,,36,8394,2026-09-21 13:42:20.897635+05:30,2026-09-21 13:42:20.897635+05:30
341,2026-07-28,present,49,,,,36,8395,2026-09-21 13:42:20.897635+05:30,2026-09-21 13:42:20.897635+05:30
341,2026-07-29,present,49,,,,36,8396,2026-09-21 13:42:20.897635+05:30,2026-09-21 13:42:20.897635+05:30
341,2026-07-30,present,49,,,,36,8397,2026-09-21 13:42:20.897635+05:30,2026-09-21 13:42:20.897635+05:30
341,2026-07-31,leave,49,,,,36,8398,2026-09-21 13:42:20.897635+05:30,2026-09-21 13:42:20.897635+05:30
341,2026-08-01,present,49,,,,36,8399,2026-09-21 13:42:20.897635+05:30,2026-09-21 13:42:20.897635+05:30
341,2026-08-03,present,49,,,,36,8400,2026-09-21 13:42:20.897635+05:30,2026-09-21 13:42:20.897635+05:30
341,2026-08-04,present,49,,,,36,8401,2026-09-21 13:42:20.897635+05:30,2026-09-21 13:42:20.897635+05:30
341,2026-08-05,present,49,,,,36,8402,2026-09-21 13:42:20.897635+05:30,2026-09-21 13:42:20.897635+05:30
341,2026-08-06,present,49,,,,36,8403,2026-09-21 13:42:20.897635+05:30,2026-09-21 13:42:20.897635+05:30
341,2026-08-07,present,49,,,,36,8404,2026-09-21 13:42:20.897635+05:30,2026-09-21 13:42:20.897635+05:30
341,2026-08-08,present,49,,,,36,8405,2026-09-21 13:42:20.897635+05:30,2026-09-21 13:42:20.897635+05:30
341,2026-08-10,present,49,,,,36,8406,2026-09-21 13:42:20.897635+05:30,2026-09-21 13:42:20.897635+05:30
341,2026-08-12,present,49,,,,36,8407,2026-09-21 13:42:20.897635+05:30,2026-09-21 13:42:20.897635+05:30
341,2026-08-13,present,49,,,,36,8408,2026-09-21 13:42:20.897635+05:30,2026-09-21 13:42:20.897635+05:30
341,2026-08-14,present,49,,,,36,8409,2026-09-21 13:42:20.897635+05:30,2026-09-21 13:42:20.897635+05:30
341,2026-08-15,absent,49,,,,36,8410,2026-09-21 13:42:20.897635+05:30,2026-09-21 13:42:20.897635+05:30
341,2026-08-17,present,49,,,,36,8411,2026-09-21 13:42:20.897635+05:30,2026-09-21 13:42:20.897635+05:30
341,2026-08-18,present,49,,,,36,8412,2026-09-21 13:42:20.897635+05:30,2026-09-21 13:42:20.897635+05:30
341,2026-08-19,present,49,,,,36,8413,2026-09-21 13:42:20.897635+05:30,2026-09-21 13:42:20.897635+05:30
341,2026-08-20,present,49,,,,36,8414,2026-09-21 13:42:20.897635+05:30,2026-09-21 13:42:20.897635+05:30
341,2026-08-21,present,49,,,,36,8415,2026-09-21 13:42:20.897635+05:30,2026-09-21 13:42:20.897635+05:30
341,2026-08-22,present,49,,,,36,8416,2026-09-21 13:42:20.897635+05:30,2026-09-21 13:42:20.897635+05:30
341,2026-08-24,present,49,,,,36,8417,2026-09-21 13:42:20.897635+05:30,2026-09-21 13:42:20.897635+05:30
341,2026-08-25,present,49,,,,36,8418,2026-09-21 13:42:20.897635+05:30,2026-09-21 13:42:20.897635+05:30
341,2026-08-26,present,49,,,,36,8419,2026-09-21 13:42:20.897635+05:30,2026-09-21 13:42:20.897635+05:30
341,2026-08-27,present,49,,,,36,8420,2026-09-21 13:42:20.897635+05:30,2026-09-21 13:42:20.897635+05:30
341,2026-08-28,present,49,,,,36,8421,2026-09-21 13:42:20.897635+05:30,2026-09-21 13:42:20.897635+05:30
341,2026-08-29,leave,49,,,,36,8422,2026-09-21 13:42:20.897635+05:30,2026-09-21 13:42:20.897635+05:30
341,2026-08-31,present,49,,,,36,8423,2026-09-21 13:42:20.897635+05:30,2026-09-21 13:42:20.897635+05:30
341,2026-09-01,present,49,,,,36,8424,2026-09-21 13:42:20.897635+05:30,2026-09-21 13:42:20.897635+05:30
342,2026-06-24,present,49,,,,36,8425,2026-09-21 13:42:20.897635+05:30,2026-09-21 13:42:20.897635+05:30
342,2026-06-25,present,49,,,,36,8426,2026-09-21 13:42:20.897635+05:30,2026-09-21 13:42:20.897635+05:30
342,2026-06-26,present,49,,,,36,8427,2026-09-21 13:42:20.897635+05:30,2026-09-21 13:42:20.897635+05:30
342,2026-06-27,present,49,,,,36,8428,2026-09-21 13:42:20.897635+05:30,2026-09-21 13:42:20.897635+05:30
342,2026-06-29,present,49,,,,36,8429,2026-09-21 13:42:20.897635+05:30,2026-09-21 13:42:20.897635+05:30
342,2026-06-30,present,49,,,,36,8430,2026-09-21 13:42:20.897635+05:30,2026-09-21 13:42:20.897635+05:30
342,2026-07-01,present,49,,,,36,8431,2026-09-21 13:42:20.897635+05:30,2026-09-21 13:42:20.897635+05:30
342,2026-07-02,present,49,,,,36,8432,2026-09-21 13:42:20.897635+05:30,2026-09-21 13:42:20.897635+05:30
342,2026-07-03,present,49,,,,36,8433,2026-09-21 13:42:20.897635+05:30,2026-09-21 13:42:20.897635+05:30
342,2026-07-04,leave,49,,,,36,8434,2026-09-21 13:42:20.897635+05:30,2026-09-21 13:42:20.897635+05:30
342,2026-07-06,present,49,,,,36,8435,2026-09-21 13:42:20.897635+05:30,2026-09-21 13:42:20.897635+05:30
342,2026-07-07,present,49,,,,36,8436,2026-09-21 13:42:20.897635+05:30,2026-09-21 13:42:20.897635+05:30
342,2026-07-08,present,49,,,,36,8437,2026-09-21 13:42:20.897635+05:30,2026-09-21 13:42:20.897635+05:30
342,2026-07-09,present,49,,,,36,8438,2026-09-21 13:42:20.897635+05:30,2026-09-21 13:42:20.897635+05:30
342,2026-07-10,present,49,,,,36,8439,2026-09-21 13:42:20.897635+05:30,2026-09-21 13:42:20.897635+05:30
342,2026-07-11,present,49,,,,36,8440,2026-09-21 13:42:20.897635+05:30,2026-09-21 13:42:20.897635+05:30
342,2026-07-13,present,49,,,,36,8441,2026-09-21 13:42:20.897635+05:30,2026-09-21 13:42:20.897635+05:30
342,2026-07-14,present,49,,,,36,8442,2026-09-21 13:42:20.897635+05:30,2026-09-21 13:42:20.897635+05:30
342,2026-07-15,present,49,,,,36,8443,2026-09-21 13:42:20.897635+05:30,2026-09-21 13:42:20.897635+05:30
342,2026-07-16,present,49,,,,36,8444,2026-09-21 13:42:20.897635+05:30,2026-09-21 13:42:20.897635+05:30
342,2026-07-17,present,49,,,,36,8445,2026-09-21 13:42:20.897635+05:30,2026-09-21 13:42:20.897635+05:30
342,2026-07-18,present,49,,,,36,8446,2026-09-21 13:42:20.897635+05:30,2026-09-21 13:42:20.897635+05:30
342,2026-07-20,leave,49,,,,36,8447,2026-09-21 13:42:20.897635+05:30,2026-09-21 13:42:20.897635+05:30
342,2026-07-21,present,49,,,,36,8448,2026-09-21 13:42:20.897635+05:30,2026-09-21 13:42:20.897635+05:30
342,2026-07-22,present,49,,,,36,8449,2026-09-21 13:42:20.897635+05:30,2026-09-21 13:42:20.897635+05:30
342,2026-07-24,present,49,,,,36,8450,2026-09-21 13:42:20.897635+05:30,2026-09-21 13:42:20.897635+05:30
342,2026-07-25,present,49,,,,36,8451,2026-09-21 13:42:20.897635+05:30,2026-09-21 13:42:20.897635+05:30
342,2026-07-27,present,49,,,,36,8452,2026-09-21 13:42:20.897635+05:30,2026-09-21 13:42:20.897635+05:30
342,2026-07-28,present,49,,,,36,8453,2026-09-21 13:42:20.897635+05:30,2026-09-21 13:42:20.897635+05:30
342,2026-07-29,present,49,,,,36,8454,2026-09-21 13:42:20.897635+05:30,2026-09-21 13:42:20.897635+05:30
342,2026-07-30,present,49,,,,36,8455,2026-09-21 13:42:20.897635+05:30,2026-09-21 13:42:20.897635+05:30
342,2026-07-31,present,49,,,,36,8456,2026-09-21 13:42:20.897635+05:30,2026-09-21 13:42:20.897635+05:30
342,2026-08-01,absent,49,,,,36,8457,2026-09-21 13:42:20.897635+05:30,2026-09-21 13:42:20.897635+05:30
342,2026-08-03,present,49,,,,36,8458,2026-09-21 13:42:20.897635+05:30,2026-09-21 13:42:20.897635+05:30
342,2026-08-04,present,49,,,,36,8459,2026-09-21 13:42:20.897635+05:30,2026-09-21 13:42:20.897635+05:30
342,2026-08-05,present,49,,,,36,8460,2026-09-21 13:42:20.897635+05:30,2026-09-21 13:42:20.897635+05:30
342,2026-08-06,present,49,,,,36,8461,2026-09-21 13:42:20.897635+05:30,2026-09-21 13:42:20.897635+05:30
342,2026-08-07,present,49,,,,36,8462,2026-09-21 13:42:20.897635+05:30,2026-09-21 13:42:20.897635+05:30
342,2026-08-08,absent,49,,,,36,8463,2026-09-21 13:42:20.897635+05:30,2026-09-21 13:42:20.897635+05:30
342,2026-08-10,present,49,,,,36,8464,2026-09-21 13:42:20.897635+05:30,2026-09-21 13:42:20.897635+05:30
342,2026-08-12,present,49,,,,36,8465,2026-09-21 13:42:20.897635+05:30,2026-09-21 13:42:20.897635+05:30
342,2026-08-13,present,49,,,,36,8466,2026-09-21 13:42:20.897635+05:30,2026-09-21 13:42:20.897635+05:30
342,2026-08-14,present,49,,,,36,8467,2026-09-21 13:42:20.897635+05:30,2026-09-21 13:42:20.897635+05:30
342,2026-08-15,present,49,,,,36,8468,2026-09-21 13:42:20.897635+05:30,2026-09-21 13:42:20.897635+05:30
342,2026-08-17,present,49,,,,36,8469,2026-09-21 13:42:20.897635+05:30,2026-09-21 13:42:20.897635+05:30
342,2026-08-18,present,49,,,,36,8470,2026-09-21 13:42:20.897635+05:30,2026-09-21 13:42:20.897635+05:30
342,2026-08-19,present,49,,,,36,8471,2026-09-21 13:42:20.897635+05:30,2026-09-21 13:42:20.897635+05:30
342,2026-08-20,present,49,,,,36,8472,2026-09-21 13:42:20.897635+05:30,2026-09-21 13:42:20.897635+05:30
342,2026-08-21,present,49,,,,36,8473,2026-09-21 13:42:20.897635+05:30,2026-09-21 13:42:20.897635+05:30
342,2026-08-22,present,49,,,,36,8474,2026-09-21 13:42:20.897635+05:30,2026-09-21 13:42:20.897635+05:30
342,2026-08-24,present,49,,,,36,8475,2026-09-21 13:42:20.897635+05:30,2026-09-21 13:42:20.897635+05:30
342,2026-08-25,present,49,,,,36,8476,2026-09-21 13:42:20.897635+05:30,2026-09-21 13:42:20.897635+05:30
342,2026-08-26,present,49,,,,36,8477,2026-09-21 13:42:20.897635+05:30,2026-09-21 13:42:20.897635+05:30
342,2026-08-27,present,49,,,,36,8478,2026-09-21 13:42:20.897635+05:30,2026-09-21 13:42:20.897635+05:30
342,2026-08-28,present,49,,,,36,8479,2026-09-21 13:42:20.897635+05:30,2026-09-21 13:42:20.897635+05:30
342,2026-08-29,present,49,,,,36,8480,2026-09-21 13:42:20.897635+05:30,2026-09-21 13:42:20.897635+05:30
342,2026-08-31,present,49,,,,36,8481,2026-09-21 13:42:20.897635+05:30,2026-09-21 13:42:20.897635+05:30
342,2026-09-01,present,49,,,,36,8482,2026-09-21 13:42:20.897635+05:30,2026-09-21 13:42:20.897635+05:30
343,2026-06-24,present,49,,,,36,8483,2026-09-21 13:42:20.897635+05:30,2026-09-21 13:42:20.897635+05:30
343,2026-06-25,present,49,,,,36,8484,2026-09-21 13:42:20.897635+05:30,2026-09-21 13:42:20.897635+05:30
343,2026-06-26,present,49,,,,36,8485,2026-09-21 13:42:20.897635+05:30,2026-09-21 13:42:20.897635+05:30
343,2026-06-27,present,49,,,,36,8486,2026-09-21 13:42:20.897635+05:30,2026-09-21 13:42:20.897635+05:30
343,2026-06-29,leave,49,,,,36,8487,2026-09-21 13:42:20.897635+05:30,2026-09-21 13:42:20.897635+05:30
343,2026-06-30,present,49,,,,36,8488,2026-09-21 13:42:20.897635+05:30,2026-09-21 13:42:20.897635+05:30
343,2026-07-01,present,49,,,,36,8489,2026-09-21 13:42:20.897635+05:30,2026-09-21 13:42:20.897635+05:30
343,2026-07-02,present,49,,,,36,8490,2026-09-21 13:42:20.897635+05:30,2026-09-21 13:42:20.897635+05:30
343,2026-07-03,present,49,,,,36,8491,2026-09-21 13:42:20.897635+05:30,2026-09-21 13:42:20.897635+05:30
343,2026-07-04,present,49,,,,36,8492,2026-09-21 13:42:20.897635+05:30,2026-09-21 13:42:20.897635+05:30
343,2026-07-06,present,49,,,,36,8493,2026-09-21 13:42:20.897635+05:30,2026-09-21 13:42:20.897635+05:30
343,2026-07-07,present,49,,,,36,8494,2026-09-21 13:42:20.897635+05:30,2026-09-21 13:42:20.897635+05:30
343,2026-07-08,present,49,,,,36,8495,2026-09-21 13:42:20.897635+05:30,2026-09-21 13:42:20.897635+05:30
343,2026-07-09,present,49,,,,36,8496,2026-09-21 13:42:20.897635+05:30,2026-09-21 13:42:20.897635+05:30
343,2026-07-10,present,49,,,,36,8497,2026-09-21 13:42:20.897635+05:30,2026-09-21 13:42:20.897635+05:30
343,2026-07-11,present,49,,,,36,8498,2026-09-21 13:42:20.897635+05:30,2026-09-21 13:42:20.897635+05:30
343,2026-07-13,present,49,,,,36,8499,2026-09-21 13:42:20.897635+05:30,2026-09-21 13:42:20.897635+05:30
343,2026-07-14,present,49,,,,36,8500,2026-09-21 13:42:20.897635+05:30,2026-09-21 13:42:20.897635+05:30
343,2026-07-15,present,49,,,,36,8501,2026-09-21 13:42:20.897635+05:30,2026-09-21 13:42:20.897635+05:30
343,2026-07-16,present,49,,,,36,8502,2026-09-21 13:42:20.897635+05:30,2026-09-21 13:42:20.897635+05:30
343,2026-07-17,present,49,,,,36,8503,2026-09-21 13:42:20.897635+05:30,2026-09-21 13:42:20.897635+05:30
343,2026-07-18,present,49,,,,36,8504,2026-09-21 13:42:20.897635+05:30,2026-09-21 13:42:20.897635+05:30
343,2026-07-20,present,49,,,,36,8505,2026-09-21 13:42:20.897635+05:30,2026-09-21 13:42:20.897635+05:30
343,2026-07-21,present,49,,,,36,8506,2026-09-21 13:42:20.897635+05:30,2026-09-21 13:42:20.897635+05:30
343,2026-07-22,present,49,,,,36,8507,2026-09-21 13:42:20.897635+05:30,2026-09-21 13:42:20.897635+05:30
343,2026-07-24,present,49,,,,36,8508,2026-09-21 13:42:20.897635+05:30,2026-09-21 13:42:20.897635+05:30
343,2026-07-25,present,49,,,,36,8509,2026-09-21 13:42:20.897635+05:30,2026-09-21 13:42:20.897635+05:30
343,2026-07-27,present,49,,,,36,8510,2026-09-21 13:42:20.897635+05:30,2026-09-21 13:42:20.897635+05:30
343,2026-07-28,present,49,,,,36,8511,2026-09-21 13:42:20.897635+05:30,2026-09-21 13:42:20.897635+05:30
343,2026-07-29,present,49,,,,36,8512,2026-09-21 13:42:20.897635+05:30,2026-09-21 13:42:20.897635+05:30
343,2026-07-30,present,49,,,,36,8513,2026-09-21 13:42:20.897635+05:30,2026-09-21 13:42:20.897635+05:30
343,2026-07-31,present,49,,,,36,8514,2026-09-21 13:42:20.897635+05:30,2026-09-21 13:42:20.897635+05:30
343,2026-08-01,present,49,,,,36,8515,2026-09-21 13:42:20.897635+05:30,2026-09-21 13:42:20.897635+05:30
343,2026-08-03,present,49,,,,36,8516,2026-09-21 13:42:20.897635+05:30,2026-09-21 13:42:20.897635+05:30
343,2026-08-04,present,49,,,,36,8517,2026-09-21 13:42:20.897635+05:30,2026-09-21 13:42:20.897635+05:30
343,2026-08-05,present,49,,,,36,8518,2026-09-21 13:42:20.897635+05:30,2026-09-21 13:42:20.897635+05:30
343,2026-08-06,absent,49,,,,36,8519,2026-09-21 13:42:20.897635+05:30,2026-09-21 13:42:20.897635+05:30
343,2026-08-07,present,49,,,,36,8520,2026-09-21 13:42:20.897635+05:30,2026-09-21 13:42:20.897635+05:30
343,2026-08-08,present,49,,,,36,8521,2026-09-21 13:42:20.897635+05:30,2026-09-21 13:42:20.897635+05:30
343,2026-08-10,absent,49,,,,36,8522,2026-09-21 13:42:20.897635+05:30,2026-09-21 13:42:20.897635+05:30
343,2026-08-12,absent,49,,,,36,8523,2026-09-21 13:42:20.897635+05:30,2026-09-21 13:42:20.897635+05:30
343,2026-08-13,present,49,,,,36,8524,2026-09-21 13:42:20.897635+05:30,2026-09-21 13:42:20.897635+05:30
343,2026-08-14,present,49,,,,36,8525,2026-09-21 13:42:20.897635+05:30,2026-09-21 13:42:20.897635+05:30
343,2026-08-15,present,49,,,,36,8526,2026-09-21 13:42:20.897635+05:30,2026-09-21 13:42:20.897635+05:30
343,2026-08-17,present,49,,,,36,8527,2026-09-21 13:42:20.897635+05:30,2026-09-21 13:42:20.897635+05:30
343,2026-08-18,present,49,,,,36,8528,2026-09-21 13:42:20.897635+05:30,2026-09-21 13:42:20.897635+05:30
343,2026-08-19,present,49,,,,36,8529,2026-09-21 13:42:20.897635+05:30,2026-09-21 13:42:20.897635+05:30
343,2026-08-20,present,49,,,,36,8530,2026-09-21 13:42:20.897635+05:30,2026-09-21 13:42:20.897635+05:30
343,2026-08-21,present,49,,,,36,8531,2026-09-21 13:42:20.897635+05:30,2026-09-21 13:42:20.897635+05:30
343,2026-08-22,present,49,,,,36,8532,2026-09-21 13:42:20.897635+05:30,2026-09-21 13:42:20.897635+05:30
343,2026-08-24,present,49,,,,36,8533,2026-09-21 13:42:20.897635+05:30,2026-09-21 13:42:20.897635+05:30
343,2026-08-25,present,49,,,,36,8534,2026-09-21 13:42:20.897635+05:30,2026-09-21 13:42:20.897635+05:30
343,2026-08-26,absent,49,,,,36,8535,2026-09-21 13:42:20.897635+05:30,2026-09-21 13:42:20.897635+05:30
343,2026-08-27,present,49,,,,36,8536,2026-09-21 13:42:20.897635+05:30,2026-09-21 13:42:20.897635+05:30
343,2026-08-28,present,49,,,,36,8537,2026-09-21 13:42:20.897635+05:30,2026-09-21 13:42:20.897635+05:30
343,2026-08-29,present,49,,,,36,8538,2026-09-21 13:42:20.897635+05:30,2026-09-21 13:42:20.897635+05:30
343,2026-08-31,present,49,,,,36,8539,2026-09-21 13:42:20.897635+05:30,2026-09-21 13:42:20.897635+05:30
343,2026-09-01,present,49,,,,36,8540,2026-09-21 13:42:20.897635+05:30,2026-09-21 13:42:20.897635+05:30
344,2026-06-24,present,49,,,,36,8541,2026-09-21 13:42:20.897635+05:30,2026-09-21 13:42:20.897635+05:30
344,2026-06-25,absent,49,,,,36,8542,2026-09-21 13:42:20.897635+05:30,2026-09-21 13:42:20.897635+05:30
344,2026-06-26,present,49,,,,36,8543,2026-09-21 13:42:20.897635+05:30,2026-09-21 13:42:20.897635+05:30
344,2026-06-27,present,49,,,,36,8544,2026-09-21 13:42:20.897635+05:30,2026-09-21 13:42:20.897635+05:30
344,2026-06-29,present,49,,,,36,8545,2026-09-21 13:42:20.897635+05:30,2026-09-21 13:42:20.897635+05:30
344,2026-06-30,present,49,,,,36,8546,2026-09-21 13:42:20.897635+05:30,2026-09-21 13:42:20.897635+05:30
344,2026-07-01,present,49,,,,36,8547,2026-09-21 13:42:20.897635+05:30,2026-09-21 13:42:20.897635+05:30
344,2026-07-02,present,49,,,,36,8548,2026-09-21 13:42:20.897635+05:30,2026-09-21 13:42:20.897635+05:30
344,2026-07-03,present,49,,,,36,8549,2026-09-21 13:42:20.897635+05:30,2026-09-21 13:42:20.897635+05:30
344,2026-07-04,present,49,,,,36,8550,2026-09-21 13:42:20.897635+05:30,2026-09-21 13:42:20.897635+05:30
344,2026-07-06,present,49,,,,36,8551,2026-09-21 13:42:20.897635+05:30,2026-09-21 13:42:20.897635+05:30
344,2026-07-07,present,49,,,,36,8552,2026-09-21 13:42:20.897635+05:30,2026-09-21 13:42:20.897635+05:30
344,2026-07-08,present,49,,,,36,8553,2026-09-21 13:42:20.897635+05:30,2026-09-21 13:42:20.897635+05:30
344,2026-07-09,present,49,,,,36,8554,2026-09-21 13:42:20.897635+05:30,2026-09-21 13:42:20.897635+05:30
344,2026-07-10,present,49,,,,36,8555,2026-09-21 13:42:20.897635+05:30,2026-09-21 13:42:20.897635+05:30
344,2026-07-11,absent,49,,,,36,8556,2026-09-21 13:42:20.897635+05:30,2026-09-21 13:42:20.897635+05:30
344,2026-07-13,present,49,,,,36,8557,2026-09-21 13:42:20.897635+05:30,2026-09-21 13:42:20.897635+05:30
344,2026-07-14,present,49,,,,36,8558,2026-09-21 13:42:20.897635+05:30,2026-09-21 13:42:20.897635+05:30
344,2026-07-15,present,49,,,,36,8559,2026-09-21 13:42:20.897635+05:30,2026-09-21 13:42:20.897635+05:30
344,2026-07-16,present,49,,,,36,8560,2026-09-21 13:42:20.897635+05:30,2026-09-21 13:42:20.897635+05:30
344,2026-07-17,present,49,,,,36,8561,2026-09-21 13:42:20.897635+05:30,2026-09-21 13:42:20.897635+05:30
344,2026-07-18,present,49,,,,36,8562,2026-09-21 13:42:20.897635+05:30,2026-09-21 13:42:20.897635+05:30
344,2026-07-20,present,49,,,,36,8563,2026-09-21 13:42:20.897635+05:30,2026-09-21 13:42:20.897635+05:30
344,2026-07-21,present,49,,,,36,8564,2026-09-21 13:42:20.897635+05:30,2026-09-21 13:42:20.897635+05:30
344,2026-07-22,present,49,,,,36,8565,2026-09-21 13:42:20.897635+05:30,2026-09-21 13:42:20.897635+05:30
344,2026-07-24,absent,49,,,,36,8566,2026-09-21 13:42:20.897635+05:30,2026-09-21 13:42:20.897635+05:30
344,2026-07-25,absent,49,,,,36,8567,2026-09-21 13:42:20.897635+05:30,2026-09-21 13:42:20.897635+05:30
344,2026-07-27,present,49,,,,36,8568,2026-09-21 13:42:20.897635+05:30,2026-09-21 13:42:20.897635+05:30
344,2026-07-28,present,49,,,,36,8569,2026-09-21 13:42:20.897635+05:30,2026-09-21 13:42:20.897635+05:30
344,2026-07-29,present,49,,,,36,8570,2026-09-21 13:42:20.897635+05:30,2026-09-21 13:42:20.897635+05:30
344,2026-07-30,present,49,,,,36,8571,2026-09-21 13:42:20.897635+05:30,2026-09-21 13:42:20.897635+05:30
344,2026-07-31,present,49,,,,36,8572,2026-09-21 13:42:20.897635+05:30,2026-09-21 13:42:20.897635+05:30
344,2026-08-01,absent,49,,,,36,8573,2026-09-21 13:42:20.897635+05:30,2026-09-21 13:42:20.897635+05:30
344,2026-08-03,present,49,,,,36,8574,2026-09-21 13:42:20.897635+05:30,2026-09-21 13:42:20.897635+05:30
344,2026-08-04,present,49,,,,36,8575,2026-09-21 13:42:20.897635+05:30,2026-09-21 13:42:20.897635+05:30
344,2026-08-05,present,49,,,,36,8576,2026-09-21 13:42:20.897635+05:30,2026-09-21 13:42:20.897635+05:30
344,2026-08-06,present,49,,,,36,8577,2026-09-21 13:42:20.897635+05:30,2026-09-21 13:42:20.897635+05:30
344,2026-08-07,present,49,,,,36,8578,2026-09-21 13:42:20.897635+05:30,2026-09-21 13:42:20.897635+05:30
344,2026-08-08,present,49,,,,36,8579,2026-09-21 13:42:20.897635+05:30,2026-09-21 13:42:20.897635+05:30
344,2026-08-10,present,49,,,,36,8580,2026-09-21 13:42:20.897635+05:30,2026-09-21 13:42:20.897635+05:30
344,2026-08-12,present,49,,,,36,8581,2026-09-21 13:42:20.897635+05:30,2026-09-21 13:42:20.897635+05:30
344,2026-08-13,absent,49,,,,36,8582,2026-09-21 13:42:20.897635+05:30,2026-09-21 13:42:20.897635+05:30
344,2026-08-14,present,49,,,,36,8583,2026-09-21 13:42:20.897635+05:30,2026-09-21 13:42:20.897635+05:30
344,2026-08-15,present,49,,,,36,8584,2026-09-21 13:42:20.897635+05:30,2026-09-21 13:42:20.897635+05:30
344,2026-08-17,present,49,,,,36,8585,2026-09-21 13:42:20.897635+05:30,2026-09-21 13:42:20.897635+05:30
344,2026-08-18,present,49,,,,36,8586,2026-09-21 13:42:20.897635+05:30,2026-09-21 13:42:20.897635+05:30
344,2026-08-19,present,49,,,,36,8587,2026-09-21 13:42:20.897635+05:30,2026-09-21 13:42:20.897635+05:30
344,2026-08-20,present,49,,,,36,8588,2026-09-21 13:42:20.897635+05:30,2026-09-21 13:42:20.897635+05:30
344,2026-08-21,present,49,,,,36,8589,2026-09-21 13:42:20.897635+05:30,2026-09-21 13:42:20.897635+05:30
344,2026-08-22,leave,49,,,,36,8590,2026-09-21 13:42:20.897635+05:30,2026-09-21 13:42:20.897635+05:30
344,2026-08-24,present,49,,,,36,8591,2026-09-21 13:42:20.897635+05:30,2026-09-21 13:42:20.897635+05:30
344,2026-08-25,present,49,,,,36,8592,2026-09-21 13:42:20.897635+05:30,2026-09-21 13:42:20.897635+05:30
344,2026-08-26,present,49,,,,36,8593,2026-09-21 13:42:20.897635+05:30,2026-09-21 13:42:20.897635+05:30
344,2026-08-27,present,49,,,,36,8594,2026-09-21 13:42:20.897635+05:30,2026-09-21 13:42:20.897635+05:30
344,2026-08-28,present,49,,,,36,8595,2026-09-21 13:42:20.897635+05:30,2026-09-21 13:42:20.897635+05:30
344,2026-08-29,present,49,,,,36,8596,2026-09-21 13:42:20.897635+05:30,2026-09-21 13:42:20.897635+05:30
344,2026-08-31,present,49,,,,36,8597,2026-09-21 13:42:20.897635+05:30,2026-09-21 13:42:20.897635+05:30
344,2026-09-01,present,49,,,,36,8598,2026-09-21 13:42:20.897635+05:30,2026-09-21 13:42:20.897635+05:30
345,2026-06-24,present,49,,,,36,8599,2026-09-21 13:42:20.897635+05:30,2026-09-21 13:42:20.897635+05:30
345,2026-06-25,present,49,,,,36,8600,2026-09-21 13:42:20.897635+05:30,2026-09-21 13:42:20.897635+05:30
345,2026-06-26,present,49,,,,36,8601,2026-09-21 13:42:20.897635+05:30,2026-09-21 13:42:20.897635+05:30
345,2026-06-27,present,49,,,,36,8602,2026-09-21 13:42:20.897635+05:30,2026-09-21 13:42:20.897635+05:30
345,2026-06-29,absent,49,,,,36,8603,2026-09-21 13:42:20.897635+05:30,2026-09-21 13:42:20.897635+05:30
345,2026-06-30,present,49,,,,36,8604,2026-09-21 13:42:20.897635+05:30,2026-09-21 13:42:20.897635+05:30
345,2026-07-01,present,49,,,,36,8605,2026-09-21 13:42:20.897635+05:30,2026-09-21 13:42:20.897635+05:30
345,2026-07-02,present,49,,,,36,8606,2026-09-21 13:42:20.897635+05:30,2026-09-21 13:42:20.897635+05:30
345,2026-07-03,present,49,,,,36,8607,2026-09-21 13:42:20.897635+05:30,2026-09-21 13:42:20.897635+05:30
345,2026-07-04,present,49,,,,36,8608,2026-09-21 13:42:20.897635+05:30,2026-09-21 13:42:20.897635+05:30
345,2026-07-06,present,49,,,,36,8609,2026-09-21 13:42:20.897635+05:30,2026-09-21 13:42:20.897635+05:30
345,2026-07-07,present,49,,,,36,8610,2026-09-21 13:42:20.897635+05:30,2026-09-21 13:42:20.897635+05:30
345,2026-07-08,present,49,,,,36,8611,2026-09-21 13:42:20.897635+05:30,2026-09-21 13:42:20.897635+05:30
345,2026-07-09,present,49,,,,36,8612,2026-09-21 13:42:20.897635+05:30,2026-09-21 13:42:20.897635+05:30
345,2026-07-10,present,49,,,,36,8613,2026-09-21 13:42:20.897635+05:30,2026-09-21 13:42:20.897635+05:30
345,2026-07-11,present,49,,,,36,8614,2026-09-21 13:42:20.897635+05:30,2026-09-21 13:42:20.897635+05:30
345,2026-07-13,present,49,,,,36,8615,2026-09-21 13:42:20.897635+05:30,2026-09-21 13:42:20.897635+05:30
345,2026-07-14,present,49,,,,36,8616,2026-09-21 13:42:20.897635+05:30,2026-09-21 13:42:20.897635+05:30
345,2026-07-15,present,49,,,,36,8617,2026-09-21 13:42:20.897635+05:30,2026-09-21 13:42:20.897635+05:30
345,2026-07-16,present,49,,,,36,8618,2026-09-21 13:42:20.897635+05:30,2026-09-21 13:42:20.897635+05:30
345,2026-07-17,present,49,,,,36,8619,2026-09-21 13:42:20.897635+05:30,2026-09-21 13:42:20.897635+05:30
345,2026-07-18,present,49,,,,36,8620,2026-09-21 13:42:20.897635+05:30,2026-09-21 13:42:20.897635+05:30
345,2026-07-20,present,49,,,,36,8621,2026-09-21 13:42:20.897635+05:30,2026-09-21 13:42:20.897635+05:30
345,2026-07-21,present,49,,,,36,8622,2026-09-21 13:42:20.897635+05:30,2026-09-21 13:42:20.897635+05:30
345,2026-07-22,present,49,,,,36,8623,2026-09-21 13:42:20.897635+05:30,2026-09-21 13:42:20.897635+05:30
345,2026-07-24,present,49,,,,36,8624,2026-09-21 13:42:20.897635+05:30,2026-09-21 13:42:20.897635+05:30
345,2026-07-25,present,49,,,,36,8625,2026-09-21 13:42:20.897635+05:30,2026-09-21 13:42:20.897635+05:30
345,2026-07-27,present,49,,,,36,8626,2026-09-21 13:42:20.897635+05:30,2026-09-21 13:42:20.897635+05:30
345,2026-07-28,present,49,,,,36,8627,2026-09-21 13:42:20.897635+05:30,2026-09-21 13:42:20.897635+05:30
345,2026-07-29,leave,49,,,,36,8628,2026-09-21 13:42:20.897635+05:30,2026-09-21 13:42:20.897635+05:30
345,2026-07-30,present,49,,,,36,8629,2026-09-21 13:42:20.897635+05:30,2026-09-21 13:42:20.897635+05:30
345,2026-07-31,present,49,,,,36,8630,2026-09-21 13:42:20.897635+05:30,2026-09-21 13:42:20.897635+05:30
345,2026-08-01,present,49,,,,36,8631,2026-09-21 13:42:20.897635+05:30,2026-09-21 13:42:20.897635+05:30
345,2026-08-03,absent,49,,,,36,8632,2026-09-21 13:42:20.897635+05:30,2026-09-21 13:42:20.897635+05:30
345,2026-08-04,present,49,,,,36,8633,2026-09-21 13:42:20.897635+05:30,2026-09-21 13:42:20.897635+05:30
345,2026-08-05,present,49,,,,36,8634,2026-09-21 13:42:20.897635+05:30,2026-09-21 13:42:20.897635+05:30
345,2026-08-06,present,49,,,,36,8635,2026-09-21 13:42:20.897635+05:30,2026-09-21 13:42:20.897635+05:30
345,2026-08-07,present,49,,,,36,8636,2026-09-21 13:42:20.897635+05:30,2026-09-21 13:42:20.897635+05:30
345,2026-08-08,present,49,,,,36,8637,2026-09-21 13:42:20.897635+05:30,2026-09-21 13:42:20.897635+05:30
345,2026-08-10,present,49,,,,36,8638,2026-09-21 13:42:20.897635+05:30,2026-09-21 13:42:20.897635+05:30
345,2026-08-12,present,49,,,,36,8639,2026-09-21 13:42:20.897635+05:30,2026-09-21 13:42:20.897635+05:30
345,2026-08-13,present,49,,,,36,8640,2026-09-21 13:42:20.897635+05:30,2026-09-21 13:42:20.897635+05:30
345,2026-08-14,leave,49,,,,36,8641,2026-09-21 13:42:20.897635+05:30,2026-09-21 13:42:20.897635+05:30
345,2026-08-15,present,49,,,,36,8642,2026-09-21 13:42:20.897635+05:30,2026-09-21 13:42:20.897635+05:30
345,2026-08-17,present,49,,,,36,8643,2026-09-21 13:42:20.897635+05:30,2026-09-21 13:42:20.897635+05:30
345,2026-08-18,present,49,,,,36,8644,2026-09-21 13:42:20.897635+05:30,2026-09-21 13:42:20.897635+05:30
345,2026-08-19,present,49,,,,36,8645,2026-09-21 13:42:20.897635+05:30,2026-09-21 13:42:20.897635+05:30
345,2026-08-20,present,49,,,,36,8646,2026-09-21 13:42:20.897635+05:30,2026-09-21 13:42:20.897635+05:30
345,2026-08-21,present,49,,,,36,8647,2026-09-21 13:42:20.897635+05:30,2026-09-21 13:42:20.897635+05:30
345,2026-08-22,present,49,,,,36,8648,2026-09-21 13:42:20.897635+05:30,2026-09-21 13:42:20.897635+05:30
345,2026-08-24,present,49,,,,36,8649,2026-09-21 13:42:20.897635+05:30,2026-09-21 13:42:20.897635+05:30
345,2026-08-25,absent,49,,,,36,8650,2026-09-21 13:42:20.897635+05:30,2026-09-21 13:42:20.897635+05:30
345,2026-08-26,present,49,,,,36,8651,2026-09-21 13:42:20.897635+05:30,2026-09-21 13:42:20.897635+05:30
345,2026-08-27,present,49,,,,36,8652,2026-09-21 13:42:20.897635+05:30,2026-09-21 13:42:20.897635+05:30
345,2026-08-28,present,49,,,,36,8653,2026-09-21 13:42:20.897635+05:30,2026-09-21 13:42:20.897635+05:30
345,2026-08-29,present,49,,,,36,8654,2026-09-21 13:42:20.897635+05:30,2026-09-21 13:42:20.897635+05:30
345,2026-08-31,present,49,,,,36,8655,2026-09-21 13:42:20.897635+05:30,2026-09-21 13:42:20.897635+05:30
345,2026-09-01,present,49,,,,36,8656,2026-09-21 13:42:20.897635+05:30,2026-09-21 13:42:20.897635+05:30
346,2026-06-24,present,49,,,,36,8657,2026-09-21 13:42:20.897635+05:30,2026-09-21 13:42:20.897635+05:30
346,2026-06-25,present,49,,,,36,8658,2026-09-21 13:42:20.897635+05:30,2026-09-21 13:42:20.897635+05:30
346,2026-06-26,present,49,,,,36,8659,2026-09-21 13:42:20.897635+05:30,2026-09-21 13:42:20.897635+05:30
346,2026-06-27,leave,49,,,,36,8660,2026-09-21 13:42:20.897635+05:30,2026-09-21 13:42:20.897635+05:30
346,2026-06-29,present,49,,,,36,8661,2026-09-21 13:42:20.897635+05:30,2026-09-21 13:42:20.897635+05:30
346,2026-06-30,present,49,,,,36,8662,2026-09-21 13:42:20.897635+05:30,2026-09-21 13:42:20.897635+05:30
346,2026-07-01,present,49,,,,36,8663,2026-09-21 13:42:20.897635+05:30,2026-09-21 13:42:20.897635+05:30
346,2026-07-02,present,49,,,,36,8664,2026-09-21 13:42:20.897635+05:30,2026-09-21 13:42:20.897635+05:30
346,2026-07-03,present,49,,,,36,8665,2026-09-21 13:42:20.897635+05:30,2026-09-21 13:42:20.897635+05:30
346,2026-07-04,present,49,,,,36,8666,2026-09-21 13:42:20.897635+05:30,2026-09-21 13:42:20.897635+05:30
346,2026-07-06,present,49,,,,36,8667,2026-09-21 13:42:20.897635+05:30,2026-09-21 13:42:20.897635+05:30
346,2026-07-07,absent,49,,,,36,8668,2026-09-21 13:42:20.897635+05:30,2026-09-21 13:42:20.897635+05:30
346,2026-07-08,present,49,,,,36,8669,2026-09-21 13:42:20.897635+05:30,2026-09-21 13:42:20.897635+05:30
346,2026-07-09,present,49,,,,36,8670,2026-09-21 13:42:20.897635+05:30,2026-09-21 13:42:20.897635+05:30
346,2026-07-10,present,49,,,,36,8671,2026-09-21 13:42:20.897635+05:30,2026-09-21 13:42:20.897635+05:30
346,2026-07-11,present,49,,,,36,8672,2026-09-21 13:42:20.897635+05:30,2026-09-21 13:42:20.897635+05:30
346,2026-07-13,present,49,,,,36,8673,2026-09-21 13:42:20.897635+05:30,2026-09-21 13:42:20.897635+05:30
346,2026-07-14,present,49,,,,36,8674,2026-09-21 13:42:20.897635+05:30,2026-09-21 13:42:20.897635+05:30
346,2026-07-15,present,49,,,,36,8675,2026-09-21 13:42:20.897635+05:30,2026-09-21 13:42:20.897635+05:30
346,2026-07-16,present,49,,,,36,8676,2026-09-21 13:42:20.897635+05:30,2026-09-21 13:42:20.897635+05:30
346,2026-07-17,present,49,,,,36,8677,2026-09-21 13:42:20.897635+05:30,2026-09-21 13:42:20.897635+05:30
346,2026-07-18,present,49,,,,36,8678,2026-09-21 13:42:20.897635+05:30,2026-09-21 13:42:20.897635+05:30
346,2026-07-20,present,49,,,,36,8679,2026-09-21 13:42:20.897635+05:30,2026-09-21 13:42:20.897635+05:30
346,2026-07-21,present,49,,,,36,8680,2026-09-21 13:42:20.897635+05:30,2026-09-21 13:42:20.897635+05:30
346,2026-07-22,present,49,,,,36,8681,2026-09-21 13:42:20.897635+05:30,2026-09-21 13:42:20.897635+05:30
346,2026-07-24,present,49,,,,36,8682,2026-09-21 13:42:20.897635+05:30,2026-09-21 13:42:20.897635+05:30
346,2026-07-25,present,49,,,,36,8683,2026-09-21 13:42:20.897635+05:30,2026-09-21 13:42:20.897635+05:30
346,2026-07-27,present,49,,,,36,8684,2026-09-21 13:42:20.897635+05:30,2026-09-21 13:42:20.897635+05:30
346,2026-07-28,present,49,,,,36,8685,2026-09-21 13:42:20.897635+05:30,2026-09-21 13:42:20.897635+05:30
346,2026-07-29,present,49,,,,36,8686,2026-09-21 13:42:20.897635+05:30,2026-09-21 13:42:20.897635+05:30
346,2026-07-30,present,49,,,,36,8687,2026-09-21 13:42:20.897635+05:30,2026-09-21 13:42:20.897635+05:30
346,2026-07-31,present,49,,,,36,8688,2026-09-21 13:42:20.897635+05:30,2026-09-21 13:42:20.897635+05:30
346,2026-08-01,present,49,,,,36,8689,2026-09-21 13:42:20.897635+05:30,2026-09-21 13:42:20.897635+05:30
346,2026-08-03,present,49,,,,36,8690,2026-09-21 13:42:20.897635+05:30,2026-09-21 13:42:20.897635+05:30
346,2026-08-04,present,49,,,,36,8691,2026-09-21 13:42:20.897635+05:30,2026-09-21 13:42:20.897635+05:30
346,2026-08-05,present,49,,,,36,8692,2026-09-21 13:42:20.897635+05:30,2026-09-21 13:42:20.897635+05:30
346,2026-08-06,present,49,,,,36,8693,2026-09-21 13:42:20.897635+05:30,2026-09-21 13:42:20.897635+05:30
346,2026-08-07,present,49,,,,36,8694,2026-09-21 13:42:20.897635+05:30,2026-09-21 13:42:20.897635+05:30
346,2026-08-08,leave,49,,,,36,8695,2026-09-21 13:42:20.897635+05:30,2026-09-21 13:42:20.897635+05:30
346,2026-08-10,present,49,,,,36,8696,2026-09-21 13:42:20.897635+05:30,2026-09-21 13:42:20.897635+05:30
346,2026-08-12,present,49,,,,36,8697,2026-09-21 13:42:20.897635+05:30,2026-09-21 13:42:20.897635+05:30
346,2026-08-13,present,49,,,,36,8698,2026-09-21 13:42:20.897635+05:30,2026-09-21 13:42:20.897635+05:30
346,2026-08-14,present,49,,,,36,8699,2026-09-21 13:42:20.897635+05:30,2026-09-21 13:42:20.897635+05:30
346,2026-08-15,present,49,,,,36,8700,2026-09-21 13:42:20.897635+05:30,2026-09-21 13:42:20.897635+05:30
346,2026-08-17,present,49,,,,36,8701,2026-09-21 13:42:20.897635+05:30,2026-09-21 13:42:20.897635+05:30
346,2026-08-18,present,49,,,,36,8702,2026-09-21 13:42:20.897635+05:30,2026-09-21 13:42:20.897635+05:30
346,2026-08-19,present,49,,,,36,8703,2026-09-21 13:42:20.897635+05:30,2026-09-21 13:42:20.897635+05:30
346,2026-08-20,present,49,,,,36,8704,2026-09-21 13:42:20.897635+05:30,2026-09-21 13:42:20.897635+05:30
346,2026-08-21,present,49,,,,36,8705,2026-09-21 13:42:20.897635+05:30,2026-09-21 13:42:20.897635+05:30
346,2026-08-22,present,49,,,,36,8706,2026-09-21 13:42:20.897635+05:30,2026-09-21 13:42:20.897635+05:30
346,2026-08-24,present,49,,,,36,8707,2026-09-21 13:42:20.897635+05:30,2026-09-21 13:42:20.897635+05:30
346,2026-08-25,present,49,,,,36,8708,2026-09-21 13:42:20.897635+05:30,2026-09-21 13:42:20.897635+05:30
346,2026-08-26,present,49,,,,36,8709,2026-09-21 13:42:20.897635+05:30,2026-09-21 13:42:20.897635+05:30
346,2026-08-27,present,49,,,,36,8710,2026-09-21 13:42:20.897635+05:30,2026-09-21 13:42:20.897635+05:30
346,2026-08-28,present,49,,,,36,8711,2026-09-21 13:42:20.897635+05:30,2026-09-21 13:42:20.897635+05:30
346,2026-08-29,present,49,,,,36,8712,2026-09-21 13:42:20.897635+05:30,2026-09-21 13:42:20.897635+05:30
346,2026-08-31,present,49,,,,36,8713,2026-09-21 13:42:20.897635+05:30,2026-09-21 13:42:20.897635+05:30
346,2026-09-01,present,49,,,,36,8714,2026-09-21 13:42:20.897635+05:30,2026-09-21 13:42:20.897635+05:30
347,2026-06-24,present,49,,,,36,8715,2026-09-21 13:42:20.897635+05:30,2026-09-21 13:42:20.897635+05:30
347,2026-06-25,present,49,,,,36,8716,2026-09-21 13:42:20.897635+05:30,2026-09-21 13:42:20.897635+05:30
347,2026-06-26,present,49,,,,36,8717,2026-09-21 13:42:20.897635+05:30,2026-09-21 13:42:20.897635+05:30
347,2026-06-27,present,49,,,,36,8718,2026-09-21 13:42:20.897635+05:30,2026-09-21 13:42:20.897635+05:30
347,2026-06-29,leave,49,,,,36,8719,2026-09-21 13:42:20.897635+05:30,2026-09-21 13:42:20.897635+05:30
347,2026-06-30,absent,49,,,,36,8720,2026-09-21 13:42:20.897635+05:30,2026-09-21 13:42:20.897635+05:30
347,2026-07-01,present,49,,,,36,8721,2026-09-21 13:42:20.897635+05:30,2026-09-21 13:42:20.897635+05:30
347,2026-07-02,absent,49,,,,36,8722,2026-09-21 13:42:20.897635+05:30,2026-09-21 13:42:20.897635+05:30
347,2026-07-03,present,49,,,,36,8723,2026-09-21 13:42:20.897635+05:30,2026-09-21 13:42:20.897635+05:30
347,2026-07-04,present,49,,,,36,8724,2026-09-21 13:42:20.897635+05:30,2026-09-21 13:42:20.897635+05:30
347,2026-07-06,present,49,,,,36,8725,2026-09-21 13:42:20.897635+05:30,2026-09-21 13:42:20.897635+05:30
347,2026-07-07,leave,49,,,,36,8726,2026-09-21 13:42:20.897635+05:30,2026-09-21 13:42:20.897635+05:30
347,2026-07-08,present,49,,,,36,8727,2026-09-21 13:42:20.897635+05:30,2026-09-21 13:42:20.897635+05:30
347,2026-07-09,present,49,,,,36,8728,2026-09-21 13:42:20.897635+05:30,2026-09-21 13:42:20.897635+05:30
347,2026-07-10,absent,49,,,,36,8729,2026-09-21 13:42:20.897635+05:30,2026-09-21 13:42:20.897635+05:30
347,2026-07-11,present,49,,,,36,8730,2026-09-21 13:42:20.897635+05:30,2026-09-21 13:42:20.897635+05:30
347,2026-07-13,present,49,,,,36,8731,2026-09-21 13:42:20.897635+05:30,2026-09-21 13:42:20.897635+05:30
347,2026-07-14,present,49,,,,36,8732,2026-09-21 13:42:20.897635+05:30,2026-09-21 13:42:20.897635+05:30
347,2026-07-15,present,49,,,,36,8733,2026-09-21 13:42:20.897635+05:30,2026-09-21 13:42:20.897635+05:30
347,2026-07-16,present,49,,,,36,8734,2026-09-21 13:42:20.897635+05:30,2026-09-21 13:42:20.897635+05:30
347,2026-07-17,present,49,,,,36,8735,2026-09-21 13:42:20.897635+05:30,2026-09-21 13:42:20.897635+05:30
347,2026-07-18,present,49,,,,36,8736,2026-09-21 13:42:20.897635+05:30,2026-09-21 13:42:20.897635+05:30
347,2026-07-20,present,49,,,,36,8737,2026-09-21 13:42:20.897635+05:30,2026-09-21 13:42:20.897635+05:30
347,2026-07-21,present,49,,,,36,8738,2026-09-21 13:42:20.897635+05:30,2026-09-21 13:42:20.897635+05:30
347,2026-07-22,present,49,,,,36,8739,2026-09-21 13:42:20.897635+05:30,2026-09-21 13:42:20.897635+05:30
347,2026-07-24,present,49,,,,36,8740,2026-09-21 13:42:20.897635+05:30,2026-09-21 13:42:20.897635+05:30
347,2026-07-25,present,49,,,,36,8741,2026-09-21 13:42:20.897635+05:30,2026-09-21 13:42:20.897635+05:30
347,2026-07-27,present,49,,,,36,8742,2026-09-21 13:42:20.897635+05:30,2026-09-21 13:42:20.897635+05:30
347,2026-07-28,present,49,,,,36,8743,2026-09-21 13:42:20.897635+05:30,2026-09-21 13:42:20.897635+05:30
347,2026-07-29,absent,49,,,,36,8744,2026-09-21 13:42:20.897635+05:30,2026-09-21 13:42:20.897635+05:30
347,2026-07-30,present,49,,,,36,8745,2026-09-21 13:42:20.897635+05:30,2026-09-21 13:42:20.897635+05:30
347,2026-07-31,present,49,,,,36,8746,2026-09-21 13:42:20.897635+05:30,2026-09-21 13:42:20.897635+05:30
347,2026-08-01,present,49,,,,36,8747,2026-09-21 13:42:20.897635+05:30,2026-09-21 13:42:20.897635+05:30
347,2026-08-03,present,49,,,,36,8748,2026-09-21 13:42:20.897635+05:30,2026-09-21 13:42:20.897635+05:30
347,2026-08-04,present,49,,,,36,8749,2026-09-21 13:42:20.897635+05:30,2026-09-21 13:42:20.897635+05:30
347,2026-08-05,present,49,,,,36,8750,2026-09-21 13:42:20.897635+05:30,2026-09-21 13:42:20.897635+05:30
347,2026-08-06,present,49,,,,36,8751,2026-09-21 13:42:20.897635+05:30,2026-09-21 13:42:20.897635+05:30
347,2026-08-07,present,49,,,,36,8752,2026-09-21 13:42:20.897635+05:30,2026-09-21 13:42:20.897635+05:30
347,2026-08-08,present,49,,,,36,8753,2026-09-21 13:42:20.897635+05:30,2026-09-21 13:42:20.897635+05:30
347,2026-08-10,present,49,,,,36,8754,2026-09-21 13:42:20.897635+05:30,2026-09-21 13:42:20.897635+05:30
347,2026-08-12,leave,49,,,,36,8755,2026-09-21 13:42:20.897635+05:30,2026-09-21 13:42:20.897635+05:30
347,2026-08-13,present,49,,,,36,8756,2026-09-21 13:42:20.897635+05:30,2026-09-21 13:42:20.897635+05:30
347,2026-08-14,present,49,,,,36,8757,2026-09-21 13:42:20.897635+05:30,2026-09-21 13:42:20.897635+05:30
347,2026-08-15,present,49,,,,36,8758,2026-09-21 13:42:20.897635+05:30,2026-09-21 13:42:20.897635+05:30
347,2026-08-17,present,49,,,,36,8759,2026-09-21 13:42:20.897635+05:30,2026-09-21 13:42:20.897635+05:30
347,2026-08-18,present,49,,,,36,8760,2026-09-21 13:42:20.897635+05:30,2026-09-21 13:42:20.897635+05:30
347,2026-08-19,present,49,,,,36,8761,2026-09-21 13:42:20.897635+05:30,2026-09-21 13:42:20.897635+05:30
347,2026-08-20,present,49,,,,36,8762,2026-09-21 13:42:20.897635+05:30,2026-09-21 13:42:20.897635+05:30
347,2026-08-21,present,49,,,,36,8763,2026-09-21 13:42:20.897635+05:30,2026-09-21 13:42:20.897635+05:30
347,2026-08-22,present,49,,,,36,8764,2026-09-21 13:42:20.897635+05:30,2026-09-21 13:42:20.897635+05:30
347,2026-08-24,absent,49,,,,36,8765,2026-09-21 13:42:20.897635+05:30,2026-09-21 13:42:20.897635+05:30
347,2026-08-25,present,49,,,,36,8766,2026-09-21 13:42:20.897635+05:30,2026-09-21 13:42:20.897635+05:30
347,2026-08-26,present,49,,,,36,8767,2026-09-21 13:42:20.897635+05:30,2026-09-21 13:42:20.897635+05:30
347,2026-08-27,present,49,,,,36,8768,2026-09-21 13:42:20.897635+05:30,2026-09-21 13:42:20.897635+05:30
347,2026-08-28,present,49,,,,36,8769,2026-09-21 13:42:20.897635+05:30,2026-09-21 13:42:20.897635+05:30
347,2026-08-29,present,49,,,,36,8770,2026-09-21 13:42:20.897635+05:30,2026-09-21 13:42:20.897635+05:30
347,2026-08-31,present,49,,,,36,8771,2026-09-21 13:42:20.897635+05:30,2026-09-21 13:42:20.897635+05:30
347,2026-09-01,leave,49,,,,36,8772,2026-09-21 13:42:20.897635+05:30,2026-09-21 13:42:20.897635+05:30
348,2026-06-24,present,50,,,,36,8773,2026-09-21 13:42:20.897635+05:30,2026-09-21 13:42:20.897635+05:30
348,2026-06-25,present,50,,,,36,8774,2026-09-21 13:42:20.897635+05:30,2026-09-21 13:42:20.897635+05:30
348,2026-06-26,present,50,,,,36,8775,2026-09-21 13:42:20.897635+05:30,2026-09-21 13:42:20.897635+05:30
348,2026-06-27,present,50,,,,36,8776,2026-09-21 13:42:20.897635+05:30,2026-09-21 13:42:20.897635+05:30
348,2026-06-29,present,50,,,,36,8777,2026-09-21 13:42:20.897635+05:30,2026-09-21 13:42:20.897635+05:30
348,2026-06-30,present,50,,,,36,8778,2026-09-21 13:42:20.897635+05:30,2026-09-21 13:42:20.897635+05:30
348,2026-07-01,present,50,,,,36,8779,2026-09-21 13:42:20.897635+05:30,2026-09-21 13:42:20.897635+05:30
348,2026-07-02,present,50,,,,36,8780,2026-09-21 13:42:20.897635+05:30,2026-09-21 13:42:20.897635+05:30
348,2026-07-03,present,50,,,,36,8781,2026-09-21 13:42:20.897635+05:30,2026-09-21 13:42:20.897635+05:30
348,2026-07-04,present,50,,,,36,8782,2026-09-21 13:42:20.897635+05:30,2026-09-21 13:42:20.897635+05:30
348,2026-07-06,present,50,,,,36,8783,2026-09-21 13:42:20.897635+05:30,2026-09-21 13:42:20.897635+05:30
348,2026-07-07,present,50,,,,36,8784,2026-09-21 13:42:20.897635+05:30,2026-09-21 13:42:20.897635+05:30
348,2026-07-08,present,50,,,,36,8785,2026-09-21 13:42:20.897635+05:30,2026-09-21 13:42:20.897635+05:30
348,2026-07-09,present,50,,,,36,8786,2026-09-21 13:42:20.897635+05:30,2026-09-21 13:42:20.897635+05:30
348,2026-07-10,present,50,,,,36,8787,2026-09-21 13:42:20.897635+05:30,2026-09-21 13:42:20.897635+05:30
348,2026-07-11,present,50,,,,36,8788,2026-09-21 13:42:20.897635+05:30,2026-09-21 13:42:20.897635+05:30
348,2026-07-13,present,50,,,,36,8789,2026-09-21 13:42:20.897635+05:30,2026-09-21 13:42:20.897635+05:30
348,2026-07-14,present,50,,,,36,8790,2026-09-21 13:42:20.897635+05:30,2026-09-21 13:42:20.897635+05:30
348,2026-07-15,present,50,,,,36,8791,2026-09-21 13:42:20.897635+05:30,2026-09-21 13:42:20.897635+05:30
348,2026-07-16,present,50,,,,36,8792,2026-09-21 13:42:20.897635+05:30,2026-09-21 13:42:20.897635+05:30
348,2026-07-17,present,50,,,,36,8793,2026-09-21 13:42:20.897635+05:30,2026-09-21 13:42:20.897635+05:30
348,2026-07-18,present,50,,,,36,8794,2026-09-21 13:42:20.897635+05:30,2026-09-21 13:42:20.897635+05:30
348,2026-07-20,present,50,,,,36,8795,2026-09-21 13:42:20.897635+05:30,2026-09-21 13:42:20.897635+05:30
348,2026-07-21,present,50,,,,36,8796,2026-09-21 13:42:20.897635+05:30,2026-09-21 13:42:20.897635+05:30
348,2026-07-22,present,50,,,,36,8797,2026-09-21 13:42:20.897635+05:30,2026-09-21 13:42:20.897635+05:30
348,2026-07-24,present,50,,,,36,8798,2026-09-21 13:42:20.897635+05:30,2026-09-21 13:42:20.897635+05:30
348,2026-07-25,present,50,,,,36,8799,2026-09-21 13:42:20.897635+05:30,2026-09-21 13:42:20.897635+05:30
348,2026-07-27,present,50,,,,36,8800,2026-09-21 13:42:20.897635+05:30,2026-09-21 13:42:20.897635+05:30
348,2026-07-28,present,50,,,,36,8801,2026-09-21 13:42:20.897635+05:30,2026-09-21 13:42:20.897635+05:30
348,2026-07-29,present,50,,,,36,8802,2026-09-21 13:42:20.897635+05:30,2026-09-21 13:42:20.897635+05:30
348,2026-07-30,present,50,,,,36,8803,2026-09-21 13:42:20.897635+05:30,2026-09-21 13:42:20.897635+05:30
348,2026-07-31,present,50,,,,36,8804,2026-09-21 13:42:20.897635+05:30,2026-09-21 13:42:20.897635+05:30
348,2026-08-01,present,50,,,,36,8805,2026-09-21 13:42:20.897635+05:30,2026-09-21 13:42:20.897635+05:30
348,2026-08-03,present,50,,,,36,8806,2026-09-21 13:42:20.897635+05:30,2026-09-21 13:42:20.897635+05:30
348,2026-08-04,absent,50,,,,36,8807,2026-09-21 13:42:20.897635+05:30,2026-09-21 13:42:20.897635+05:30
348,2026-08-05,present,50,,,,36,8808,2026-09-21 13:42:20.897635+05:30,2026-09-21 13:42:20.897635+05:30
348,2026-08-06,present,50,,,,36,8809,2026-09-21 13:42:20.897635+05:30,2026-09-21 13:42:20.897635+05:30
348,2026-08-07,absent,50,,,,36,8810,2026-09-21 13:42:20.897635+05:30,2026-09-21 13:42:20.897635+05:30
348,2026-08-08,present,50,,,,36,8811,2026-09-21 13:42:20.897635+05:30,2026-09-21 13:42:20.897635+05:30
348,2026-08-10,present,50,,,,36,8812,2026-09-21 13:42:20.897635+05:30,2026-09-21 13:42:20.897635+05:30
348,2026-08-12,present,50,,,,36,8813,2026-09-21 13:42:20.897635+05:30,2026-09-21 13:42:20.897635+05:30
348,2026-08-13,present,50,,,,36,8814,2026-09-21 13:42:20.897635+05:30,2026-09-21 13:42:20.897635+05:30
348,2026-08-14,present,50,,,,36,8815,2026-09-21 13:42:20.897635+05:30,2026-09-21 13:42:20.897635+05:30
348,2026-08-15,present,50,,,,36,8816,2026-09-21 13:42:20.897635+05:30,2026-09-21 13:42:20.897635+05:30
348,2026-08-17,present,50,,,,36,8817,2026-09-21 13:42:20.897635+05:30,2026-09-21 13:42:20.897635+05:30
348,2026-08-18,present,50,,,,36,8818,2026-09-21 13:42:20.897635+05:30,2026-09-21 13:42:20.897635+05:30
348,2026-08-19,present,50,,,,36,8819,2026-09-21 13:42:20.897635+05:30,2026-09-21 13:42:20.897635+05:30
348,2026-08-20,present,50,,,,36,8820,2026-09-21 13:42:20.897635+05:30,2026-09-21 13:42:20.897635+05:30
348,2026-08-21,present,50,,,,36,8821,2026-09-21 13:42:20.897635+05:30,2026-09-21 13:42:20.897635+05:30
348,2026-08-22,present,50,,,,36,8822,2026-09-21 13:42:20.897635+05:30,2026-09-21 13:42:20.897635+05:30
348,2026-08-24,present,50,,,,36,8823,2026-09-21 13:42:20.897635+05:30,2026-09-21 13:42:20.897635+05:30
348,2026-08-25,present,50,,,,36,8824,2026-09-21 13:42:20.897635+05:30,2026-09-21 13:42:20.897635+05:30
348,2026-08-26,present,50,,,,36,8825,2026-09-21 13:42:20.897635+05:30,2026-09-21 13:42:20.897635+05:30
348,2026-08-27,present,50,,,,36,8826,2026-09-21 13:42:20.897635+05:30,2026-09-21 13:42:20.897635+05:30
348,2026-08-28,present,50,,,,36,8827,2026-09-21 13:42:20.897635+05:30,2026-09-21 13:42:20.897635+05:30
348,2026-08-29,present,50,,,,36,8828,2026-09-21 13:42:20.897635+05:30,2026-09-21 13:42:20.897635+05:30
348,2026-08-31,present,50,,,,36,8829,2026-09-21 13:42:20.897635+05:30,2026-09-21 13:42:20.897635+05:30
348,2026-09-01,present,50,,,,36,8830,2026-09-21 13:42:20.897635+05:30,2026-09-21 13:42:20.897635+05:30
349,2026-06-24,present,50,,,,36,8831,2026-09-21 13:42:20.897635+05:30,2026-09-21 13:42:20.897635+05:30
349,2026-06-25,present,50,,,,36,8832,2026-09-21 13:42:20.897635+05:30,2026-09-21 13:42:20.897635+05:30
349,2026-06-26,absent,50,,,,36,8833,2026-09-21 13:42:20.897635+05:30,2026-09-21 13:42:20.897635+05:30
349,2026-06-27,absent,50,,,,36,8834,2026-09-21 13:42:20.897635+05:30,2026-09-21 13:42:20.897635+05:30
349,2026-06-29,present,50,,,,36,8835,2026-09-21 13:42:20.897635+05:30,2026-09-21 13:42:20.897635+05:30
349,2026-06-30,present,50,,,,36,8836,2026-09-21 13:42:20.897635+05:30,2026-09-21 13:42:20.897635+05:30
349,2026-07-01,present,50,,,,36,8837,2026-09-21 13:42:20.897635+05:30,2026-09-21 13:42:20.897635+05:30
349,2026-07-02,present,50,,,,36,8838,2026-09-21 13:42:20.897635+05:30,2026-09-21 13:42:20.897635+05:30
349,2026-07-03,present,50,,,,36,8839,2026-09-21 13:42:20.897635+05:30,2026-09-21 13:42:20.897635+05:30
349,2026-07-04,present,50,,,,36,8840,2026-09-21 13:42:20.897635+05:30,2026-09-21 13:42:20.897635+05:30
349,2026-07-06,present,50,,,,36,8841,2026-09-21 13:42:20.897635+05:30,2026-09-21 13:42:20.897635+05:30
349,2026-07-07,present,50,,,,36,8842,2026-09-21 13:42:20.897635+05:30,2026-09-21 13:42:20.897635+05:30
349,2026-07-08,present,50,,,,36,8843,2026-09-21 13:42:20.897635+05:30,2026-09-21 13:42:20.897635+05:30
349,2026-07-09,present,50,,,,36,8844,2026-09-21 13:42:20.897635+05:30,2026-09-21 13:42:20.897635+05:30
349,2026-07-10,present,50,,,,36,8845,2026-09-21 13:42:20.897635+05:30,2026-09-21 13:42:20.897635+05:30
349,2026-07-11,present,50,,,,36,8846,2026-09-21 13:42:20.897635+05:30,2026-09-21 13:42:20.897635+05:30
349,2026-07-13,present,50,,,,36,8847,2026-09-21 13:42:20.897635+05:30,2026-09-21 13:42:20.897635+05:30
349,2026-07-14,present,50,,,,36,8848,2026-09-21 13:42:20.897635+05:30,2026-09-21 13:42:20.897635+05:30
349,2026-07-15,present,50,,,,36,8849,2026-09-21 13:42:20.897635+05:30,2026-09-21 13:42:20.897635+05:30
349,2026-07-16,present,50,,,,36,8850,2026-09-21 13:42:20.897635+05:30,2026-09-21 13:42:20.897635+05:30
349,2026-07-17,absent,50,,,,36,8851,2026-09-21 13:42:20.897635+05:30,2026-09-21 13:42:20.897635+05:30
349,2026-07-18,absent,50,,,,36,8852,2026-09-21 13:42:20.897635+05:30,2026-09-21 13:42:20.897635+05:30
349,2026-07-20,present,50,,,,36,8853,2026-09-21 13:42:20.897635+05:30,2026-09-21 13:42:20.897635+05:30
349,2026-07-21,present,50,,,,36,8854,2026-09-21 13:42:20.897635+05:30,2026-09-21 13:42:20.897635+05:30
349,2026-07-22,present,50,,,,36,8855,2026-09-21 13:42:20.897635+05:30,2026-09-21 13:42:20.897635+05:30
349,2026-07-24,present,50,,,,36,8856,2026-09-21 13:42:20.897635+05:30,2026-09-21 13:42:20.897635+05:30
349,2026-07-25,present,50,,,,36,8857,2026-09-21 13:42:20.897635+05:30,2026-09-21 13:42:20.897635+05:30
349,2026-07-27,present,50,,,,36,8858,2026-09-21 13:42:20.897635+05:30,2026-09-21 13:42:20.897635+05:30
349,2026-07-28,present,50,,,,36,8859,2026-09-21 13:42:20.897635+05:30,2026-09-21 13:42:20.897635+05:30
349,2026-07-29,present,50,,,,36,8860,2026-09-21 13:42:20.897635+05:30,2026-09-21 13:42:20.897635+05:30
349,2026-07-30,present,50,,,,36,8861,2026-09-21 13:42:20.897635+05:30,2026-09-21 13:42:20.897635+05:30
349,2026-07-31,leave,50,,,,36,8862,2026-09-21 13:42:20.897635+05:30,2026-09-21 13:42:20.897635+05:30
349,2026-08-01,present,50,,,,36,8863,2026-09-21 13:42:20.897635+05:30,2026-09-21 13:42:20.897635+05:30
349,2026-08-03,present,50,,,,36,8864,2026-09-21 13:42:20.897635+05:30,2026-09-21 13:42:20.897635+05:30
349,2026-08-04,present,50,,,,36,8865,2026-09-21 13:42:20.897635+05:30,2026-09-21 13:42:20.897635+05:30
349,2026-08-05,present,50,,,,36,8866,2026-09-21 13:42:20.897635+05:30,2026-09-21 13:42:20.897635+05:30
349,2026-08-06,present,50,,,,36,8867,2026-09-21 13:42:20.897635+05:30,2026-09-21 13:42:20.897635+05:30
349,2026-08-07,present,50,,,,36,8868,2026-09-21 13:42:20.897635+05:30,2026-09-21 13:42:20.897635+05:30
349,2026-08-08,present,50,,,,36,8869,2026-09-21 13:42:20.897635+05:30,2026-09-21 13:42:20.897635+05:30
349,2026-08-10,present,50,,,,36,8870,2026-09-21 13:42:20.897635+05:30,2026-09-21 13:42:20.897635+05:30
349,2026-08-12,leave,50,,,,36,8871,2026-09-21 13:42:20.897635+05:30,2026-09-21 13:42:20.897635+05:30
349,2026-08-13,present,50,,,,36,8872,2026-09-21 13:42:20.897635+05:30,2026-09-21 13:42:20.897635+05:30
349,2026-08-14,present,50,,,,36,8873,2026-09-21 13:42:20.897635+05:30,2026-09-21 13:42:20.897635+05:30
349,2026-08-15,present,50,,,,36,8874,2026-09-21 13:42:20.897635+05:30,2026-09-21 13:42:20.897635+05:30
349,2026-08-17,present,50,,,,36,8875,2026-09-21 13:42:20.897635+05:30,2026-09-21 13:42:20.897635+05:30
349,2026-08-18,present,50,,,,36,8876,2026-09-21 13:42:20.897635+05:30,2026-09-21 13:42:20.897635+05:30
349,2026-08-19,present,50,,,,36,8877,2026-09-21 13:42:20.897635+05:30,2026-09-21 13:42:20.897635+05:30
349,2026-08-20,present,50,,,,36,8878,2026-09-21 13:42:20.897635+05:30,2026-09-21 13:42:20.897635+05:30
349,2026-08-21,present,50,,,,36,8879,2026-09-21 13:42:20.897635+05:30,2026-09-21 13:42:20.897635+05:30
349,2026-08-22,present,50,,,,36,8880,2026-09-21 13:42:20.897635+05:30,2026-09-21 13:42:20.897635+05:30
349,2026-08-24,absent,50,,,,36,8881,2026-09-21 13:42:20.897635+05:30,2026-09-21 13:42:20.897635+05:30
349,2026-08-25,present,50,,,,36,8882,2026-09-21 13:42:20.897635+05:30,2026-09-21 13:42:20.897635+05:30
349,2026-08-26,present,50,,,,36,8883,2026-09-21 13:42:20.897635+05:30,2026-09-21 13:42:20.897635+05:30
349,2026-08-27,present,50,,,,36,8884,2026-09-21 13:42:20.897635+05:30,2026-09-21 13:42:20.897635+05:30
349,2026-08-28,present,50,,,,36,8885,2026-09-21 13:42:20.897635+05:30,2026-09-21 13:42:20.897635+05:30
349,2026-08-29,present,50,,,,36,8886,2026-09-21 13:42:20.897635+05:30,2026-09-21 13:42:20.897635+05:30
349,2026-08-31,present,50,,,,36,8887,2026-09-21 13:42:20.897635+05:30,2026-09-21 13:42:20.897635+05:30
349,2026-09-01,present,50,,,,36,8888,2026-09-21 13:42:20.897635+05:30,2026-09-21 13:42:20.897635+05:30
350,2026-06-24,leave,50,,,,36,8889,2026-09-21 13:42:20.897635+05:30,2026-09-21 13:42:20.897635+05:30
350,2026-06-25,present,50,,,,36,8890,2026-09-21 13:42:20.897635+05:30,2026-09-21 13:42:20.897635+05:30
350,2026-06-26,absent,50,,,,36,8891,2026-09-21 13:42:20.897635+05:30,2026-09-21 13:42:20.897635+05:30
350,2026-06-27,present,50,,,,36,8892,2026-09-21 13:42:20.897635+05:30,2026-09-21 13:42:20.897635+05:30
350,2026-06-29,present,50,,,,36,8893,2026-09-21 13:42:20.897635+05:30,2026-09-21 13:42:20.897635+05:30
350,2026-06-30,present,50,,,,36,8894,2026-09-21 13:42:20.897635+05:30,2026-09-21 13:42:20.897635+05:30
350,2026-07-01,absent,50,,,,36,8895,2026-09-21 13:42:20.897635+05:30,2026-09-21 13:42:20.897635+05:30
350,2026-07-02,present,50,,,,36,8896,2026-09-21 13:42:20.897635+05:30,2026-09-21 13:42:20.897635+05:30
350,2026-07-03,present,50,,,,36,8897,2026-09-21 13:42:20.897635+05:30,2026-09-21 13:42:20.897635+05:30
350,2026-07-04,leave,50,,,,36,8898,2026-09-21 13:42:20.897635+05:30,2026-09-21 13:42:20.897635+05:30
350,2026-07-06,present,50,,,,36,8899,2026-09-21 13:42:20.897635+05:30,2026-09-21 13:42:20.897635+05:30
350,2026-07-07,present,50,,,,36,8900,2026-09-21 13:42:20.897635+05:30,2026-09-21 13:42:20.897635+05:30
350,2026-07-08,present,50,,,,36,8901,2026-09-21 13:42:20.897635+05:30,2026-09-21 13:42:20.897635+05:30
350,2026-07-09,present,50,,,,36,8902,2026-09-21 13:42:20.897635+05:30,2026-09-21 13:42:20.897635+05:30
350,2026-07-10,present,50,,,,36,8903,2026-09-21 13:42:20.897635+05:30,2026-09-21 13:42:20.897635+05:30
350,2026-07-11,leave,50,,,,36,8904,2026-09-21 13:42:20.897635+05:30,2026-09-21 13:42:20.897635+05:30
350,2026-07-13,present,50,,,,36,8905,2026-09-21 13:42:20.897635+05:30,2026-09-21 13:42:20.897635+05:30
350,2026-07-14,present,50,,,,36,8906,2026-09-21 13:42:20.897635+05:30,2026-09-21 13:42:20.897635+05:30
350,2026-07-15,absent,50,,,,36,8907,2026-09-21 13:42:20.897635+05:30,2026-09-21 13:42:20.897635+05:30
350,2026-07-16,present,50,,,,36,8908,2026-09-21 13:42:20.897635+05:30,2026-09-21 13:42:20.897635+05:30
350,2026-07-17,present,50,,,,36,8909,2026-09-21 13:42:20.897635+05:30,2026-09-21 13:42:20.897635+05:30
350,2026-07-18,present,50,,,,36,8910,2026-09-21 13:42:20.897635+05:30,2026-09-21 13:42:20.897635+05:30
350,2026-07-20,present,50,,,,36,8911,2026-09-21 13:42:20.897635+05:30,2026-09-21 13:42:20.897635+05:30
350,2026-07-21,present,50,,,,36,8912,2026-09-21 13:42:20.897635+05:30,2026-09-21 13:42:20.897635+05:30
350,2026-07-22,present,50,,,,36,8913,2026-09-21 13:42:20.897635+05:30,2026-09-21 13:42:20.897635+05:30
350,2026-07-24,present,50,,,,36,8914,2026-09-21 13:42:20.897635+05:30,2026-09-21 13:42:20.897635+05:30
350,2026-07-25,present,50,,,,36,8915,2026-09-21 13:42:20.897635+05:30,2026-09-21 13:42:20.897635+05:30
350,2026-07-27,present,50,,,,36,8916,2026-09-21 13:42:20.897635+05:30,2026-09-21 13:42:20.897635+05:30
350,2026-07-28,present,50,,,,36,8917,2026-09-21 13:42:20.897635+05:30,2026-09-21 13:42:20.897635+05:30
350,2026-07-29,present,50,,,,36,8918,2026-09-21 13:42:20.897635+05:30,2026-09-21 13:42:20.897635+05:30
350,2026-07-30,present,50,,,,36,8919,2026-09-21 13:42:20.897635+05:30,2026-09-21 13:42:20.897635+05:30
350,2026-07-31,present,50,,,,36,8920,2026-09-21 13:42:20.897635+05:30,2026-09-21 13:42:20.897635+05:30
350,2026-08-01,present,50,,,,36,8921,2026-09-21 13:42:20.897635+05:30,2026-09-21 13:42:20.897635+05:30
350,2026-08-03,present,50,,,,36,8922,2026-09-21 13:42:20.897635+05:30,2026-09-21 13:42:20.897635+05:30
350,2026-08-04,present,50,,,,36,8923,2026-09-21 13:42:20.897635+05:30,2026-09-21 13:42:20.897635+05:30
350,2026-08-05,present,50,,,,36,8924,2026-09-21 13:42:20.897635+05:30,2026-09-21 13:42:20.897635+05:30
350,2026-08-06,present,50,,,,36,8925,2026-09-21 13:42:20.897635+05:30,2026-09-21 13:42:20.897635+05:30
350,2026-08-07,present,50,,,,36,8926,2026-09-21 13:42:20.897635+05:30,2026-09-21 13:42:20.897635+05:30
350,2026-08-08,present,50,,,,36,8927,2026-09-21 13:42:20.897635+05:30,2026-09-21 13:42:20.897635+05:30
350,2026-08-10,present,50,,,,36,8928,2026-09-21 13:42:20.897635+05:30,2026-09-21 13:42:20.897635+05:30
350,2026-08-12,present,50,,,,36,8929,2026-09-21 13:42:20.897635+05:30,2026-09-21 13:42:20.897635+05:30
350,2026-08-13,present,50,,,,36,8930,2026-09-21 13:42:20.897635+05:30,2026-09-21 13:42:20.897635+05:30
350,2026-08-14,present,50,,,,36,8931,2026-09-21 13:42:20.897635+05:30,2026-09-21 13:42:20.897635+05:30
350,2026-08-15,present,50,,,,36,8932,2026-09-21 13:42:20.897635+05:30,2026-09-21 13:42:20.897635+05:30
350,2026-08-17,present,50,,,,36,8933,2026-09-21 13:42:20.897635+05:30,2026-09-21 13:42:20.897635+05:30
350,2026-08-18,absent,50,,,,36,8934,2026-09-21 13:42:20.897635+05:30,2026-09-21 13:42:20.897635+05:30
350,2026-08-19,present,50,,,,36,8935,2026-09-21 13:42:20.897635+05:30,2026-09-21 13:42:20.897635+05:30
350,2026-08-20,present,50,,,,36,8936,2026-09-21 13:42:20.897635+05:30,2026-09-21 13:42:20.897635+05:30
350,2026-08-21,present,50,,,,36,8937,2026-09-21 13:42:20.897635+05:30,2026-09-21 13:42:20.897635+05:30
350,2026-08-22,present,50,,,,36,8938,2026-09-21 13:42:20.897635+05:30,2026-09-21 13:42:20.897635+05:30
350,2026-08-24,present,50,,,,36,8939,2026-09-21 13:42:20.897635+05:30,2026-09-21 13:42:20.897635+05:30
350,2026-08-25,present,50,,,,36,8940,2026-09-21 13:42:20.897635+05:30,2026-09-21 13:42:20.897635+05:30
350,2026-08-26,present,50,,,,36,8941,2026-09-21 13:42:20.897635+05:30,2026-09-21 13:42:20.897635+05:30
350,2026-08-27,present,50,,,,36,8942,2026-09-21 13:42:20.897635+05:30,2026-09-21 13:42:20.897635+05:30
350,2026-08-28,present,50,,,,36,8943,2026-09-21 13:42:20.897635+05:30,2026-09-21 13:42:20.897635+05:30
350,2026-08-29,present,50,,,,36,8944,2026-09-21 13:42:20.897635+05:30,2026-09-21 13:42:20.897635+05:30
350,2026-08-31,present,50,,,,36,8945,2026-09-21 13:42:20.897635+05:30,2026-09-21 13:42:20.897635+05:30
350,2026-09-01,present,50,,,,36,8946,2026-09-21 13:42:20.897635+05:30,2026-09-21 13:42:20.897635+05:30
351,2026-06-24,present,50,,,,36,8947,2026-09-21 13:42:20.897635+05:30,2026-09-21 13:42:20.897635+05:30
351,2026-06-25,present,50,,,,36,8948,2026-09-21 13:42:20.897635+05:30,2026-09-21 13:42:20.897635+05:30
351,2026-06-26,present,50,,,,36,8949,2026-09-21 13:42:20.897635+05:30,2026-09-21 13:42:20.897635+05:30
351,2026-06-27,present,50,,,,36,8950,2026-09-21 13:42:20.897635+05:30,2026-09-21 13:42:20.897635+05:30
351,2026-06-29,present,50,,,,36,8951,2026-09-21 13:42:20.897635+05:30,2026-09-21 13:42:20.897635+05:30
351,2026-06-30,present,50,,,,36,8952,2026-09-21 13:42:20.897635+05:30,2026-09-21 13:42:20.897635+05:30
351,2026-07-01,present,50,,,,36,8953,2026-09-21 13:42:20.897635+05:30,2026-09-21 13:42:20.897635+05:30
351,2026-07-02,present,50,,,,36,8954,2026-09-21 13:42:20.897635+05:30,2026-09-21 13:42:20.897635+05:30
351,2026-07-03,present,50,,,,36,8955,2026-09-21 13:42:20.897635+05:30,2026-09-21 13:42:20.897635+05:30
351,2026-07-04,present,50,,,,36,8956,2026-09-21 13:42:20.897635+05:30,2026-09-21 13:42:20.897635+05:30
351,2026-07-06,present,50,,,,36,8957,2026-09-21 13:42:20.897635+05:30,2026-09-21 13:42:20.897635+05:30
351,2026-07-07,present,50,,,,36,8958,2026-09-21 13:42:20.897635+05:30,2026-09-21 13:42:20.897635+05:30
351,2026-07-08,present,50,,,,36,8959,2026-09-21 13:42:20.897635+05:30,2026-09-21 13:42:20.897635+05:30
351,2026-07-09,present,50,,,,36,8960,2026-09-21 13:42:20.897635+05:30,2026-09-21 13:42:20.897635+05:30
351,2026-07-10,present,50,,,,36,8961,2026-09-21 13:42:20.897635+05:30,2026-09-21 13:42:20.897635+05:30
351,2026-07-11,present,50,,,,36,8962,2026-09-21 13:42:20.897635+05:30,2026-09-21 13:42:20.897635+05:30
351,2026-07-13,present,50,,,,36,8963,2026-09-21 13:42:20.897635+05:30,2026-09-21 13:42:20.897635+05:30
351,2026-07-14,present,50,,,,36,8964,2026-09-21 13:42:20.897635+05:30,2026-09-21 13:42:20.897635+05:30
351,2026-07-15,present,50,,,,36,8965,2026-09-21 13:42:20.897635+05:30,2026-09-21 13:42:20.897635+05:30
351,2026-07-16,present,50,,,,36,8966,2026-09-21 13:42:20.897635+05:30,2026-09-21 13:42:20.897635+05:30
351,2026-07-17,present,50,,,,36,8967,2026-09-21 13:42:20.897635+05:30,2026-09-21 13:42:20.897635+05:30
351,2026-07-18,leave,50,,,,36,8968,2026-09-21 13:42:20.897635+05:30,2026-09-21 13:42:20.897635+05:30
351,2026-07-20,present,50,,,,36,8969,2026-09-21 13:42:20.897635+05:30,2026-09-21 13:42:20.897635+05:30
351,2026-07-21,present,50,,,,36,8970,2026-09-21 13:42:20.897635+05:30,2026-09-21 13:42:20.897635+05:30
351,2026-07-22,present,50,,,,36,8971,2026-09-21 13:42:20.897635+05:30,2026-09-21 13:42:20.897635+05:30
351,2026-07-24,present,50,,,,36,8972,2026-09-21 13:42:20.897635+05:30,2026-09-21 13:42:20.897635+05:30
351,2026-07-25,leave,50,,,,36,8973,2026-09-21 13:42:20.897635+05:30,2026-09-21 13:42:20.897635+05:30
351,2026-07-27,present,50,,,,36,8974,2026-09-21 13:42:20.897635+05:30,2026-09-21 13:42:20.897635+05:30
351,2026-07-28,present,50,,,,36,8975,2026-09-21 13:42:20.897635+05:30,2026-09-21 13:42:20.897635+05:30
351,2026-07-29,present,50,,,,36,8976,2026-09-21 13:42:20.897635+05:30,2026-09-21 13:42:20.897635+05:30
351,2026-07-30,present,50,,,,36,8977,2026-09-21 13:42:20.897635+05:30,2026-09-21 13:42:20.897635+05:30
351,2026-07-31,present,50,,,,36,8978,2026-09-21 13:42:20.897635+05:30,2026-09-21 13:42:20.897635+05:30
351,2026-08-01,present,50,,,,36,8979,2026-09-21 13:42:20.897635+05:30,2026-09-21 13:42:20.897635+05:30
351,2026-08-03,present,50,,,,36,8980,2026-09-21 13:42:20.897635+05:30,2026-09-21 13:42:20.897635+05:30
351,2026-08-04,present,50,,,,36,8981,2026-09-21 13:42:20.897635+05:30,2026-09-21 13:42:20.897635+05:30
351,2026-08-05,present,50,,,,36,8982,2026-09-21 13:42:20.897635+05:30,2026-09-21 13:42:20.897635+05:30
351,2026-08-06,present,50,,,,36,8983,2026-09-21 13:42:20.897635+05:30,2026-09-21 13:42:20.897635+05:30
351,2026-08-07,present,50,,,,36,8984,2026-09-21 13:42:20.897635+05:30,2026-09-21 13:42:20.897635+05:30
351,2026-08-08,present,50,,,,36,8985,2026-09-21 13:42:20.897635+05:30,2026-09-21 13:42:20.897635+05:30
351,2026-08-10,present,50,,,,36,8986,2026-09-21 13:42:20.897635+05:30,2026-09-21 13:42:20.897635+05:30
351,2026-08-12,present,50,,,,36,8987,2026-09-21 13:42:20.897635+05:30,2026-09-21 13:42:20.897635+05:30
351,2026-08-13,present,50,,,,36,8988,2026-09-21 13:42:20.897635+05:30,2026-09-21 13:42:20.897635+05:30
351,2026-08-14,present,50,,,,36,8989,2026-09-21 13:42:20.897635+05:30,2026-09-21 13:42:20.897635+05:30
351,2026-08-15,present,50,,,,36,8990,2026-09-21 13:42:20.897635+05:30,2026-09-21 13:42:20.897635+05:30
351,2026-08-17,present,50,,,,36,8991,2026-09-21 13:42:20.897635+05:30,2026-09-21 13:42:20.897635+05:30
351,2026-08-18,present,50,,,,36,8992,2026-09-21 13:42:20.897635+05:30,2026-09-21 13:42:20.897635+05:30
351,2026-08-19,present,50,,,,36,8993,2026-09-21 13:42:20.897635+05:30,2026-09-21 13:42:20.897635+05:30
351,2026-08-20,present,50,,,,36,8994,2026-09-21 13:42:20.897635+05:30,2026-09-21 13:42:20.897635+05:30
351,2026-08-21,present,50,,,,36,8995,2026-09-21 13:42:20.897635+05:30,2026-09-21 13:42:20.897635+05:30
351,2026-08-22,present,50,,,,36,8996,2026-09-21 13:42:20.897635+05:30,2026-09-21 13:42:20.897635+05:30
351,2026-08-24,present,50,,,,36,8997,2026-09-21 13:42:20.897635+05:30,2026-09-21 13:42:20.897635+05:30
351,2026-08-25,present,50,,,,36,8998,2026-09-21 13:42:20.897635+05:30,2026-09-21 13:42:20.897635+05:30
351,2026-08-26,present,50,,,,36,8999,2026-09-21 13:42:20.897635+05:30,2026-09-21 13:42:20.897635+05:30
351,2026-08-27,present,50,,,,36,9000,2026-09-21 13:42:20.897635+05:30,2026-09-21 13:42:20.897635+05:30
351,2026-08-28,present,50,,,,36,9001,2026-09-21 13:42:20.897635+05:30,2026-09-21 13:42:20.897635+05:30
351,2026-08-29,present,50,,,,36,9002,2026-09-21 13:42:20.897635+05:30,2026-09-21 13:42:20.897635+05:30
351,2026-08-31,present,50,,,,36,9003,2026-09-21 13:42:20.897635+05:30,2026-09-21 13:42:20.897635+05:30
351,2026-09-01,present,50,,,,36,9004,2026-09-21 13:42:20.897635+05:30,2026-09-21 13:42:20.897635+05:30
352,2026-06-24,present,50,,,,36,9005,2026-09-21 13:42:20.897635+05:30,2026-09-21 13:42:20.897635+05:30
352,2026-06-25,present,50,,,,36,9006,2026-09-21 13:42:20.897635+05:30,2026-09-21 13:42:20.897635+05:30
352,2026-06-26,present,50,,,,36,9007,2026-09-21 13:42:20.897635+05:30,2026-09-21 13:42:20.897635+05:30
352,2026-06-27,present,50,,,,36,9008,2026-09-21 13:42:20.897635+05:30,2026-09-21 13:42:20.897635+05:30
352,2026-06-29,present,50,,,,36,9009,2026-09-21 13:42:20.897635+05:30,2026-09-21 13:42:20.897635+05:30
352,2026-06-30,present,50,,,,36,9010,2026-09-21 13:42:20.897635+05:30,2026-09-21 13:42:20.897635+05:30
352,2026-07-01,present,50,,,,36,9011,2026-09-21 13:42:20.897635+05:30,2026-09-21 13:42:20.897635+05:30
352,2026-07-02,present,50,,,,36,9012,2026-09-21 13:42:20.897635+05:30,2026-09-21 13:42:20.897635+05:30
352,2026-07-03,present,50,,,,36,9013,2026-09-21 13:42:20.897635+05:30,2026-09-21 13:42:20.897635+05:30
352,2026-07-04,present,50,,,,36,9014,2026-09-21 13:42:20.897635+05:30,2026-09-21 13:42:20.897635+05:30
352,2026-07-06,present,50,,,,36,9015,2026-09-21 13:42:20.897635+05:30,2026-09-21 13:42:20.897635+05:30
352,2026-07-07,present,50,,,,36,9016,2026-09-21 13:42:20.897635+05:30,2026-09-21 13:42:20.897635+05:30
352,2026-07-08,present,50,,,,36,9017,2026-09-21 13:42:20.897635+05:30,2026-09-21 13:42:20.897635+05:30
352,2026-07-09,present,50,,,,36,9018,2026-09-21 13:42:20.897635+05:30,2026-09-21 13:42:20.897635+05:30
352,2026-07-10,present,50,,,,36,9019,2026-09-21 13:42:20.897635+05:30,2026-09-21 13:42:20.897635+05:30
352,2026-07-11,present,50,,,,36,9020,2026-09-21 13:42:20.897635+05:30,2026-09-21 13:42:20.897635+05:30
352,2026-07-13,present,50,,,,36,9021,2026-09-21 13:42:20.897635+05:30,2026-09-21 13:42:20.897635+05:30
352,2026-07-14,present,50,,,,36,9022,2026-09-21 13:42:20.897635+05:30,2026-09-21 13:42:20.897635+05:30
352,2026-07-15,present,50,,,,36,9023,2026-09-21 13:42:20.897635+05:30,2026-09-21 13:42:20.897635+05:30
352,2026-07-16,present,50,,,,36,9024,2026-09-21 13:42:20.897635+05:30,2026-09-21 13:42:20.897635+05:30
352,2026-07-17,present,50,,,,36,9025,2026-09-21 13:42:20.897635+05:30,2026-09-21 13:42:20.897635+05:30
352,2026-07-18,present,50,,,,36,9026,2026-09-21 13:42:20.897635+05:30,2026-09-21 13:42:20.897635+05:30
352,2026-07-20,present,50,,,,36,9027,2026-09-21 13:42:20.897635+05:30,2026-09-21 13:42:20.897635+05:30
352,2026-07-21,present,50,,,,36,9028,2026-09-21 13:42:20.897635+05:30,2026-09-21 13:42:20.897635+05:30
352,2026-07-22,present,50,,,,36,9029,2026-09-21 13:42:20.897635+05:30,2026-09-21 13:42:20.897635+05:30
352,2026-07-24,present,50,,,,36,9030,2026-09-21 13:42:20.897635+05:30,2026-09-21 13:42:20.897635+05:30
352,2026-07-25,present,50,,,,36,9031,2026-09-21 13:42:20.897635+05:30,2026-09-21 13:42:20.897635+05:30
352,2026-07-27,present,50,,,,36,9032,2026-09-21 13:42:20.897635+05:30,2026-09-21 13:42:20.897635+05:30
352,2026-07-28,present,50,,,,36,9033,2026-09-21 13:42:20.897635+05:30,2026-09-21 13:42:20.897635+05:30
352,2026-07-29,present,50,,,,36,9034,2026-09-21 13:42:20.897635+05:30,2026-09-21 13:42:20.897635+05:30
352,2026-07-30,present,50,,,,36,9035,2026-09-21 13:42:20.897635+05:30,2026-09-21 13:42:20.897635+05:30
352,2026-07-31,absent,50,,,,36,9036,2026-09-21 13:42:20.897635+05:30,2026-09-21 13:42:20.897635+05:30
352,2026-08-01,present,50,,,,36,9037,2026-09-21 13:42:20.897635+05:30,2026-09-21 13:42:20.897635+05:30
352,2026-08-03,present,50,,,,36,9038,2026-09-21 13:42:20.897635+05:30,2026-09-21 13:42:20.897635+05:30
352,2026-08-04,present,50,,,,36,9039,2026-09-21 13:42:20.897635+05:30,2026-09-21 13:42:20.897635+05:30
352,2026-08-05,present,50,,,,36,9040,2026-09-21 13:42:20.897635+05:30,2026-09-21 13:42:20.897635+05:30
352,2026-08-06,leave,50,,,,36,9041,2026-09-21 13:42:20.897635+05:30,2026-09-21 13:42:20.897635+05:30
352,2026-08-07,present,50,,,,36,9042,2026-09-21 13:42:20.897635+05:30,2026-09-21 13:42:20.897635+05:30
352,2026-08-08,absent,50,,,,36,9043,2026-09-21 13:42:20.897635+05:30,2026-09-21 13:42:20.897635+05:30
352,2026-08-10,present,50,,,,36,9044,2026-09-21 13:42:20.897635+05:30,2026-09-21 13:42:20.897635+05:30
352,2026-08-12,present,50,,,,36,9045,2026-09-21 13:42:20.897635+05:30,2026-09-21 13:42:20.897635+05:30
352,2026-08-13,present,50,,,,36,9046,2026-09-21 13:42:20.897635+05:30,2026-09-21 13:42:20.897635+05:30
352,2026-08-14,present,50,,,,36,9047,2026-09-21 13:42:20.897635+05:30,2026-09-21 13:42:20.897635+05:30
352,2026-08-15,present,50,,,,36,9048,2026-09-21 13:42:20.897635+05:30,2026-09-21 13:42:20.897635+05:30
352,2026-08-17,present,50,,,,36,9049,2026-09-21 13:42:20.897635+05:30,2026-09-21 13:42:20.897635+05:30
352,2026-08-18,present,50,,,,36,9050,2026-09-21 13:42:20.897635+05:30,2026-09-21 13:42:20.897635+05:30
352,2026-08-19,present,50,,,,36,9051,2026-09-21 13:42:20.897635+05:30,2026-09-21 13:42:20.897635+05:30
352,2026-08-20,present,50,,,,36,9052,2026-09-21 13:42:20.897635+05:30,2026-09-21 13:42:20.897635+05:30
352,2026-08-21,present,50,,,,36,9053,2026-09-21 13:42:20.897635+05:30,2026-09-21 13:42:20.897635+05:30
352,2026-08-22,present,50,,,,36,9054,2026-09-21 13:42:20.897635+05:30,2026-09-21 13:42:20.897635+05:30
352,2026-08-24,present,50,,,,36,9055,2026-09-21 13:42:20.897635+05:30,2026-09-21 13:42:20.897635+05:30
352,2026-08-25,present,50,,,,36,9056,2026-09-21 13:42:20.897635+05:30,2026-09-21 13:42:20.897635+05:30
352,2026-08-26,present,50,,,,36,9057,2026-09-21 13:42:20.897635+05:30,2026-09-21 13:42:20.897635+05:30
352,2026-08-27,present,50,,,,36,9058,2026-09-21 13:42:20.897635+05:30,2026-09-21 13:42:20.897635+05:30
352,2026-08-28,absent,50,,,,36,9059,2026-09-21 13:42:20.897635+05:30,2026-09-21 13:42:20.897635+05:30
352,2026-08-29,present,50,,,,36,9060,2026-09-21 13:42:20.897635+05:30,2026-09-21 13:42:20.897635+05:30
352,2026-08-31,present,50,,,,36,9061,2026-09-21 13:42:20.897635+05:30,2026-09-21 13:42:20.897635+05:30
352,2026-09-01,present,50,,,,36,9062,2026-09-21 13:42:20.897635+05:30,2026-09-21 13:42:20.897635+05:30
353,2026-06-24,present,50,,,,36,9063,2026-09-21 13:42:20.897635+05:30,2026-09-21 13:42:20.897635+05:30
353,2026-06-25,present,50,,,,36,9064,2026-09-21 13:42:20.897635+05:30,2026-09-21 13:42:20.897635+05:30
353,2026-06-26,present,50,,,,36,9065,2026-09-21 13:42:20.897635+05:30,2026-09-21 13:42:20.897635+05:30
353,2026-06-27,absent,50,,,,36,9066,2026-09-21 13:42:20.897635+05:30,2026-09-21 13:42:20.897635+05:30
353,2026-06-29,present,50,,,,36,9067,2026-09-21 13:42:20.897635+05:30,2026-09-21 13:42:20.897635+05:30
353,2026-06-30,present,50,,,,36,9068,2026-09-21 13:42:20.897635+05:30,2026-09-21 13:42:20.897635+05:30
353,2026-07-01,present,50,,,,36,9069,2026-09-21 13:42:20.897635+05:30,2026-09-21 13:42:20.897635+05:30
353,2026-07-02,present,50,,,,36,9070,2026-09-21 13:42:20.897635+05:30,2026-09-21 13:42:20.897635+05:30
353,2026-07-03,present,50,,,,36,9071,2026-09-21 13:42:20.897635+05:30,2026-09-21 13:42:20.897635+05:30
353,2026-07-04,present,50,,,,36,9072,2026-09-21 13:42:20.897635+05:30,2026-09-21 13:42:20.897635+05:30
353,2026-07-06,present,50,,,,36,9073,2026-09-21 13:42:20.897635+05:30,2026-09-21 13:42:20.897635+05:30
353,2026-07-07,present,50,,,,36,9074,2026-09-21 13:42:20.897635+05:30,2026-09-21 13:42:20.897635+05:30
353,2026-07-08,present,50,,,,36,9075,2026-09-21 13:42:20.897635+05:30,2026-09-21 13:42:20.897635+05:30
353,2026-07-09,present,50,,,,36,9076,2026-09-21 13:42:20.897635+05:30,2026-09-21 13:42:20.897635+05:30
353,2026-07-10,present,50,,,,36,9077,2026-09-21 13:42:20.897635+05:30,2026-09-21 13:42:20.897635+05:30
353,2026-07-11,present,50,,,,36,9078,2026-09-21 13:42:20.897635+05:30,2026-09-21 13:42:20.897635+05:30
353,2026-07-13,present,50,,,,36,9079,2026-09-21 13:42:20.897635+05:30,2026-09-21 13:42:20.897635+05:30
353,2026-07-14,absent,50,,,,36,9080,2026-09-21 13:42:20.897635+05:30,2026-09-21 13:42:20.897635+05:30
353,2026-07-15,present,50,,,,36,9081,2026-09-21 13:42:20.897635+05:30,2026-09-21 13:42:20.897635+05:30
353,2026-07-16,present,50,,,,36,9082,2026-09-21 13:42:20.897635+05:30,2026-09-21 13:42:20.897635+05:30
353,2026-07-17,present,50,,,,36,9083,2026-09-21 13:42:20.897635+05:30,2026-09-21 13:42:20.897635+05:30
353,2026-07-18,present,50,,,,36,9084,2026-09-21 13:42:20.897635+05:30,2026-09-21 13:42:20.897635+05:30
353,2026-07-20,present,50,,,,36,9085,2026-09-21 13:42:20.897635+05:30,2026-09-21 13:42:20.897635+05:30
353,2026-07-21,present,50,,,,36,9086,2026-09-21 13:42:20.897635+05:30,2026-09-21 13:42:20.897635+05:30
353,2026-07-22,present,50,,,,36,9087,2026-09-21 13:42:20.897635+05:30,2026-09-21 13:42:20.897635+05:30
353,2026-07-24,present,50,,,,36,9088,2026-09-21 13:42:20.897635+05:30,2026-09-21 13:42:20.897635+05:30
353,2026-07-25,present,50,,,,36,9089,2026-09-21 13:42:20.897635+05:30,2026-09-21 13:42:20.897635+05:30
353,2026-07-27,present,50,,,,36,9090,2026-09-21 13:42:20.897635+05:30,2026-09-21 13:42:20.897635+05:30
353,2026-07-28,present,50,,,,36,9091,2026-09-21 13:42:20.897635+05:30,2026-09-21 13:42:20.897635+05:30
353,2026-07-29,absent,50,,,,36,9092,2026-09-21 13:42:20.897635+05:30,2026-09-21 13:42:20.897635+05:30
353,2026-07-30,present,50,,,,36,9093,2026-09-21 13:42:20.897635+05:30,2026-09-21 13:42:20.897635+05:30
353,2026-07-31,present,50,,,,36,9094,2026-09-21 13:42:20.897635+05:30,2026-09-21 13:42:20.897635+05:30
353,2026-08-01,present,50,,,,36,9095,2026-09-21 13:42:20.897635+05:30,2026-09-21 13:42:20.897635+05:30
353,2026-08-03,leave,50,,,,36,9096,2026-09-21 13:42:20.897635+05:30,2026-09-21 13:42:20.897635+05:30
353,2026-08-04,absent,50,,,,36,9097,2026-09-21 13:42:20.897635+05:30,2026-09-21 13:42:20.897635+05:30
353,2026-08-05,present,50,,,,36,9098,2026-09-21 13:42:20.897635+05:30,2026-09-21 13:42:20.897635+05:30
353,2026-08-06,present,50,,,,36,9099,2026-09-21 13:42:20.897635+05:30,2026-09-21 13:42:20.897635+05:30
353,2026-08-07,present,50,,,,36,9100,2026-09-21 13:42:20.897635+05:30,2026-09-21 13:42:20.897635+05:30
353,2026-08-08,present,50,,,,36,9101,2026-09-21 13:42:20.897635+05:30,2026-09-21 13:42:20.897635+05:30
353,2026-08-10,present,50,,,,36,9102,2026-09-21 13:42:20.897635+05:30,2026-09-21 13:42:20.897635+05:30
353,2026-08-12,present,50,,,,36,9103,2026-09-21 13:42:20.897635+05:30,2026-09-21 13:42:20.897635+05:30
353,2026-08-13,present,50,,,,36,9104,2026-09-21 13:42:20.897635+05:30,2026-09-21 13:42:20.897635+05:30
353,2026-08-14,present,50,,,,36,9105,2026-09-21 13:42:20.897635+05:30,2026-09-21 13:42:20.897635+05:30
353,2026-08-15,present,50,,,,36,9106,2026-09-21 13:42:20.897635+05:30,2026-09-21 13:42:20.897635+05:30
353,2026-08-17,present,50,,,,36,9107,2026-09-21 13:42:20.897635+05:30,2026-09-21 13:42:20.897635+05:30
353,2026-08-18,present,50,,,,36,9108,2026-09-21 13:42:20.897635+05:30,2026-09-21 13:42:20.897635+05:30
353,2026-08-19,absent,50,,,,36,9109,2026-09-21 13:42:20.897635+05:30,2026-09-21 13:42:20.897635+05:30
353,2026-08-20,present,50,,,,36,9110,2026-09-21 13:42:20.897635+05:30,2026-09-21 13:42:20.897635+05:30
353,2026-08-21,present,50,,,,36,9111,2026-09-21 13:42:20.897635+05:30,2026-09-21 13:42:20.897635+05:30
353,2026-08-22,present,50,,,,36,9112,2026-09-21 13:42:20.897635+05:30,2026-09-21 13:42:20.897635+05:30
353,2026-08-24,present,50,,,,36,9113,2026-09-21 13:42:20.897635+05:30,2026-09-21 13:42:20.897635+05:30
353,2026-08-25,present,50,,,,36,9114,2026-09-21 13:42:20.897635+05:30,2026-09-21 13:42:20.897635+05:30
353,2026-08-26,present,50,,,,36,9115,2026-09-21 13:42:20.897635+05:30,2026-09-21 13:42:20.897635+05:30
353,2026-08-27,absent,50,,,,36,9116,2026-09-21 13:42:20.897635+05:30,2026-09-21 13:42:20.897635+05:30
353,2026-08-28,present,50,,,,36,9117,2026-09-21 13:42:20.897635+05:30,2026-09-21 13:42:20.897635+05:30
353,2026-08-29,present,50,,,,36,9118,2026-09-21 13:42:20.897635+05:30,2026-09-21 13:42:20.897635+05:30
353,2026-08-31,present,50,,,,36,9119,2026-09-21 13:42:20.897635+05:30,2026-09-21 13:42:20.897635+05:30
353,2026-09-01,present,50,,,,36,9120,2026-09-21 13:42:20.897635+05:30,2026-09-21 13:42:20.897635+05:30
354,2026-06-24,present,50,,,,36,9121,2026-09-21 13:42:20.897635+05:30,2026-09-21 13:42:20.897635+05:30
354,2026-06-25,present,50,,,,36,9122,2026-09-21 13:42:20.897635+05:30,2026-09-21 13:42:20.897635+05:30
354,2026-06-26,present,50,,,,36,9123,2026-09-21 13:42:20.897635+05:30,2026-09-21 13:42:20.897635+05:30
354,2026-06-27,present,50,,,,36,9124,2026-09-21 13:42:20.897635+05:30,2026-09-21 13:42:20.897635+05:30
354,2026-06-29,present,50,,,,36,9125,2026-09-21 13:42:20.897635+05:30,2026-09-21 13:42:20.897635+05:30
354,2026-06-30,present,50,,,,36,9126,2026-09-21 13:42:20.897635+05:30,2026-09-21 13:42:20.897635+05:30
354,2026-07-01,present,50,,,,36,9127,2026-09-21 13:42:20.897635+05:30,2026-09-21 13:42:20.897635+05:30
354,2026-07-02,present,50,,,,36,9128,2026-09-21 13:42:20.897635+05:30,2026-09-21 13:42:20.897635+05:30
354,2026-07-03,present,50,,,,36,9129,2026-09-21 13:42:20.897635+05:30,2026-09-21 13:42:20.897635+05:30
354,2026-07-04,present,50,,,,36,9130,2026-09-21 13:42:20.897635+05:30,2026-09-21 13:42:20.897635+05:30
354,2026-07-06,absent,50,,,,36,9131,2026-09-21 13:42:20.897635+05:30,2026-09-21 13:42:20.897635+05:30
354,2026-07-07,present,50,,,,36,9132,2026-09-21 13:42:20.897635+05:30,2026-09-21 13:42:20.897635+05:30
354,2026-07-08,present,50,,,,36,9133,2026-09-21 13:42:20.897635+05:30,2026-09-21 13:42:20.897635+05:30
354,2026-07-09,present,50,,,,36,9134,2026-09-21 13:42:20.897635+05:30,2026-09-21 13:42:20.897635+05:30
354,2026-07-10,present,50,,,,36,9135,2026-09-21 13:42:20.897635+05:30,2026-09-21 13:42:20.897635+05:30
354,2026-07-11,present,50,,,,36,9136,2026-09-21 13:42:20.897635+05:30,2026-09-21 13:42:20.897635+05:30
354,2026-07-13,present,50,,,,36,9137,2026-09-21 13:42:20.897635+05:30,2026-09-21 13:42:20.897635+05:30
354,2026-07-14,present,50,,,,36,9138,2026-09-21 13:42:20.897635+05:30,2026-09-21 13:42:20.897635+05:30
354,2026-07-15,present,50,,,,36,9139,2026-09-21 13:42:20.897635+05:30,2026-09-21 13:42:20.897635+05:30
354,2026-07-16,present,50,,,,36,9140,2026-09-21 13:42:20.897635+05:30,2026-09-21 13:42:20.897635+05:30
354,2026-07-17,present,50,,,,36,9141,2026-09-21 13:42:20.897635+05:30,2026-09-21 13:42:20.897635+05:30
354,2026-07-18,present,50,,,,36,9142,2026-09-21 13:42:20.897635+05:30,2026-09-21 13:42:20.897635+05:30
354,2026-07-20,present,50,,,,36,9143,2026-09-21 13:42:20.897635+05:30,2026-09-21 13:42:20.897635+05:30
354,2026-07-21,present,50,,,,36,9144,2026-09-21 13:42:20.897635+05:30,2026-09-21 13:42:20.897635+05:30
354,2026-07-22,present,50,,,,36,9145,2026-09-21 13:42:20.897635+05:30,2026-09-21 13:42:20.897635+05:30
354,2026-07-24,present,50,,,,36,9146,2026-09-21 13:42:20.897635+05:30,2026-09-21 13:42:20.897635+05:30
354,2026-07-25,present,50,,,,36,9147,2026-09-21 13:42:20.897635+05:30,2026-09-21 13:42:20.897635+05:30
354,2026-07-27,present,50,,,,36,9148,2026-09-21 13:42:20.897635+05:30,2026-09-21 13:42:20.897635+05:30
354,2026-07-28,present,50,,,,36,9149,2026-09-21 13:42:20.897635+05:30,2026-09-21 13:42:20.897635+05:30
354,2026-07-29,absent,50,,,,36,9150,2026-09-21 13:42:20.897635+05:30,2026-09-21 13:42:20.897635+05:30
354,2026-07-30,present,50,,,,36,9151,2026-09-21 13:42:20.897635+05:30,2026-09-21 13:42:20.897635+05:30
354,2026-07-31,absent,50,,,,36,9152,2026-09-21 13:42:20.897635+05:30,2026-09-21 13:42:20.897635+05:30
354,2026-08-01,present,50,,,,36,9153,2026-09-21 13:42:20.897635+05:30,2026-09-21 13:42:20.897635+05:30
354,2026-08-03,present,50,,,,36,9154,2026-09-21 13:42:20.897635+05:30,2026-09-21 13:42:20.897635+05:30
354,2026-08-04,present,50,,,,36,9155,2026-09-21 13:42:20.897635+05:30,2026-09-21 13:42:20.897635+05:30
354,2026-08-05,present,50,,,,36,9156,2026-09-21 13:42:20.897635+05:30,2026-09-21 13:42:20.897635+05:30
354,2026-08-06,present,50,,,,36,9157,2026-09-21 13:42:20.897635+05:30,2026-09-21 13:42:20.897635+05:30
354,2026-08-07,present,50,,,,36,9158,2026-09-21 13:42:20.897635+05:30,2026-09-21 13:42:20.897635+05:30
354,2026-08-08,present,50,,,,36,9159,2026-09-21 13:42:20.897635+05:30,2026-09-21 13:42:20.897635+05:30
354,2026-08-10,present,50,,,,36,9160,2026-09-21 13:42:20.897635+05:30,2026-09-21 13:42:20.897635+05:30
354,2026-08-12,present,50,,,,36,9161,2026-09-21 13:42:20.897635+05:30,2026-09-21 13:42:20.897635+05:30
354,2026-08-13,present,50,,,,36,9162,2026-09-21 13:42:20.897635+05:30,2026-09-21 13:42:20.897635+05:30
354,2026-08-14,present,50,,,,36,9163,2026-09-21 13:42:20.897635+05:30,2026-09-21 13:42:20.897635+05:30
354,2026-08-15,present,50,,,,36,9164,2026-09-21 13:42:20.897635+05:30,2026-09-21 13:42:20.897635+05:30
354,2026-08-17,present,50,,,,36,9165,2026-09-21 13:42:20.897635+05:30,2026-09-21 13:42:20.897635+05:30
354,2026-08-18,present,50,,,,36,9166,2026-09-21 13:42:20.897635+05:30,2026-09-21 13:42:20.897635+05:30
354,2026-08-19,present,50,,,,36,9167,2026-09-21 13:42:20.897635+05:30,2026-09-21 13:42:20.897635+05:30
354,2026-08-20,present,50,,,,36,9168,2026-09-21 13:42:20.897635+05:30,2026-09-21 13:42:20.897635+05:30
354,2026-08-21,present,50,,,,36,9169,2026-09-21 13:42:20.897635+05:30,2026-09-21 13:42:20.897635+05:30
354,2026-08-22,present,50,,,,36,9170,2026-09-21 13:42:20.897635+05:30,2026-09-21 13:42:20.897635+05:30
354,2026-08-24,present,50,,,,36,9171,2026-09-21 13:42:20.897635+05:30,2026-09-21 13:42:20.897635+05:30
354,2026-08-25,present,50,,,,36,9172,2026-09-21 13:42:20.897635+05:30,2026-09-21 13:42:20.897635+05:30
354,2026-08-26,present,50,,,,36,9173,2026-09-21 13:42:20.897635+05:30,2026-09-21 13:42:20.897635+05:30
354,2026-08-27,present,50,,,,36,9174,2026-09-21 13:42:20.897635+05:30,2026-09-21 13:42:20.897635+05:30
354,2026-08-28,absent,50,,,,36,9175,2026-09-21 13:42:20.897635+05:30,2026-09-21 13:42:20.897635+05:30
354,2026-08-29,absent,50,,,,36,9176,2026-09-21 13:42:20.897635+05:30,2026-09-21 13:42:20.897635+05:30
354,2026-08-31,present,50,,,,36,9177,2026-09-21 13:42:20.897635+05:30,2026-09-21 13:42:20.897635+05:30
354,2026-09-01,present,50,,,,36,9178,2026-09-21 13:42:20.897635+05:30,2026-09-21 13:42:20.897635+05:30
355,2026-06-24,present,50,,,,36,9179,2026-09-21 13:42:20.897635+05:30,2026-09-21 13:42:20.897635+05:30
355,2026-06-25,present,50,,,,36,9180,2026-09-21 13:42:20.897635+05:30,2026-09-21 13:42:20.897635+05:30
355,2026-06-26,present,50,,,,36,9181,2026-09-21 13:42:20.897635+05:30,2026-09-21 13:42:20.897635+05:30
355,2026-06-27,present,50,,,,36,9182,2026-09-21 13:42:20.897635+05:30,2026-09-21 13:42:20.897635+05:30
355,2026-06-29,present,50,,,,36,9183,2026-09-21 13:42:20.897635+05:30,2026-09-21 13:42:20.897635+05:30
355,2026-06-30,present,50,,,,36,9184,2026-09-21 13:42:20.897635+05:30,2026-09-21 13:42:20.897635+05:30
355,2026-07-01,present,50,,,,36,9185,2026-09-21 13:42:20.897635+05:30,2026-09-21 13:42:20.897635+05:30
355,2026-07-02,present,50,,,,36,9186,2026-09-21 13:42:20.897635+05:30,2026-09-21 13:42:20.897635+05:30
355,2026-07-03,present,50,,,,36,9187,2026-09-21 13:42:20.897635+05:30,2026-09-21 13:42:20.897635+05:30
355,2026-07-04,present,50,,,,36,9188,2026-09-21 13:42:20.897635+05:30,2026-09-21 13:42:20.897635+05:30
355,2026-07-06,present,50,,,,36,9189,2026-09-21 13:42:20.897635+05:30,2026-09-21 13:42:20.897635+05:30
355,2026-07-07,present,50,,,,36,9190,2026-09-21 13:42:20.897635+05:30,2026-09-21 13:42:20.897635+05:30
355,2026-07-08,present,50,,,,36,9191,2026-09-21 13:42:20.897635+05:30,2026-09-21 13:42:20.897635+05:30
355,2026-07-09,present,50,,,,36,9192,2026-09-21 13:42:20.897635+05:30,2026-09-21 13:42:20.897635+05:30
355,2026-07-10,leave,50,,,,36,9193,2026-09-21 13:42:20.897635+05:30,2026-09-21 13:42:20.897635+05:30
355,2026-07-11,present,50,,,,36,9194,2026-09-21 13:42:20.897635+05:30,2026-09-21 13:42:20.897635+05:30
355,2026-07-13,present,50,,,,36,9195,2026-09-21 13:42:20.897635+05:30,2026-09-21 13:42:20.897635+05:30
355,2026-07-14,present,50,,,,36,9196,2026-09-21 13:42:20.897635+05:30,2026-09-21 13:42:20.897635+05:30
355,2026-07-15,present,50,,,,36,9197,2026-09-21 13:42:20.897635+05:30,2026-09-21 13:42:20.897635+05:30
355,2026-07-16,present,50,,,,36,9198,2026-09-21 13:42:20.897635+05:30,2026-09-21 13:42:20.897635+05:30
355,2026-07-17,present,50,,,,36,9199,2026-09-21 13:42:20.897635+05:30,2026-09-21 13:42:20.897635+05:30
355,2026-07-18,present,50,,,,36,9200,2026-09-21 13:42:20.897635+05:30,2026-09-21 13:42:20.897635+05:30
355,2026-07-20,present,50,,,,36,9201,2026-09-21 13:42:20.897635+05:30,2026-09-21 13:42:20.897635+05:30
355,2026-07-21,present,50,,,,36,9202,2026-09-21 13:42:20.897635+05:30,2026-09-21 13:42:20.897635+05:30
355,2026-07-22,present,50,,,,36,9203,2026-09-21 13:42:20.897635+05:30,2026-09-21 13:42:20.897635+05:30
355,2026-07-24,present,50,,,,36,9204,2026-09-21 13:42:20.897635+05:30,2026-09-21 13:42:20.897635+05:30
355,2026-07-25,present,50,,,,36,9205,2026-09-21 13:42:20.897635+05:30,2026-09-21 13:42:20.897635+05:30
355,2026-07-27,present,50,,,,36,9206,2026-09-21 13:42:20.897635+05:30,2026-09-21 13:42:20.897635+05:30
355,2026-07-28,present,50,,,,36,9207,2026-09-21 13:42:20.897635+05:30,2026-09-21 13:42:20.897635+05:30
355,2026-07-29,present,50,,,,36,9208,2026-09-21 13:42:20.897635+05:30,2026-09-21 13:42:20.897635+05:30
355,2026-07-30,present,50,,,,36,9209,2026-09-21 13:42:20.897635+05:30,2026-09-21 13:42:20.897635+05:30
355,2026-07-31,present,50,,,,36,9210,2026-09-21 13:42:20.897635+05:30,2026-09-21 13:42:20.897635+05:30
355,2026-08-01,present,50,,,,36,9211,2026-09-21 13:42:20.897635+05:30,2026-09-21 13:42:20.897635+05:30
355,2026-08-03,present,50,,,,36,9212,2026-09-21 13:42:20.897635+05:30,2026-09-21 13:42:20.897635+05:30
355,2026-08-04,present,50,,,,36,9213,2026-09-21 13:42:20.897635+05:30,2026-09-21 13:42:20.897635+05:30
355,2026-08-05,present,50,,,,36,9214,2026-09-21 13:42:20.897635+05:30,2026-09-21 13:42:20.897635+05:30
355,2026-08-06,absent,50,,,,36,9215,2026-09-21 13:42:20.897635+05:30,2026-09-21 13:42:20.897635+05:30
355,2026-08-07,present,50,,,,36,9216,2026-09-21 13:42:20.897635+05:30,2026-09-21 13:42:20.897635+05:30
355,2026-08-08,present,50,,,,36,9217,2026-09-21 13:42:20.897635+05:30,2026-09-21 13:42:20.897635+05:30
355,2026-08-10,present,50,,,,36,9218,2026-09-21 13:42:20.897635+05:30,2026-09-21 13:42:20.897635+05:30
355,2026-08-12,present,50,,,,36,9219,2026-09-21 13:42:20.897635+05:30,2026-09-21 13:42:20.897635+05:30
355,2026-08-13,absent,50,,,,36,9220,2026-09-21 13:42:20.897635+05:30,2026-09-21 13:42:20.897635+05:30
355,2026-08-14,present,50,,,,36,9221,2026-09-21 13:42:20.897635+05:30,2026-09-21 13:42:20.897635+05:30
355,2026-08-15,present,50,,,,36,9222,2026-09-21 13:42:20.897635+05:30,2026-09-21 13:42:20.897635+05:30
355,2026-08-17,present,50,,,,36,9223,2026-09-21 13:42:20.897635+05:30,2026-09-21 13:42:20.897635+05:30
355,2026-08-18,present,50,,,,36,9224,2026-09-21 13:42:20.897635+05:30,2026-09-21 13:42:20.897635+05:30
355,2026-08-19,present,50,,,,36,9225,2026-09-21 13:42:20.897635+05:30,2026-09-21 13:42:20.897635+05:30
355,2026-08-20,absent,50,,,,36,9226,2026-09-21 13:42:20.897635+05:30,2026-09-21 13:42:20.897635+05:30
355,2026-08-21,present,50,,,,36,9227,2026-09-21 13:42:20.897635+05:30,2026-09-21 13:42:20.897635+05:30
355,2026-08-22,absent,50,,,,36,9228,2026-09-21 13:42:20.897635+05:30,2026-09-21 13:42:20.897635+05:30
355,2026-08-24,present,50,,,,36,9229,2026-09-21 13:42:20.897635+05:30,2026-09-21 13:42:20.897635+05:30
355,2026-08-25,present,50,,,,36,9230,2026-09-21 13:42:20.897635+05:30,2026-09-21 13:42:20.897635+05:30
355,2026-08-26,present,50,,,,36,9231,2026-09-21 13:42:20.897635+05:30,2026-09-21 13:42:20.897635+05:30
355,2026-08-27,present,50,,,,36,9232,2026-09-21 13:42:20.897635+05:30,2026-09-21 13:42:20.897635+05:30
355,2026-08-28,present,50,,,,36,9233,2026-09-21 13:42:20.897635+05:30,2026-09-21 13:42:20.897635+05:30
355,2026-08-29,present,50,,,,36,9234,2026-09-21 13:42:20.897635+05:30,2026-09-21 13:42:20.897635+05:30
355,2026-08-31,present,50,,,,36,9235,2026-09-21 13:42:20.897635+05:30,2026-09-21 13:42:20.897635+05:30
355,2026-09-01,leave,50,,,,36,9236,2026-09-21 13:42:20.897635+05:30,2026-09-21 13:42:20.897635+05:30
356,2026-06-24,present,50,,,,36,9237,2026-09-21 13:42:20.897635+05:30,2026-09-21 13:42:20.897635+05:30
356,2026-06-25,present,50,,,,36,9238,2026-09-21 13:42:20.897635+05:30,2026-09-21 13:42:20.897635+05:30
356,2026-06-26,present,50,,,,36,9239,2026-09-21 13:42:20.897635+05:30,2026-09-21 13:42:20.897635+05:30
356,2026-06-27,present,50,,,,36,9240,2026-09-21 13:42:20.897635+05:30,2026-09-21 13:42:20.897635+05:30
356,2026-06-29,present,50,,,,36,9241,2026-09-21 13:42:20.897635+05:30,2026-09-21 13:42:20.897635+05:30
356,2026-06-30,present,50,,,,36,9242,2026-09-21 13:42:20.897635+05:30,2026-09-21 13:42:20.897635+05:30
356,2026-07-01,present,50,,,,36,9243,2026-09-21 13:42:20.897635+05:30,2026-09-21 13:42:20.897635+05:30
356,2026-07-02,present,50,,,,36,9244,2026-09-21 13:42:20.897635+05:30,2026-09-21 13:42:20.897635+05:30
356,2026-07-03,present,50,,,,36,9245,2026-09-21 13:42:20.897635+05:30,2026-09-21 13:42:20.897635+05:30
356,2026-07-04,present,50,,,,36,9246,2026-09-21 13:42:20.897635+05:30,2026-09-21 13:42:20.897635+05:30
356,2026-07-06,present,50,,,,36,9247,2026-09-21 13:42:20.897635+05:30,2026-09-21 13:42:20.897635+05:30
356,2026-07-07,present,50,,,,36,9248,2026-09-21 13:42:20.897635+05:30,2026-09-21 13:42:20.897635+05:30
356,2026-07-08,present,50,,,,36,9249,2026-09-21 13:42:20.897635+05:30,2026-09-21 13:42:20.897635+05:30
356,2026-07-09,present,50,,,,36,9250,2026-09-21 13:42:20.897635+05:30,2026-09-21 13:42:20.897635+05:30
356,2026-07-10,present,50,,,,36,9251,2026-09-21 13:42:20.897635+05:30,2026-09-21 13:42:20.897635+05:30
356,2026-07-11,present,50,,,,36,9252,2026-09-21 13:42:20.897635+05:30,2026-09-21 13:42:20.897635+05:30
356,2026-07-13,present,50,,,,36,9253,2026-09-21 13:42:20.897635+05:30,2026-09-21 13:42:20.897635+05:30
356,2026-07-14,present,50,,,,36,9254,2026-09-21 13:42:20.897635+05:30,2026-09-21 13:42:20.897635+05:30
356,2026-07-15,present,50,,,,36,9255,2026-09-21 13:42:20.897635+05:30,2026-09-21 13:42:20.897635+05:30
356,2026-07-16,present,50,,,,36,9256,2026-09-21 13:42:20.897635+05:30,2026-09-21 13:42:20.897635+05:30
356,2026-07-17,leave,50,,,,36,9257,2026-09-21 13:42:20.897635+05:30,2026-09-21 13:42:20.897635+05:30
356,2026-07-18,present,50,,,,36,9258,2026-09-21 13:42:20.897635+05:30,2026-09-21 13:42:20.897635+05:30
356,2026-07-20,present,50,,,,36,9259,2026-09-21 13:42:20.897635+05:30,2026-09-21 13:42:20.897635+05:30
356,2026-07-21,present,50,,,,36,9260,2026-09-21 13:42:20.897635+05:30,2026-09-21 13:42:20.897635+05:30
356,2026-07-22,present,50,,,,36,9261,2026-09-21 13:42:20.897635+05:30,2026-09-21 13:42:20.897635+05:30
356,2026-07-24,present,50,,,,36,9262,2026-09-21 13:42:20.897635+05:30,2026-09-21 13:42:20.897635+05:30
356,2026-07-25,present,50,,,,36,9263,2026-09-21 13:42:20.897635+05:30,2026-09-21 13:42:20.897635+05:30
356,2026-07-27,present,50,,,,36,9264,2026-09-21 13:42:20.897635+05:30,2026-09-21 13:42:20.897635+05:30
356,2026-07-28,present,50,,,,36,9265,2026-09-21 13:42:20.897635+05:30,2026-09-21 13:42:20.897635+05:30
356,2026-07-29,present,50,,,,36,9266,2026-09-21 13:42:20.897635+05:30,2026-09-21 13:42:20.897635+05:30
356,2026-07-30,present,50,,,,36,9267,2026-09-21 13:42:20.897635+05:30,2026-09-21 13:42:20.897635+05:30
356,2026-07-31,present,50,,,,36,9268,2026-09-21 13:42:20.897635+05:30,2026-09-21 13:42:20.897635+05:30
356,2026-08-01,present,50,,,,36,9269,2026-09-21 13:42:20.897635+05:30,2026-09-21 13:42:20.897635+05:30
356,2026-08-03,absent,50,,,,36,9270,2026-09-21 13:42:20.897635+05:30,2026-09-21 13:42:20.897635+05:30
356,2026-08-04,present,50,,,,36,9271,2026-09-21 13:42:20.897635+05:30,2026-09-21 13:42:20.897635+05:30
356,2026-08-05,leave,50,,,,36,9272,2026-09-21 13:42:20.897635+05:30,2026-09-21 13:42:20.897635+05:30
356,2026-08-06,present,50,,,,36,9273,2026-09-21 13:42:20.897635+05:30,2026-09-21 13:42:20.897635+05:30
356,2026-08-07,present,50,,,,36,9274,2026-09-21 13:42:20.897635+05:30,2026-09-21 13:42:20.897635+05:30
356,2026-08-08,present,50,,,,36,9275,2026-09-21 13:42:20.897635+05:30,2026-09-21 13:42:20.897635+05:30
356,2026-08-10,present,50,,,,36,9276,2026-09-21 13:42:20.897635+05:30,2026-09-21 13:42:20.897635+05:30
356,2026-08-12,present,50,,,,36,9277,2026-09-21 13:42:20.897635+05:30,2026-09-21 13:42:20.897635+05:30
356,2026-08-13,present,50,,,,36,9278,2026-09-21 13:42:20.897635+05:30,2026-09-21 13:42:20.897635+05:30
356,2026-08-14,present,50,,,,36,9279,2026-09-21 13:42:20.897635+05:30,2026-09-21 13:42:20.897635+05:30
356,2026-08-15,present,50,,,,36,9280,2026-09-21 13:42:20.897635+05:30,2026-09-21 13:42:20.897635+05:30
356,2026-08-17,present,50,,,,36,9281,2026-09-21 13:42:20.897635+05:30,2026-09-21 13:42:20.897635+05:30
356,2026-08-18,present,50,,,,36,9282,2026-09-21 13:42:20.897635+05:30,2026-09-21 13:42:20.897635+05:30
356,2026-08-19,present,50,,,,36,9283,2026-09-21 13:42:20.897635+05:30,2026-09-21 13:42:20.897635+05:30
356,2026-08-20,present,50,,,,36,9284,2026-09-21 13:42:20.897635+05:30,2026-09-21 13:42:20.897635+05:30
356,2026-08-21,present,50,,,,36,9285,2026-09-21 13:42:20.897635+05:30,2026-09-21 13:42:20.897635+05:30
356,2026-08-22,present,50,,,,36,9286,2026-09-21 13:42:20.897635+05:30,2026-09-21 13:42:20.897635+05:30
356,2026-08-24,absent,50,,,,36,9287,2026-09-21 13:42:20.897635+05:30,2026-09-21 13:42:20.897635+05:30
356,2026-08-25,present,50,,,,36,9288,2026-09-21 13:42:20.897635+05:30,2026-09-21 13:42:20.897635+05:30
356,2026-08-26,leave,50,,,,36,9289,2026-09-21 13:42:20.897635+05:30,2026-09-21 13:42:20.897635+05:30
356,2026-08-27,present,50,,,,36,9290,2026-09-21 13:42:20.897635+05:30,2026-09-21 13:42:20.897635+05:30
356,2026-08-28,present,50,,,,36,9291,2026-09-21 13:42:20.897635+05:30,2026-09-21 13:42:20.897635+05:30
356,2026-08-29,present,50,,,,36,9292,2026-09-21 13:42:20.897635+05:30,2026-09-21 13:42:20.897635+05:30
356,2026-08-31,present,50,,,,36,9293,2026-09-21 13:42:20.897635+05:30,2026-09-21 13:42:20.897635+05:30
356,2026-09-01,present,50,,,,36,9294,2026-09-21 13:42:20.897635+05:30,2026-09-21 13:42:20.897635+05:30
357,2026-06-24,present,50,,,,36,9295,2026-09-21 13:42:20.897635+05:30,2026-09-21 13:42:20.897635+05:30
357,2026-06-25,present,50,,,,36,9296,2026-09-21 13:42:20.897635+05:30,2026-09-21 13:42:20.897635+05:30
357,2026-06-26,present,50,,,,36,9297,2026-09-21 13:42:20.897635+05:30,2026-09-21 13:42:20.897635+05:30
357,2026-06-27,present,50,,,,36,9298,2026-09-21 13:42:20.897635+05:30,2026-09-21 13:42:20.897635+05:30
357,2026-06-29,present,50,,,,36,9299,2026-09-21 13:42:20.897635+05:30,2026-09-21 13:42:20.897635+05:30
357,2026-06-30,present,50,,,,36,9300,2026-09-21 13:42:20.897635+05:30,2026-09-21 13:42:20.897635+05:30
357,2026-07-01,present,50,,,,36,9301,2026-09-21 13:42:20.897635+05:30,2026-09-21 13:42:20.897635+05:30
357,2026-07-02,present,50,,,,36,9302,2026-09-21 13:42:20.897635+05:30,2026-09-21 13:42:20.897635+05:30
357,2026-07-03,present,50,,,,36,9303,2026-09-21 13:42:20.897635+05:30,2026-09-21 13:42:20.897635+05:30
357,2026-07-04,present,50,,,,36,9304,2026-09-21 13:42:20.897635+05:30,2026-09-21 13:42:20.897635+05:30
357,2026-07-06,present,50,,,,36,9305,2026-09-21 13:42:20.897635+05:30,2026-09-21 13:42:20.897635+05:30
357,2026-07-07,present,50,,,,36,9306,2026-09-21 13:42:20.897635+05:30,2026-09-21 13:42:20.897635+05:30
357,2026-07-08,present,50,,,,36,9307,2026-09-21 13:42:20.897635+05:30,2026-09-21 13:42:20.897635+05:30
357,2026-07-09,absent,50,,,,36,9308,2026-09-21 13:42:20.897635+05:30,2026-09-21 13:42:20.897635+05:30
357,2026-07-10,present,50,,,,36,9309,2026-09-21 13:42:20.897635+05:30,2026-09-21 13:42:20.897635+05:30
357,2026-07-11,present,50,,,,36,9310,2026-09-21 13:42:20.897635+05:30,2026-09-21 13:42:20.897635+05:30
357,2026-07-13,present,50,,,,36,9311,2026-09-21 13:42:20.897635+05:30,2026-09-21 13:42:20.897635+05:30
357,2026-07-14,present,50,,,,36,9312,2026-09-21 13:42:20.897635+05:30,2026-09-21 13:42:20.897635+05:30
357,2026-07-15,present,50,,,,36,9313,2026-09-21 13:42:20.897635+05:30,2026-09-21 13:42:20.897635+05:30
357,2026-07-16,present,50,,,,36,9314,2026-09-21 13:42:20.897635+05:30,2026-09-21 13:42:20.897635+05:30
357,2026-07-17,absent,50,,,,36,9315,2026-09-21 13:42:20.897635+05:30,2026-09-21 13:42:20.897635+05:30
357,2026-07-18,present,50,,,,36,9316,2026-09-21 13:42:20.897635+05:30,2026-09-21 13:42:20.897635+05:30
357,2026-07-20,present,50,,,,36,9317,2026-09-21 13:42:20.897635+05:30,2026-09-21 13:42:20.897635+05:30
357,2026-07-21,present,50,,,,36,9318,2026-09-21 13:42:20.897635+05:30,2026-09-21 13:42:20.897635+05:30
357,2026-07-22,present,50,,,,36,9319,2026-09-21 13:42:20.897635+05:30,2026-09-21 13:42:20.897635+05:30
357,2026-07-24,present,50,,,,36,9320,2026-09-21 13:42:20.897635+05:30,2026-09-21 13:42:20.897635+05:30
357,2026-07-25,present,50,,,,36,9321,2026-09-21 13:42:20.897635+05:30,2026-09-21 13:42:20.897635+05:30
357,2026-07-27,leave,50,,,,36,9322,2026-09-21 13:42:20.897635+05:30,2026-09-21 13:42:20.897635+05:30
357,2026-07-28,present,50,,,,36,9323,2026-09-21 13:42:20.897635+05:30,2026-09-21 13:42:20.897635+05:30
357,2026-07-29,absent,50,,,,36,9324,2026-09-21 13:42:20.897635+05:30,2026-09-21 13:42:20.897635+05:30
357,2026-07-30,present,50,,,,36,9325,2026-09-21 13:42:20.897635+05:30,2026-09-21 13:42:20.897635+05:30
357,2026-07-31,present,50,,,,36,9326,2026-09-21 13:42:20.897635+05:30,2026-09-21 13:42:20.897635+05:30
357,2026-08-01,leave,50,,,,36,9327,2026-09-21 13:42:20.897635+05:30,2026-09-21 13:42:20.897635+05:30
357,2026-08-03,present,50,,,,36,9328,2026-09-21 13:42:20.897635+05:30,2026-09-21 13:42:20.897635+05:30
357,2026-08-04,present,50,,,,36,9329,2026-09-21 13:42:20.897635+05:30,2026-09-21 13:42:20.897635+05:30
357,2026-08-05,absent,50,,,,36,9330,2026-09-21 13:42:20.897635+05:30,2026-09-21 13:42:20.897635+05:30
357,2026-08-06,present,50,,,,36,9331,2026-09-21 13:42:20.897635+05:30,2026-09-21 13:42:20.897635+05:30
357,2026-08-07,present,50,,,,36,9332,2026-09-21 13:42:20.897635+05:30,2026-09-21 13:42:20.897635+05:30
357,2026-08-08,present,50,,,,36,9333,2026-09-21 13:42:20.897635+05:30,2026-09-21 13:42:20.897635+05:30
357,2026-08-10,present,50,,,,36,9334,2026-09-21 13:42:20.897635+05:30,2026-09-21 13:42:20.897635+05:30
357,2026-08-12,present,50,,,,36,9335,2026-09-21 13:42:20.897635+05:30,2026-09-21 13:42:20.897635+05:30
357,2026-08-13,present,50,,,,36,9336,2026-09-21 13:42:20.897635+05:30,2026-09-21 13:42:20.897635+05:30
357,2026-08-14,present,50,,,,36,9337,2026-09-21 13:42:20.897635+05:30,2026-09-21 13:42:20.897635+05:30
357,2026-08-15,absent,50,,,,36,9338,2026-09-21 13:42:20.897635+05:30,2026-09-21 13:42:20.897635+05:30
357,2026-08-17,present,50,,,,36,9339,2026-09-21 13:42:20.897635+05:30,2026-09-21 13:42:20.897635+05:30
357,2026-08-18,present,50,,,,36,9340,2026-09-21 13:42:20.897635+05:30,2026-09-21 13:42:20.897635+05:30
357,2026-08-19,present,50,,,,36,9341,2026-09-21 13:42:20.897635+05:30,2026-09-21 13:42:20.897635+05:30
357,2026-08-20,present,50,,,,36,9342,2026-09-21 13:42:20.897635+05:30,2026-09-21 13:42:20.897635+05:30
357,2026-08-21,leave,50,,,,36,9343,2026-09-21 13:42:20.897635+05:30,2026-09-21 13:42:20.897635+05:30
357,2026-08-22,present,50,,,,36,9344,2026-09-21 13:42:20.897635+05:30,2026-09-21 13:42:20.897635+05:30
357,2026-08-24,present,50,,,,36,9345,2026-09-21 13:42:20.897635+05:30,2026-09-21 13:42:20.897635+05:30
357,2026-08-25,present,50,,,,36,9346,2026-09-21 13:42:20.897635+05:30,2026-09-21 13:42:20.897635+05:30
357,2026-08-26,present,50,,,,36,9347,2026-09-21 13:42:20.897635+05:30,2026-09-21 13:42:20.897635+05:30
357,2026-08-27,present,50,,,,36,9348,2026-09-21 13:42:20.897635+05:30,2026-09-21 13:42:20.897635+05:30
357,2026-08-28,present,50,,,,36,9349,2026-09-21 13:42:20.897635+05:30,2026-09-21 13:42:20.897635+05:30
357,2026-08-29,present,50,,,,36,9350,2026-09-21 13:42:20.897635+05:30,2026-09-21 13:42:20.897635+05:30
357,2026-08-31,present,50,,,,36,9351,2026-09-21 13:42:20.897635+05:30,2026-09-21 13:42:20.897635+05:30
357,2026-09-01,present,50,,,,36,9352,2026-09-21 13:42:20.897635+05:30,2026-09-21 13:42:20.897635+05:30
358,2026-06-24,present,51,,,,36,9353,2026-09-21 13:42:20.897635+05:30,2026-09-21 13:42:20.897635+05:30
358,2026-06-25,present,51,,,,36,9354,2026-09-21 13:42:20.897635+05:30,2026-09-21 13:42:20.897635+05:30
358,2026-06-26,present,51,,,,36,9355,2026-09-21 13:42:20.897635+05:30,2026-09-21 13:42:20.897635+05:30
358,2026-06-27,present,51,,,,36,9356,2026-09-21 13:42:20.897635+05:30,2026-09-21 13:42:20.897635+05:30
358,2026-06-29,present,51,,,,36,9357,2026-09-21 13:42:20.897635+05:30,2026-09-21 13:42:20.897635+05:30
358,2026-06-30,present,51,,,,36,9358,2026-09-21 13:42:20.897635+05:30,2026-09-21 13:42:20.897635+05:30
358,2026-07-01,present,51,,,,36,9359,2026-09-21 13:42:20.897635+05:30,2026-09-21 13:42:20.897635+05:30
358,2026-07-02,present,51,,,,36,9360,2026-09-21 13:42:20.897635+05:30,2026-09-21 13:42:20.897635+05:30
358,2026-07-03,present,51,,,,36,9361,2026-09-21 13:42:20.897635+05:30,2026-09-21 13:42:20.897635+05:30
358,2026-07-04,present,51,,,,36,9362,2026-09-21 13:42:20.897635+05:30,2026-09-21 13:42:20.897635+05:30
358,2026-07-06,present,51,,,,36,9363,2026-09-21 13:42:20.897635+05:30,2026-09-21 13:42:20.897635+05:30
358,2026-07-07,present,51,,,,36,9364,2026-09-21 13:42:20.897635+05:30,2026-09-21 13:42:20.897635+05:30
358,2026-07-08,present,51,,,,36,9365,2026-09-21 13:42:20.897635+05:30,2026-09-21 13:42:20.897635+05:30
358,2026-07-09,present,51,,,,36,9366,2026-09-21 13:42:20.897635+05:30,2026-09-21 13:42:20.897635+05:30
358,2026-07-10,present,51,,,,36,9367,2026-09-21 13:42:20.897635+05:30,2026-09-21 13:42:20.897635+05:30
358,2026-07-11,absent,51,,,,36,9368,2026-09-21 13:42:20.897635+05:30,2026-09-21 13:42:20.897635+05:30
358,2026-07-13,present,51,,,,36,9369,2026-09-21 13:42:20.897635+05:30,2026-09-21 13:42:20.897635+05:30
358,2026-07-14,present,51,,,,36,9370,2026-09-21 13:42:20.897635+05:30,2026-09-21 13:42:20.897635+05:30
358,2026-07-15,present,51,,,,36,9371,2026-09-21 13:42:20.897635+05:30,2026-09-21 13:42:20.897635+05:30
358,2026-07-16,present,51,,,,36,9372,2026-09-21 13:42:20.897635+05:30,2026-09-21 13:42:20.897635+05:30
358,2026-07-17,present,51,,,,36,9373,2026-09-21 13:42:20.897635+05:30,2026-09-21 13:42:20.897635+05:30
358,2026-07-18,present,51,,,,36,9374,2026-09-21 13:42:20.897635+05:30,2026-09-21 13:42:20.897635+05:30
358,2026-07-20,present,51,,,,36,9375,2026-09-21 13:42:20.897635+05:30,2026-09-21 13:42:20.897635+05:30
358,2026-07-21,present,51,,,,36,9376,2026-09-21 13:42:20.897635+05:30,2026-09-21 13:42:20.897635+05:30
358,2026-07-22,present,51,,,,36,9377,2026-09-21 13:42:20.897635+05:30,2026-09-21 13:42:20.897635+05:30
358,2026-07-24,present,51,,,,36,9378,2026-09-21 13:42:20.897635+05:30,2026-09-21 13:42:20.897635+05:30
358,2026-07-25,present,51,,,,36,9379,2026-09-21 13:42:20.897635+05:30,2026-09-21 13:42:20.897635+05:30
358,2026-07-27,present,51,,,,36,9380,2026-09-21 13:42:20.897635+05:30,2026-09-21 13:42:20.897635+05:30
358,2026-07-28,present,51,,,,36,9381,2026-09-21 13:42:20.897635+05:30,2026-09-21 13:42:20.897635+05:30
358,2026-07-29,present,51,,,,36,9382,2026-09-21 13:42:20.897635+05:30,2026-09-21 13:42:20.897635+05:30
358,2026-07-30,present,51,,,,36,9383,2026-09-21 13:42:20.897635+05:30,2026-09-21 13:42:20.897635+05:30
358,2026-07-31,present,51,,,,36,9384,2026-09-21 13:42:20.897635+05:30,2026-09-21 13:42:20.897635+05:30
358,2026-08-01,present,51,,,,36,9385,2026-09-21 13:42:20.897635+05:30,2026-09-21 13:42:20.897635+05:30
358,2026-08-03,present,51,,,,36,9386,2026-09-21 13:42:20.897635+05:30,2026-09-21 13:42:20.897635+05:30
358,2026-08-04,present,51,,,,36,9387,2026-09-21 13:42:20.897635+05:30,2026-09-21 13:42:20.897635+05:30
358,2026-08-05,present,51,,,,36,9388,2026-09-21 13:42:20.897635+05:30,2026-09-21 13:42:20.897635+05:30
358,2026-08-06,present,51,,,,36,9389,2026-09-21 13:42:20.897635+05:30,2026-09-21 13:42:20.897635+05:30
358,2026-08-07,present,51,,,,36,9390,2026-09-21 13:42:20.897635+05:30,2026-09-21 13:42:20.897635+05:30
358,2026-08-08,absent,51,,,,36,9391,2026-09-21 13:42:20.897635+05:30,2026-09-21 13:42:20.897635+05:30
358,2026-08-10,present,51,,,,36,9392,2026-09-21 13:42:20.897635+05:30,2026-09-21 13:42:20.897635+05:30
358,2026-08-12,present,51,,,,36,9393,2026-09-21 13:42:20.897635+05:30,2026-09-21 13:42:20.897635+05:30
358,2026-08-13,present,51,,,,36,9394,2026-09-21 13:42:20.897635+05:30,2026-09-21 13:42:20.897635+05:30
358,2026-08-14,present,51,,,,36,9395,2026-09-21 13:42:20.897635+05:30,2026-09-21 13:42:20.897635+05:30
358,2026-08-15,present,51,,,,36,9396,2026-09-21 13:42:20.897635+05:30,2026-09-21 13:42:20.897635+05:30
358,2026-08-17,present,51,,,,36,9397,2026-09-21 13:42:20.897635+05:30,2026-09-21 13:42:20.897635+05:30
358,2026-08-18,present,51,,,,36,9398,2026-09-21 13:42:20.897635+05:30,2026-09-21 13:42:20.897635+05:30
358,2026-08-19,leave,51,,,,36,9399,2026-09-21 13:42:20.897635+05:30,2026-09-21 13:42:20.897635+05:30
358,2026-08-20,present,51,,,,36,9400,2026-09-21 13:42:20.897635+05:30,2026-09-21 13:42:20.897635+05:30
358,2026-08-21,present,51,,,,36,9401,2026-09-21 13:42:20.897635+05:30,2026-09-21 13:42:20.897635+05:30
358,2026-08-22,present,51,,,,36,9402,2026-09-21 13:42:20.897635+05:30,2026-09-21 13:42:20.897635+05:30
358,2026-08-24,present,51,,,,36,9403,2026-09-21 13:42:20.897635+05:30,2026-09-21 13:42:20.897635+05:30
358,2026-08-25,present,51,,,,36,9404,2026-09-21 13:42:20.897635+05:30,2026-09-21 13:42:20.897635+05:30
358,2026-08-26,present,51,,,,36,9405,2026-09-21 13:42:20.897635+05:30,2026-09-21 13:42:20.897635+05:30
358,2026-08-27,present,51,,,,36,9406,2026-09-21 13:42:20.897635+05:30,2026-09-21 13:42:20.897635+05:30
358,2026-08-28,present,51,,,,36,9407,2026-09-21 13:42:20.897635+05:30,2026-09-21 13:42:20.897635+05:30
358,2026-08-29,present,51,,,,36,9408,2026-09-21 13:42:20.897635+05:30,2026-09-21 13:42:20.897635+05:30
358,2026-08-31,present,51,,,,36,9409,2026-09-21 13:42:20.897635+05:30,2026-09-21 13:42:20.897635+05:30
358,2026-09-01,present,51,,,,36,9410,2026-09-21 13:42:20.897635+05:30,2026-09-21 13:42:20.897635+05:30
359,2026-06-24,present,51,,,,36,9411,2026-09-21 13:42:20.897635+05:30,2026-09-21 13:42:20.897635+05:30
359,2026-06-25,present,51,,,,36,9412,2026-09-21 13:42:20.897635+05:30,2026-09-21 13:42:20.897635+05:30
359,2026-06-26,present,51,,,,36,9413,2026-09-21 13:42:20.897635+05:30,2026-09-21 13:42:20.897635+05:30
359,2026-06-27,present,51,,,,36,9414,2026-09-21 13:42:20.897635+05:30,2026-09-21 13:42:20.897635+05:30
359,2026-06-29,present,51,,,,36,9415,2026-09-21 13:42:20.897635+05:30,2026-09-21 13:42:20.897635+05:30
359,2026-06-30,present,51,,,,36,9416,2026-09-21 13:42:20.897635+05:30,2026-09-21 13:42:20.897635+05:30
359,2026-07-01,present,51,,,,36,9417,2026-09-21 13:42:20.897635+05:30,2026-09-21 13:42:20.897635+05:30
359,2026-07-02,present,51,,,,36,9418,2026-09-21 13:42:20.897635+05:30,2026-09-21 13:42:20.897635+05:30
359,2026-07-03,present,51,,,,36,9419,2026-09-21 13:42:20.897635+05:30,2026-09-21 13:42:20.897635+05:30
359,2026-07-04,present,51,,,,36,9420,2026-09-21 13:42:20.897635+05:30,2026-09-21 13:42:20.897635+05:30
359,2026-07-06,present,51,,,,36,9421,2026-09-21 13:42:20.897635+05:30,2026-09-21 13:42:20.897635+05:30
359,2026-07-07,present,51,,,,36,9422,2026-09-21 13:42:20.897635+05:30,2026-09-21 13:42:20.897635+05:30
359,2026-07-08,present,51,,,,36,9423,2026-09-21 13:42:20.897635+05:30,2026-09-21 13:42:20.897635+05:30
359,2026-07-09,present,51,,,,36,9424,2026-09-21 13:42:20.897635+05:30,2026-09-21 13:42:20.897635+05:30
359,2026-07-10,absent,51,,,,36,9425,2026-09-21 13:42:20.897635+05:30,2026-09-21 13:42:20.897635+05:30
359,2026-07-11,present,51,,,,36,9426,2026-09-21 13:42:20.897635+05:30,2026-09-21 13:42:20.897635+05:30
359,2026-07-13,present,51,,,,36,9427,2026-09-21 13:42:20.897635+05:30,2026-09-21 13:42:20.897635+05:30
359,2026-07-14,present,51,,,,36,9428,2026-09-21 13:42:20.897635+05:30,2026-09-21 13:42:20.897635+05:30
359,2026-07-15,present,51,,,,36,9429,2026-09-21 13:42:20.897635+05:30,2026-09-21 13:42:20.897635+05:30
359,2026-07-16,present,51,,,,36,9430,2026-09-21 13:42:20.897635+05:30,2026-09-21 13:42:20.897635+05:30
359,2026-07-17,present,51,,,,36,9431,2026-09-21 13:42:20.897635+05:30,2026-09-21 13:42:20.897635+05:30
359,2026-07-18,present,51,,,,36,9432,2026-09-21 13:42:20.897635+05:30,2026-09-21 13:42:20.897635+05:30
359,2026-07-20,absent,51,,,,36,9433,2026-09-21 13:42:20.897635+05:30,2026-09-21 13:42:20.897635+05:30
359,2026-07-21,present,51,,,,36,9434,2026-09-21 13:42:20.897635+05:30,2026-09-21 13:42:20.897635+05:30
359,2026-07-22,present,51,,,,36,9435,2026-09-21 13:42:20.897635+05:30,2026-09-21 13:42:20.897635+05:30
359,2026-07-24,present,51,,,,36,9436,2026-09-21 13:42:20.897635+05:30,2026-09-21 13:42:20.897635+05:30
359,2026-07-25,present,51,,,,36,9437,2026-09-21 13:42:20.897635+05:30,2026-09-21 13:42:20.897635+05:30
359,2026-07-27,present,51,,,,36,9438,2026-09-21 13:42:20.897635+05:30,2026-09-21 13:42:20.897635+05:30
359,2026-07-28,present,51,,,,36,9439,2026-09-21 13:42:20.897635+05:30,2026-09-21 13:42:20.897635+05:30
359,2026-07-29,present,51,,,,36,9440,2026-09-21 13:42:20.897635+05:30,2026-09-21 13:42:20.897635+05:30
359,2026-07-30,leave,51,,,,36,9441,2026-09-21 13:42:20.897635+05:30,2026-09-21 13:42:20.897635+05:30
359,2026-07-31,present,51,,,,36,9442,2026-09-21 13:42:20.897635+05:30,2026-09-21 13:42:20.897635+05:30
359,2026-08-01,present,51,,,,36,9443,2026-09-21 13:42:20.897635+05:30,2026-09-21 13:42:20.897635+05:30
359,2026-08-03,absent,51,,,,36,9444,2026-09-21 13:42:20.897635+05:30,2026-09-21 13:42:20.897635+05:30
359,2026-08-04,present,51,,,,36,9445,2026-09-21 13:42:20.897635+05:30,2026-09-21 13:42:20.897635+05:30
359,2026-08-05,present,51,,,,36,9446,2026-09-21 13:42:20.897635+05:30,2026-09-21 13:42:20.897635+05:30
359,2026-08-06,present,51,,,,36,9447,2026-09-21 13:42:20.897635+05:30,2026-09-21 13:42:20.897635+05:30
359,2026-08-07,leave,51,,,,36,9448,2026-09-21 13:42:20.897635+05:30,2026-09-21 13:42:20.897635+05:30
359,2026-08-08,absent,51,,,,36,9449,2026-09-21 13:42:20.897635+05:30,2026-09-21 13:42:20.897635+05:30
359,2026-08-10,present,51,,,,36,9450,2026-09-21 13:42:20.897635+05:30,2026-09-21 13:42:20.897635+05:30
359,2026-08-12,present,51,,,,36,9451,2026-09-21 13:42:20.897635+05:30,2026-09-21 13:42:20.897635+05:30
359,2026-08-13,present,51,,,,36,9452,2026-09-21 13:42:20.897635+05:30,2026-09-21 13:42:20.897635+05:30
359,2026-08-14,present,51,,,,36,9453,2026-09-21 13:42:20.897635+05:30,2026-09-21 13:42:20.897635+05:30
359,2026-08-15,present,51,,,,36,9454,2026-09-21 13:42:20.897635+05:30,2026-09-21 13:42:20.897635+05:30
359,2026-08-17,present,51,,,,36,9455,2026-09-21 13:42:20.897635+05:30,2026-09-21 13:42:20.897635+05:30
359,2026-08-18,present,51,,,,36,9456,2026-09-21 13:42:20.897635+05:30,2026-09-21 13:42:20.897635+05:30
359,2026-08-19,present,51,,,,36,9457,2026-09-21 13:42:20.897635+05:30,2026-09-21 13:42:20.897635+05:30
359,2026-08-20,present,51,,,,36,9458,2026-09-21 13:42:20.897635+05:30,2026-09-21 13:42:20.897635+05:30
359,2026-08-21,present,51,,,,36,9459,2026-09-21 13:42:20.897635+05:30,2026-09-21 13:42:20.897635+05:30
359,2026-08-22,present,51,,,,36,9460,2026-09-21 13:42:20.897635+05:30,2026-09-21 13:42:20.897635+05:30
359,2026-08-24,present,51,,,,36,9461,2026-09-21 13:42:20.897635+05:30,2026-09-21 13:42:20.897635+05:30
359,2026-08-25,present,51,,,,36,9462,2026-09-21 13:42:20.897635+05:30,2026-09-21 13:42:20.897635+05:30
359,2026-08-26,present,51,,,,36,9463,2026-09-21 13:42:20.897635+05:30,2026-09-21 13:42:20.897635+05:30
359,2026-08-27,present,51,,,,36,9464,2026-09-21 13:42:20.897635+05:30,2026-09-21 13:42:20.897635+05:30
359,2026-08-28,leave,51,,,,36,9465,2026-09-21 13:42:20.897635+05:30,2026-09-21 13:42:20.897635+05:30
359,2026-08-29,present,51,,,,36,9466,2026-09-21 13:42:20.897635+05:30,2026-09-21 13:42:20.897635+05:30
359,2026-08-31,present,51,,,,36,9467,2026-09-21 13:42:20.897635+05:30,2026-09-21 13:42:20.897635+05:30
359,2026-09-01,present,51,,,,36,9468,2026-09-21 13:42:20.897635+05:30,2026-09-21 13:42:20.897635+05:30
360,2026-06-24,present,51,,,,36,9469,2026-09-21 13:42:20.897635+05:30,2026-09-21 13:42:20.897635+05:30
360,2026-06-25,present,51,,,,36,9470,2026-09-21 13:42:20.897635+05:30,2026-09-21 13:42:20.897635+05:30
360,2026-06-26,absent,51,,,,36,9471,2026-09-21 13:42:20.897635+05:30,2026-09-21 13:42:20.897635+05:30
360,2026-06-27,present,51,,,,36,9472,2026-09-21 13:42:20.897635+05:30,2026-09-21 13:42:20.897635+05:30
360,2026-06-29,present,51,,,,36,9473,2026-09-21 13:42:20.897635+05:30,2026-09-21 13:42:20.897635+05:30
360,2026-06-30,present,51,,,,36,9474,2026-09-21 13:42:20.897635+05:30,2026-09-21 13:42:20.897635+05:30
360,2026-07-01,present,51,,,,36,9475,2026-09-21 13:42:20.897635+05:30,2026-09-21 13:42:20.897635+05:30
360,2026-07-02,present,51,,,,36,9476,2026-09-21 13:42:20.897635+05:30,2026-09-21 13:42:20.897635+05:30
360,2026-07-03,present,51,,,,36,9477,2026-09-21 13:42:20.897635+05:30,2026-09-21 13:42:20.897635+05:30
360,2026-07-04,present,51,,,,36,9478,2026-09-21 13:42:20.897635+05:30,2026-09-21 13:42:20.897635+05:30
360,2026-07-06,present,51,,,,36,9479,2026-09-21 13:42:20.897635+05:30,2026-09-21 13:42:20.897635+05:30
360,2026-07-07,present,51,,,,36,9480,2026-09-21 13:42:20.897635+05:30,2026-09-21 13:42:20.897635+05:30
360,2026-07-08,present,51,,,,36,9481,2026-09-21 13:42:20.897635+05:30,2026-09-21 13:42:20.897635+05:30
360,2026-07-09,present,51,,,,36,9482,2026-09-21 13:42:20.897635+05:30,2026-09-21 13:42:20.897635+05:30
360,2026-07-10,present,51,,,,36,9483,2026-09-21 13:42:20.897635+05:30,2026-09-21 13:42:20.897635+05:30
360,2026-07-11,present,51,,,,36,9484,2026-09-21 13:42:20.897635+05:30,2026-09-21 13:42:20.897635+05:30
360,2026-07-13,present,51,,,,36,9485,2026-09-21 13:42:20.897635+05:30,2026-09-21 13:42:20.897635+05:30
360,2026-07-14,present,51,,,,36,9486,2026-09-21 13:42:20.897635+05:30,2026-09-21 13:42:20.897635+05:30
360,2026-07-15,present,51,,,,36,9487,2026-09-21 13:42:20.897635+05:30,2026-09-21 13:42:20.897635+05:30
360,2026-07-16,present,51,,,,36,9488,2026-09-21 13:42:20.897635+05:30,2026-09-21 13:42:20.897635+05:30
360,2026-07-17,present,51,,,,36,9489,2026-09-21 13:42:20.897635+05:30,2026-09-21 13:42:20.897635+05:30
360,2026-07-18,present,51,,,,36,9490,2026-09-21 13:42:20.897635+05:30,2026-09-21 13:42:20.897635+05:30
360,2026-07-20,present,51,,,,36,9491,2026-09-21 13:42:20.897635+05:30,2026-09-21 13:42:20.897635+05:30
360,2026-07-21,present,51,,,,36,9492,2026-09-21 13:42:20.897635+05:30,2026-09-21 13:42:20.897635+05:30
360,2026-07-22,present,51,,,,36,9493,2026-09-21 13:42:20.897635+05:30,2026-09-21 13:42:20.897635+05:30
360,2026-07-24,present,51,,,,36,9494,2026-09-21 13:42:20.897635+05:30,2026-09-21 13:42:20.897635+05:30
360,2026-07-25,leave,51,,,,36,9495,2026-09-21 13:42:20.897635+05:30,2026-09-21 13:42:20.897635+05:30
360,2026-07-27,present,51,,,,36,9496,2026-09-21 13:42:20.897635+05:30,2026-09-21 13:42:20.897635+05:30
360,2026-07-28,present,51,,,,36,9497,2026-09-21 13:42:20.897635+05:30,2026-09-21 13:42:20.897635+05:30
360,2026-07-29,present,51,,,,36,9498,2026-09-21 13:42:20.897635+05:30,2026-09-21 13:42:20.897635+05:30
360,2026-07-30,present,51,,,,36,9499,2026-09-21 13:42:20.897635+05:30,2026-09-21 13:42:20.897635+05:30
360,2026-07-31,present,51,,,,36,9500,2026-09-21 13:42:20.897635+05:30,2026-09-21 13:42:20.897635+05:30
360,2026-08-01,present,51,,,,36,9501,2026-09-21 13:42:20.897635+05:30,2026-09-21 13:42:20.897635+05:30
360,2026-08-03,present,51,,,,36,9502,2026-09-21 13:42:20.897635+05:30,2026-09-21 13:42:20.897635+05:30
360,2026-08-04,absent,51,,,,36,9503,2026-09-21 13:42:20.897635+05:30,2026-09-21 13:42:20.897635+05:30
360,2026-08-05,present,51,,,,36,9504,2026-09-21 13:42:20.897635+05:30,2026-09-21 13:42:20.897635+05:30
360,2026-08-06,present,51,,,,36,9505,2026-09-21 13:42:20.897635+05:30,2026-09-21 13:42:20.897635+05:30
360,2026-08-07,present,51,,,,36,9506,2026-09-21 13:42:20.897635+05:30,2026-09-21 13:42:20.897635+05:30
360,2026-08-08,present,51,,,,36,9507,2026-09-21 13:42:20.897635+05:30,2026-09-21 13:42:20.897635+05:30
360,2026-08-10,present,51,,,,36,9508,2026-09-21 13:42:20.897635+05:30,2026-09-21 13:42:20.897635+05:30
360,2026-08-12,present,51,,,,36,9509,2026-09-21 13:42:20.897635+05:30,2026-09-21 13:42:20.897635+05:30
360,2026-08-13,present,51,,,,36,9510,2026-09-21 13:42:20.897635+05:30,2026-09-21 13:42:20.897635+05:30
360,2026-08-14,present,51,,,,36,9511,2026-09-21 13:42:20.897635+05:30,2026-09-21 13:42:20.897635+05:30
360,2026-08-15,present,51,,,,36,9512,2026-09-21 13:42:20.897635+05:30,2026-09-21 13:42:20.897635+05:30
360,2026-08-17,present,51,,,,36,9513,2026-09-21 13:42:20.897635+05:30,2026-09-21 13:42:20.897635+05:30
360,2026-08-18,present,51,,,,36,9514,2026-09-21 13:42:20.897635+05:30,2026-09-21 13:42:20.897635+05:30
360,2026-08-19,present,51,,,,36,9515,2026-09-21 13:42:20.897635+05:30,2026-09-21 13:42:20.897635+05:30
360,2026-08-20,present,51,,,,36,9516,2026-09-21 13:42:20.897635+05:30,2026-09-21 13:42:20.897635+05:30
360,2026-08-21,present,51,,,,36,9517,2026-09-21 13:42:20.897635+05:30,2026-09-21 13:42:20.897635+05:30
360,2026-08-22,absent,51,,,,36,9518,2026-09-21 13:42:20.897635+05:30,2026-09-21 13:42:20.897635+05:30
360,2026-08-24,present,51,,,,36,9519,2026-09-21 13:42:20.897635+05:30,2026-09-21 13:42:20.897635+05:30
360,2026-08-25,present,51,,,,36,9520,2026-09-21 13:42:20.897635+05:30,2026-09-21 13:42:20.897635+05:30
360,2026-08-26,present,51,,,,36,9521,2026-09-21 13:42:20.897635+05:30,2026-09-21 13:42:20.897635+05:30
360,2026-08-27,absent,51,,,,36,9522,2026-09-21 13:42:20.897635+05:30,2026-09-21 13:42:20.897635+05:30
360,2026-08-28,present,51,,,,36,9523,2026-09-21 13:42:20.897635+05:30,2026-09-21 13:42:20.897635+05:30
360,2026-08-29,present,51,,,,36,9524,2026-09-21 13:42:20.897635+05:30,2026-09-21 13:42:20.897635+05:30
360,2026-08-31,present,51,,,,36,9525,2026-09-21 13:42:20.897635+05:30,2026-09-21 13:42:20.897635+05:30
360,2026-09-01,present,51,,,,36,9526,2026-09-21 13:42:20.897635+05:30,2026-09-21 13:42:20.897635+05:30
361,2026-06-24,present,51,,,,36,9527,2026-09-21 13:42:20.897635+05:30,2026-09-21 13:42:20.897635+05:30
361,2026-06-25,present,51,,,,36,9528,2026-09-21 13:42:20.897635+05:30,2026-09-21 13:42:20.897635+05:30
361,2026-06-26,present,51,,,,36,9529,2026-09-21 13:42:20.897635+05:30,2026-09-21 13:42:20.897635+05:30
361,2026-06-27,present,51,,,,36,9530,2026-09-21 13:42:20.897635+05:30,2026-09-21 13:42:20.897635+05:30
361,2026-06-29,present,51,,,,36,9531,2026-09-21 13:42:20.897635+05:30,2026-09-21 13:42:20.897635+05:30
361,2026-06-30,present,51,,,,36,9532,2026-09-21 13:42:20.897635+05:30,2026-09-21 13:42:20.897635+05:30
361,2026-07-01,present,51,,,,36,9533,2026-09-21 13:42:20.897635+05:30,2026-09-21 13:42:20.897635+05:30
361,2026-07-02,present,51,,,,36,9534,2026-09-21 13:42:20.897635+05:30,2026-09-21 13:42:20.897635+05:30
361,2026-07-03,present,51,,,,36,9535,2026-09-21 13:42:20.897635+05:30,2026-09-21 13:42:20.897635+05:30
361,2026-07-04,present,51,,,,36,9536,2026-09-21 13:42:20.897635+05:30,2026-09-21 13:42:20.897635+05:30
361,2026-07-06,present,51,,,,36,9537,2026-09-21 13:42:20.897635+05:30,2026-09-21 13:42:20.897635+05:30
361,2026-07-07,present,51,,,,36,9538,2026-09-21 13:42:20.897635+05:30,2026-09-21 13:42:20.897635+05:30
361,2026-07-08,present,51,,,,36,9539,2026-09-21 13:42:20.897635+05:30,2026-09-21 13:42:20.897635+05:30
361,2026-07-09,present,51,,,,36,9540,2026-09-21 13:42:20.897635+05:30,2026-09-21 13:42:20.897635+05:30
361,2026-07-10,present,51,,,,36,9541,2026-09-21 13:42:20.897635+05:30,2026-09-21 13:42:20.897635+05:30
361,2026-07-11,present,51,,,,36,9542,2026-09-21 13:42:20.897635+05:30,2026-09-21 13:42:20.897635+05:30
361,2026-07-13,present,51,,,,36,9543,2026-09-21 13:42:20.897635+05:30,2026-09-21 13:42:20.897635+05:30
361,2026-07-14,present,51,,,,36,9544,2026-09-21 13:42:20.897635+05:30,2026-09-21 13:42:20.897635+05:30
361,2026-07-15,present,51,,,,36,9545,2026-09-21 13:42:20.897635+05:30,2026-09-21 13:42:20.897635+05:30
361,2026-07-16,present,51,,,,36,9546,2026-09-21 13:42:20.897635+05:30,2026-09-21 13:42:20.897635+05:30
361,2026-07-17,present,51,,,,36,9547,2026-09-21 13:42:20.897635+05:30,2026-09-21 13:42:20.897635+05:30
361,2026-07-18,present,51,,,,36,9548,2026-09-21 13:42:20.897635+05:30,2026-09-21 13:42:20.897635+05:30
361,2026-07-20,present,51,,,,36,9549,2026-09-21 13:42:20.897635+05:30,2026-09-21 13:42:20.897635+05:30
361,2026-07-21,present,51,,,,36,9550,2026-09-21 13:42:20.897635+05:30,2026-09-21 13:42:20.897635+05:30
361,2026-07-22,present,51,,,,36,9551,2026-09-21 13:42:20.897635+05:30,2026-09-21 13:42:20.897635+05:30
361,2026-07-24,present,51,,,,36,9552,2026-09-21 13:42:20.897635+05:30,2026-09-21 13:42:20.897635+05:30
361,2026-07-25,present,51,,,,36,9553,2026-09-21 13:42:20.897635+05:30,2026-09-21 13:42:20.897635+05:30
361,2026-07-27,present,51,,,,36,9554,2026-09-21 13:42:20.897635+05:30,2026-09-21 13:42:20.897635+05:30
361,2026-07-28,absent,51,,,,36,9555,2026-09-21 13:42:20.897635+05:30,2026-09-21 13:42:20.897635+05:30
361,2026-07-29,present,51,,,,36,9556,2026-09-21 13:42:20.897635+05:30,2026-09-21 13:42:20.897635+05:30
361,2026-07-30,present,51,,,,36,9557,2026-09-21 13:42:20.897635+05:30,2026-09-21 13:42:20.897635+05:30
361,2026-07-31,present,51,,,,36,9558,2026-09-21 13:42:20.897635+05:30,2026-09-21 13:42:20.897635+05:30
361,2026-08-01,present,51,,,,36,9559,2026-09-21 13:42:20.897635+05:30,2026-09-21 13:42:20.897635+05:30
361,2026-08-03,present,51,,,,36,9560,2026-09-21 13:42:20.897635+05:30,2026-09-21 13:42:20.897635+05:30
361,2026-08-04,present,51,,,,36,9561,2026-09-21 13:42:20.897635+05:30,2026-09-21 13:42:20.897635+05:30
361,2026-08-05,present,51,,,,36,9562,2026-09-21 13:42:20.897635+05:30,2026-09-21 13:42:20.897635+05:30
361,2026-08-06,present,51,,,,36,9563,2026-09-21 13:42:20.897635+05:30,2026-09-21 13:42:20.897635+05:30
361,2026-08-07,present,51,,,,36,9564,2026-09-21 13:42:20.897635+05:30,2026-09-21 13:42:20.897635+05:30
361,2026-08-08,present,51,,,,36,9565,2026-09-21 13:42:20.897635+05:30,2026-09-21 13:42:20.897635+05:30
361,2026-08-10,present,51,,,,36,9566,2026-09-21 13:42:20.897635+05:30,2026-09-21 13:42:20.897635+05:30
361,2026-08-12,present,51,,,,36,9567,2026-09-21 13:42:20.897635+05:30,2026-09-21 13:42:20.897635+05:30
361,2026-08-13,present,51,,,,36,9568,2026-09-21 13:42:20.897635+05:30,2026-09-21 13:42:20.897635+05:30
361,2026-08-14,present,51,,,,36,9569,2026-09-21 13:42:20.897635+05:30,2026-09-21 13:42:20.897635+05:30
361,2026-08-15,present,51,,,,36,9570,2026-09-21 13:42:20.897635+05:30,2026-09-21 13:42:20.897635+05:30
361,2026-08-17,present,51,,,,36,9571,2026-09-21 13:42:20.897635+05:30,2026-09-21 13:42:20.897635+05:30
361,2026-08-18,present,51,,,,36,9572,2026-09-21 13:42:20.897635+05:30,2026-09-21 13:42:20.897635+05:30
361,2026-08-19,present,51,,,,36,9573,2026-09-21 13:42:20.897635+05:30,2026-09-21 13:42:20.897635+05:30
361,2026-08-20,present,51,,,,36,9574,2026-09-21 13:42:20.897635+05:30,2026-09-21 13:42:20.897635+05:30
361,2026-08-21,present,51,,,,36,9575,2026-09-21 13:42:20.897635+05:30,2026-09-21 13:42:20.897635+05:30
361,2026-08-22,present,51,,,,36,9576,2026-09-21 13:42:20.897635+05:30,2026-09-21 13:42:20.897635+05:30
361,2026-08-24,present,51,,,,36,9577,2026-09-21 13:42:20.897635+05:30,2026-09-21 13:42:20.897635+05:30
361,2026-08-25,present,51,,,,36,9578,2026-09-21 13:42:20.897635+05:30,2026-09-21 13:42:20.897635+05:30
361,2026-08-26,present,51,,,,36,9579,2026-09-21 13:42:20.897635+05:30,2026-09-21 13:42:20.897635+05:30
361,2026-08-27,present,51,,,,36,9580,2026-09-21 13:42:20.897635+05:30,2026-09-21 13:42:20.897635+05:30
361,2026-08-28,present,51,,,,36,9581,2026-09-21 13:42:20.897635+05:30,2026-09-21 13:42:20.897635+05:30
361,2026-08-29,present,51,,,,36,9582,2026-09-21 13:42:20.897635+05:30,2026-09-21 13:42:20.897635+05:30
361,2026-08-31,present,51,,,,36,9583,2026-09-21 13:42:20.897635+05:30,2026-09-21 13:42:20.897635+05:30
361,2026-09-01,present,51,,,,36,9584,2026-09-21 13:42:20.897635+05:30,2026-09-21 13:42:20.897635+05:30
362,2026-06-24,present,51,,,,36,9585,2026-09-21 13:42:20.897635+05:30,2026-09-21 13:42:20.897635+05:30
362,2026-06-25,present,51,,,,36,9586,2026-09-21 13:42:20.897635+05:30,2026-09-21 13:42:20.897635+05:30
362,2026-06-26,absent,51,,,,36,9587,2026-09-21 13:42:20.897635+05:30,2026-09-21 13:42:20.897635+05:30
362,2026-06-27,present,51,,,,36,9588,2026-09-21 13:42:20.897635+05:30,2026-09-21 13:42:20.897635+05:30
362,2026-06-29,present,51,,,,36,9589,2026-09-21 13:42:20.897635+05:30,2026-09-21 13:42:20.897635+05:30
362,2026-06-30,present,51,,,,36,9590,2026-09-21 13:42:20.897635+05:30,2026-09-21 13:42:20.897635+05:30
362,2026-07-01,present,51,,,,36,9591,2026-09-21 13:42:20.897635+05:30,2026-09-21 13:42:20.897635+05:30
362,2026-07-02,present,51,,,,36,9592,2026-09-21 13:42:20.897635+05:30,2026-09-21 13:42:20.897635+05:30
362,2026-07-03,present,51,,,,36,9593,2026-09-21 13:42:20.897635+05:30,2026-09-21 13:42:20.897635+05:30
362,2026-07-04,present,51,,,,36,9594,2026-09-21 13:42:20.897635+05:30,2026-09-21 13:42:20.897635+05:30
362,2026-07-06,present,51,,,,36,9595,2026-09-21 13:42:20.897635+05:30,2026-09-21 13:42:20.897635+05:30
362,2026-07-07,present,51,,,,36,9596,2026-09-21 13:42:20.897635+05:30,2026-09-21 13:42:20.897635+05:30
362,2026-07-08,present,51,,,,36,9597,2026-09-21 13:42:20.897635+05:30,2026-09-21 13:42:20.897635+05:30
362,2026-07-09,present,51,,,,36,9598,2026-09-21 13:42:20.897635+05:30,2026-09-21 13:42:20.897635+05:30
362,2026-07-10,present,51,,,,36,9599,2026-09-21 13:42:20.897635+05:30,2026-09-21 13:42:20.897635+05:30
362,2026-07-11,leave,51,,,,36,9600,2026-09-21 13:42:20.897635+05:30,2026-09-21 13:42:20.897635+05:30
362,2026-07-13,present,51,,,,36,9601,2026-09-21 13:42:20.897635+05:30,2026-09-21 13:42:20.897635+05:30
362,2026-07-14,present,51,,,,36,9602,2026-09-21 13:42:20.897635+05:30,2026-09-21 13:42:20.897635+05:30
362,2026-07-15,present,51,,,,36,9603,2026-09-21 13:42:20.897635+05:30,2026-09-21 13:42:20.897635+05:30
362,2026-07-16,present,51,,,,36,9604,2026-09-21 13:42:20.897635+05:30,2026-09-21 13:42:20.897635+05:30
362,2026-07-17,present,51,,,,36,9605,2026-09-21 13:42:20.897635+05:30,2026-09-21 13:42:20.897635+05:30
362,2026-07-18,present,51,,,,36,9606,2026-09-21 13:42:20.897635+05:30,2026-09-21 13:42:20.897635+05:30
362,2026-07-20,present,51,,,,36,9607,2026-09-21 13:42:20.897635+05:30,2026-09-21 13:42:20.897635+05:30
362,2026-07-21,present,51,,,,36,9608,2026-09-21 13:42:20.897635+05:30,2026-09-21 13:42:20.897635+05:30
362,2026-07-22,present,51,,,,36,9609,2026-09-21 13:42:20.897635+05:30,2026-09-21 13:42:20.897635+05:30
362,2026-07-24,present,51,,,,36,9610,2026-09-21 13:42:20.897635+05:30,2026-09-21 13:42:20.897635+05:30
362,2026-07-25,present,51,,,,36,9611,2026-09-21 13:42:20.897635+05:30,2026-09-21 13:42:20.897635+05:30
362,2026-07-27,present,51,,,,36,9612,2026-09-21 13:42:20.897635+05:30,2026-09-21 13:42:20.897635+05:30
362,2026-07-28,present,51,,,,36,9613,2026-09-21 13:42:20.897635+05:30,2026-09-21 13:42:20.897635+05:30
362,2026-07-29,present,51,,,,36,9614,2026-09-21 13:42:20.897635+05:30,2026-09-21 13:42:20.897635+05:30
362,2026-07-30,absent,51,,,,36,9615,2026-09-21 13:42:20.897635+05:30,2026-09-21 13:42:20.897635+05:30
362,2026-07-31,present,51,,,,36,9616,2026-09-21 13:42:20.897635+05:30,2026-09-21 13:42:20.897635+05:30
362,2026-08-01,leave,51,,,,36,9617,2026-09-21 13:42:20.897635+05:30,2026-09-21 13:42:20.897635+05:30
362,2026-08-03,present,51,,,,36,9618,2026-09-21 13:42:20.897635+05:30,2026-09-21 13:42:20.897635+05:30
362,2026-08-04,leave,51,,,,36,9619,2026-09-21 13:42:20.897635+05:30,2026-09-21 13:42:20.897635+05:30
362,2026-08-05,present,51,,,,36,9620,2026-09-21 13:42:20.897635+05:30,2026-09-21 13:42:20.897635+05:30
362,2026-08-06,present,51,,,,36,9621,2026-09-21 13:42:20.897635+05:30,2026-09-21 13:42:20.897635+05:30
362,2026-08-07,present,51,,,,36,9622,2026-09-21 13:42:20.897635+05:30,2026-09-21 13:42:20.897635+05:30
362,2026-08-08,present,51,,,,36,9623,2026-09-21 13:42:20.897635+05:30,2026-09-21 13:42:20.897635+05:30
362,2026-08-10,present,51,,,,36,9624,2026-09-21 13:42:20.897635+05:30,2026-09-21 13:42:20.897635+05:30
362,2026-08-12,present,51,,,,36,9625,2026-09-21 13:42:20.897635+05:30,2026-09-21 13:42:20.897635+05:30
362,2026-08-13,present,51,,,,36,9626,2026-09-21 13:42:20.897635+05:30,2026-09-21 13:42:20.897635+05:30
362,2026-08-14,present,51,,,,36,9627,2026-09-21 13:42:20.897635+05:30,2026-09-21 13:42:20.897635+05:30
362,2026-08-15,present,51,,,,36,9628,2026-09-21 13:42:20.897635+05:30,2026-09-21 13:42:20.897635+05:30
362,2026-08-17,present,51,,,,36,9629,2026-09-21 13:42:20.897635+05:30,2026-09-21 13:42:20.897635+05:30
362,2026-08-18,present,51,,,,36,9630,2026-09-21 13:42:20.897635+05:30,2026-09-21 13:42:20.897635+05:30
362,2026-08-19,present,51,,,,36,9631,2026-09-21 13:42:20.897635+05:30,2026-09-21 13:42:20.897635+05:30
362,2026-08-20,present,51,,,,36,9632,2026-09-21 13:42:20.897635+05:30,2026-09-21 13:42:20.897635+05:30
362,2026-08-21,present,51,,,,36,9633,2026-09-21 13:42:20.897635+05:30,2026-09-21 13:42:20.897635+05:30
362,2026-08-22,present,51,,,,36,9634,2026-09-21 13:42:20.897635+05:30,2026-09-21 13:42:20.897635+05:30
362,2026-08-24,present,51,,,,36,9635,2026-09-21 13:42:20.897635+05:30,2026-09-21 13:42:20.897635+05:30
362,2026-08-25,present,51,,,,36,9636,2026-09-21 13:42:20.897635+05:30,2026-09-21 13:42:20.897635+05:30
362,2026-08-26,leave,51,,,,36,9637,2026-09-21 13:42:20.897635+05:30,2026-09-21 13:42:20.897635+05:30
362,2026-08-27,present,51,,,,36,9638,2026-09-21 13:42:20.897635+05:30,2026-09-21 13:42:20.897635+05:30
362,2026-08-28,present,51,,,,36,9639,2026-09-21 13:42:20.897635+05:30,2026-09-21 13:42:20.897635+05:30
362,2026-08-29,present,51,,,,36,9640,2026-09-21 13:42:20.897635+05:30,2026-09-21 13:42:20.897635+05:30
362,2026-08-31,present,51,,,,36,9641,2026-09-21 13:42:20.897635+05:30,2026-09-21 13:42:20.897635+05:30
362,2026-09-01,present,51,,,,36,9642,2026-09-21 13:42:20.897635+05:30,2026-09-21 13:42:20.897635+05:30
363,2026-06-24,present,51,,,,36,9643,2026-09-21 13:42:20.897635+05:30,2026-09-21 13:42:20.897635+05:30
363,2026-06-25,absent,51,,,,36,9644,2026-09-21 13:42:20.897635+05:30,2026-09-21 13:42:20.897635+05:30
363,2026-06-26,present,51,,,,36,9645,2026-09-21 13:42:20.897635+05:30,2026-09-21 13:42:20.897635+05:30
363,2026-06-27,leave,51,,,,36,9646,2026-09-21 13:42:20.897635+05:30,2026-09-21 13:42:20.897635+05:30
363,2026-06-29,present,51,,,,36,9647,2026-09-21 13:42:20.897635+05:30,2026-09-21 13:42:20.897635+05:30
363,2026-06-30,present,51,,,,36,9648,2026-09-21 13:42:20.897635+05:30,2026-09-21 13:42:20.897635+05:30
363,2026-07-01,present,51,,,,36,9649,2026-09-21 13:42:20.897635+05:30,2026-09-21 13:42:20.897635+05:30
363,2026-07-02,present,51,,,,36,9650,2026-09-21 13:42:20.897635+05:30,2026-09-21 13:42:20.897635+05:30
363,2026-07-03,present,51,,,,36,9651,2026-09-21 13:42:20.897635+05:30,2026-09-21 13:42:20.897635+05:30
363,2026-07-04,present,51,,,,36,9652,2026-09-21 13:42:20.897635+05:30,2026-09-21 13:42:20.897635+05:30
363,2026-07-06,present,51,,,,36,9653,2026-09-21 13:42:20.897635+05:30,2026-09-21 13:42:20.897635+05:30
363,2026-07-07,present,51,,,,36,9654,2026-09-21 13:42:20.897635+05:30,2026-09-21 13:42:20.897635+05:30
363,2026-07-08,leave,51,,,,36,9655,2026-09-21 13:42:20.897635+05:30,2026-09-21 13:42:20.897635+05:30
363,2026-07-09,present,51,,,,36,9656,2026-09-21 13:42:20.897635+05:30,2026-09-21 13:42:20.897635+05:30
363,2026-07-10,present,51,,,,36,9657,2026-09-21 13:42:20.897635+05:30,2026-09-21 13:42:20.897635+05:30
363,2026-07-11,present,51,,,,36,9658,2026-09-21 13:42:20.897635+05:30,2026-09-21 13:42:20.897635+05:30
363,2026-07-13,present,51,,,,36,9659,2026-09-21 13:42:20.897635+05:30,2026-09-21 13:42:20.897635+05:30
363,2026-07-14,leave,51,,,,36,9660,2026-09-21 13:42:20.897635+05:30,2026-09-21 13:42:20.897635+05:30
363,2026-07-15,present,51,,,,36,9661,2026-09-21 13:42:20.897635+05:30,2026-09-21 13:42:20.897635+05:30
363,2026-07-16,present,51,,,,36,9662,2026-09-21 13:42:20.897635+05:30,2026-09-21 13:42:20.897635+05:30
363,2026-07-17,absent,51,,,,36,9663,2026-09-21 13:42:20.897635+05:30,2026-09-21 13:42:20.897635+05:30
363,2026-07-18,present,51,,,,36,9664,2026-09-21 13:42:20.897635+05:30,2026-09-21 13:42:20.897635+05:30
363,2026-07-20,present,51,,,,36,9665,2026-09-21 13:42:20.897635+05:30,2026-09-21 13:42:20.897635+05:30
363,2026-07-21,present,51,,,,36,9666,2026-09-21 13:42:20.897635+05:30,2026-09-21 13:42:20.897635+05:30
363,2026-07-22,present,51,,,,36,9667,2026-09-21 13:42:20.897635+05:30,2026-09-21 13:42:20.897635+05:30
363,2026-07-24,leave,51,,,,36,9668,2026-09-21 13:42:20.897635+05:30,2026-09-21 13:42:20.897635+05:30
363,2026-07-25,present,51,,,,36,9669,2026-09-21 13:42:20.897635+05:30,2026-09-21 13:42:20.897635+05:30
363,2026-07-27,present,51,,,,36,9670,2026-09-21 13:42:20.897635+05:30,2026-09-21 13:42:20.897635+05:30
363,2026-07-28,present,51,,,,36,9671,2026-09-21 13:42:20.897635+05:30,2026-09-21 13:42:20.897635+05:30
363,2026-07-29,present,51,,,,36,9672,2026-09-21 13:42:20.897635+05:30,2026-09-21 13:42:20.897635+05:30
363,2026-07-30,present,51,,,,36,9673,2026-09-21 13:42:20.897635+05:30,2026-09-21 13:42:20.897635+05:30
363,2026-07-31,present,51,,,,36,9674,2026-09-21 13:42:20.897635+05:30,2026-09-21 13:42:20.897635+05:30
363,2026-08-01,leave,51,,,,36,9675,2026-09-21 13:42:20.897635+05:30,2026-09-21 13:42:20.897635+05:30
363,2026-08-03,present,51,,,,36,9676,2026-09-21 13:42:20.897635+05:30,2026-09-21 13:42:20.897635+05:30
363,2026-08-04,present,51,,,,36,9677,2026-09-21 13:42:20.897635+05:30,2026-09-21 13:42:20.897635+05:30
363,2026-08-05,present,51,,,,36,9678,2026-09-21 13:42:20.897635+05:30,2026-09-21 13:42:20.897635+05:30
363,2026-08-06,present,51,,,,36,9679,2026-09-21 13:42:20.897635+05:30,2026-09-21 13:42:20.897635+05:30
363,2026-08-07,present,51,,,,36,9680,2026-09-21 13:42:20.897635+05:30,2026-09-21 13:42:20.897635+05:30
363,2026-08-08,present,51,,,,36,9681,2026-09-21 13:42:20.897635+05:30,2026-09-21 13:42:20.897635+05:30
363,2026-08-10,absent,51,,,,36,9682,2026-09-21 13:42:20.897635+05:30,2026-09-21 13:42:20.897635+05:30
363,2026-08-12,present,51,,,,36,9683,2026-09-21 13:42:20.897635+05:30,2026-09-21 13:42:20.897635+05:30
363,2026-08-13,present,51,,,,36,9684,2026-09-21 13:42:20.897635+05:30,2026-09-21 13:42:20.897635+05:30
363,2026-08-14,present,51,,,,36,9685,2026-09-21 13:42:20.897635+05:30,2026-09-21 13:42:20.897635+05:30
363,2026-08-15,present,51,,,,36,9686,2026-09-21 13:42:20.897635+05:30,2026-09-21 13:42:20.897635+05:30
363,2026-08-17,present,51,,,,36,9687,2026-09-21 13:42:20.897635+05:30,2026-09-21 13:42:20.897635+05:30
363,2026-08-18,present,51,,,,36,9688,2026-09-21 13:42:20.897635+05:30,2026-09-21 13:42:20.897635+05:30
363,2026-08-19,present,51,,,,36,9689,2026-09-21 13:42:20.897635+05:30,2026-09-21 13:42:20.897635+05:30
363,2026-08-20,present,51,,,,36,9690,2026-09-21 13:42:20.897635+05:30,2026-09-21 13:42:20.897635+05:30
363,2026-08-21,present,51,,,,36,9691,2026-09-21 13:42:20.897635+05:30,2026-09-21 13:42:20.897635+05:30
363,2026-08-22,present,51,,,,36,9692,2026-09-21 13:42:20.897635+05:30,2026-09-21 13:42:20.897635+05:30
363,2026-08-24,present,51,,,,36,9693,2026-09-21 13:42:20.897635+05:30,2026-09-21 13:42:20.897635+05:30
363,2026-08-25,present,51,,,,36,9694,2026-09-21 13:42:20.897635+05:30,2026-09-21 13:42:20.897635+05:30
363,2026-08-26,present,51,,,,36,9695,2026-09-21 13:42:20.897635+05:30,2026-09-21 13:42:20.897635+05:30
363,2026-08-27,leave,51,,,,36,9696,2026-09-21 13:42:20.897635+05:30,2026-09-21 13:42:20.897635+05:30
363,2026-08-28,present,51,,,,36,9697,2026-09-21 13:42:20.897635+05:30,2026-09-21 13:42:20.897635+05:30
363,2026-08-29,present,51,,,,36,9698,2026-09-21 13:42:20.897635+05:30,2026-09-21 13:42:20.897635+05:30
363,2026-08-31,present,51,,,,36,9699,2026-09-21 13:42:20.897635+05:30,2026-09-21 13:42:20.897635+05:30
363,2026-09-01,present,51,,,,36,9700,2026-09-21 13:42:20.897635+05:30,2026-09-21 13:42:20.897635+05:30
364,2026-06-24,present,51,,,,36,9701,2026-09-21 13:42:20.897635+05:30,2026-09-21 13:42:20.897635+05:30
364,2026-06-25,present,51,,,,36,9702,2026-09-21 13:42:20.897635+05:30,2026-09-21 13:42:20.897635+05:30
364,2026-06-26,absent,51,,,,36,9703,2026-09-21 13:42:20.897635+05:30,2026-09-21 13:42:20.897635+05:30
364,2026-06-27,present,51,,,,36,9704,2026-09-21 13:42:20.897635+05:30,2026-09-21 13:42:20.897635+05:30
364,2026-06-29,present,51,,,,36,9705,2026-09-21 13:42:20.897635+05:30,2026-09-21 13:42:20.897635+05:30
364,2026-06-30,present,51,,,,36,9706,2026-09-21 13:42:20.897635+05:30,2026-09-21 13:42:20.897635+05:30
364,2026-07-01,present,51,,,,36,9707,2026-09-21 13:42:20.897635+05:30,2026-09-21 13:42:20.897635+05:30
364,2026-07-02,present,51,,,,36,9708,2026-09-21 13:42:20.897635+05:30,2026-09-21 13:42:20.897635+05:30
364,2026-07-03,present,51,,,,36,9709,2026-09-21 13:42:20.897635+05:30,2026-09-21 13:42:20.897635+05:30
364,2026-07-04,present,51,,,,36,9710,2026-09-21 13:42:20.897635+05:30,2026-09-21 13:42:20.897635+05:30
364,2026-07-06,present,51,,,,36,9711,2026-09-21 13:42:20.897635+05:30,2026-09-21 13:42:20.897635+05:30
364,2026-07-07,present,51,,,,36,9712,2026-09-21 13:42:20.897635+05:30,2026-09-21 13:42:20.897635+05:30
364,2026-07-08,absent,51,,,,36,9713,2026-09-21 13:42:20.897635+05:30,2026-09-21 13:42:20.897635+05:30
364,2026-07-09,present,51,,,,36,9714,2026-09-21 13:42:20.897635+05:30,2026-09-21 13:42:20.897635+05:30
364,2026-07-10,present,51,,,,36,9715,2026-09-21 13:42:20.897635+05:30,2026-09-21 13:42:20.897635+05:30
364,2026-07-11,absent,51,,,,36,9716,2026-09-21 13:42:20.897635+05:30,2026-09-21 13:42:20.897635+05:30
364,2026-07-13,present,51,,,,36,9717,2026-09-21 13:42:20.897635+05:30,2026-09-21 13:42:20.897635+05:30
364,2026-07-14,present,51,,,,36,9718,2026-09-21 13:42:20.897635+05:30,2026-09-21 13:42:20.897635+05:30
364,2026-07-15,absent,51,,,,36,9719,2026-09-21 13:42:20.897635+05:30,2026-09-21 13:42:20.897635+05:30
364,2026-07-16,present,51,,,,36,9720,2026-09-21 13:42:20.897635+05:30,2026-09-21 13:42:20.897635+05:30
364,2026-07-17,present,51,,,,36,9721,2026-09-21 13:42:20.897635+05:30,2026-09-21 13:42:20.897635+05:30
364,2026-07-18,present,51,,,,36,9722,2026-09-21 13:42:20.897635+05:30,2026-09-21 13:42:20.897635+05:30
364,2026-07-20,leave,51,,,,36,9723,2026-09-21 13:42:20.897635+05:30,2026-09-21 13:42:20.897635+05:30
364,2026-07-21,present,51,,,,36,9724,2026-09-21 13:42:20.897635+05:30,2026-09-21 13:42:20.897635+05:30
364,2026-07-22,present,51,,,,36,9725,2026-09-21 13:42:20.897635+05:30,2026-09-21 13:42:20.897635+05:30
364,2026-07-24,present,51,,,,36,9726,2026-09-21 13:42:20.897635+05:30,2026-09-21 13:42:20.897635+05:30
364,2026-07-25,present,51,,,,36,9727,2026-09-21 13:42:20.897635+05:30,2026-09-21 13:42:20.897635+05:30
364,2026-07-27,present,51,,,,36,9728,2026-09-21 13:42:20.897635+05:30,2026-09-21 13:42:20.897635+05:30
364,2026-07-28,present,51,,,,36,9729,2026-09-21 13:42:20.897635+05:30,2026-09-21 13:42:20.897635+05:30
364,2026-07-29,present,51,,,,36,9730,2026-09-21 13:42:20.897635+05:30,2026-09-21 13:42:20.897635+05:30
364,2026-07-30,present,51,,,,36,9731,2026-09-21 13:42:20.897635+05:30,2026-09-21 13:42:20.897635+05:30
364,2026-07-31,present,51,,,,36,9732,2026-09-21 13:42:20.897635+05:30,2026-09-21 13:42:20.897635+05:30
364,2026-08-01,present,51,,,,36,9733,2026-09-21 13:42:20.897635+05:30,2026-09-21 13:42:20.897635+05:30
364,2026-08-03,absent,51,,,,36,9734,2026-09-21 13:42:20.897635+05:30,2026-09-21 13:42:20.897635+05:30
364,2026-08-04,present,51,,,,36,9735,2026-09-21 13:42:20.897635+05:30,2026-09-21 13:42:20.897635+05:30
364,2026-08-05,leave,51,,,,36,9736,2026-09-21 13:42:20.897635+05:30,2026-09-21 13:42:20.897635+05:30
364,2026-08-06,present,51,,,,36,9737,2026-09-21 13:42:20.897635+05:30,2026-09-21 13:42:20.897635+05:30
364,2026-08-07,present,51,,,,36,9738,2026-09-21 13:42:20.897635+05:30,2026-09-21 13:42:20.897635+05:30
364,2026-08-08,present,51,,,,36,9739,2026-09-21 13:42:20.897635+05:30,2026-09-21 13:42:20.897635+05:30
364,2026-08-10,present,51,,,,36,9740,2026-09-21 13:42:20.897635+05:30,2026-09-21 13:42:20.897635+05:30
364,2026-08-12,present,51,,,,36,9741,2026-09-21 13:42:20.897635+05:30,2026-09-21 13:42:20.897635+05:30
364,2026-08-13,present,51,,,,36,9742,2026-09-21 13:42:20.897635+05:30,2026-09-21 13:42:20.897635+05:30
364,2026-08-14,present,51,,,,36,9743,2026-09-21 13:42:20.897635+05:30,2026-09-21 13:42:20.897635+05:30
364,2026-08-15,present,51,,,,36,9744,2026-09-21 13:42:20.897635+05:30,2026-09-21 13:42:20.897635+05:30
364,2026-08-17,present,51,,,,36,9745,2026-09-21 13:42:20.897635+05:30,2026-09-21 13:42:20.897635+05:30
364,2026-08-18,present,51,,,,36,9746,2026-09-21 13:42:20.897635+05:30,2026-09-21 13:42:20.897635+05:30
364,2026-08-19,present,51,,,,36,9747,2026-09-21 13:42:20.897635+05:30,2026-09-21 13:42:20.897635+05:30
364,2026-08-20,present,51,,,,36,9748,2026-09-21 13:42:20.897635+05:30,2026-09-21 13:42:20.897635+05:30
364,2026-08-21,present,51,,,,36,9749,2026-09-21 13:42:20.897635+05:30,2026-09-21 13:42:20.897635+05:30
364,2026-08-22,present,51,,,,36,9750,2026-09-21 13:42:20.897635+05:30,2026-09-21 13:42:20.897635+05:30
364,2026-08-24,present,51,,,,36,9751,2026-09-21 13:42:20.897635+05:30,2026-09-21 13:42:20.897635+05:30
364,2026-08-25,present,51,,,,36,9752,2026-09-21 13:42:20.897635+05:30,2026-09-21 13:42:20.897635+05:30
364,2026-08-26,present,51,,,,36,9753,2026-09-21 13:42:20.897635+05:30,2026-09-21 13:42:20.897635+05:30
364,2026-08-27,present,51,,,,36,9754,2026-09-21 13:42:20.897635+05:30,2026-09-21 13:42:20.897635+05:30
364,2026-08-28,present,51,,,,36,9755,2026-09-21 13:42:20.897635+05:30,2026-09-21 13:42:20.897635+05:30
364,2026-08-29,present,51,,,,36,9756,2026-09-21 13:42:20.897635+05:30,2026-09-21 13:42:20.897635+05:30
364,2026-08-31,present,51,,,,36,9757,2026-09-21 13:42:20.897635+05:30,2026-09-21 13:42:20.897635+05:30
364,2026-09-01,present,51,,,,36,9758,2026-09-21 13:42:20.897635+05:30,2026-09-21 13:42:20.897635+05:30
365,2026-06-24,present,51,,,,36,9759,2026-09-21 13:42:20.897635+05:30,2026-09-21 13:42:20.897635+05:30
365,2026-06-25,present,51,,,,36,9760,2026-09-21 13:42:20.897635+05:30,2026-09-21 13:42:20.897635+05:30
365,2026-06-26,present,51,,,,36,9761,2026-09-21 13:42:20.897635+05:30,2026-09-21 13:42:20.897635+05:30
365,2026-06-27,present,51,,,,36,9762,2026-09-21 13:42:20.897635+05:30,2026-09-21 13:42:20.897635+05:30
365,2026-06-29,present,51,,,,36,9763,2026-09-21 13:42:20.897635+05:30,2026-09-21 13:42:20.897635+05:30
365,2026-06-30,present,51,,,,36,9764,2026-09-21 13:42:20.897635+05:30,2026-09-21 13:42:20.897635+05:30
365,2026-07-01,present,51,,,,36,9765,2026-09-21 13:42:20.897635+05:30,2026-09-21 13:42:20.897635+05:30
365,2026-07-02,leave,51,,,,36,9766,2026-09-21 13:42:20.897635+05:30,2026-09-21 13:42:20.897635+05:30
365,2026-07-03,present,51,,,,36,9767,2026-09-21 13:42:20.897635+05:30,2026-09-21 13:42:20.897635+05:30
365,2026-07-04,present,51,,,,36,9768,2026-09-21 13:42:20.897635+05:30,2026-09-21 13:42:20.897635+05:30
365,2026-07-06,present,51,,,,36,9769,2026-09-21 13:42:20.897635+05:30,2026-09-21 13:42:20.897635+05:30
365,2026-07-07,present,51,,,,36,9770,2026-09-21 13:42:20.897635+05:30,2026-09-21 13:42:20.897635+05:30
365,2026-07-08,present,51,,,,36,9771,2026-09-21 13:42:20.897635+05:30,2026-09-21 13:42:20.897635+05:30
365,2026-07-09,present,51,,,,36,9772,2026-09-21 13:42:20.897635+05:30,2026-09-21 13:42:20.897635+05:30
365,2026-07-10,present,51,,,,36,9773,2026-09-21 13:42:20.897635+05:30,2026-09-21 13:42:20.897635+05:30
365,2026-07-11,present,51,,,,36,9774,2026-09-21 13:42:20.897635+05:30,2026-09-21 13:42:20.897635+05:30
365,2026-07-13,present,51,,,,36,9775,2026-09-21 13:42:20.897635+05:30,2026-09-21 13:42:20.897635+05:30
365,2026-07-14,present,51,,,,36,9776,2026-09-21 13:42:20.897635+05:30,2026-09-21 13:42:20.897635+05:30
365,2026-07-15,present,51,,,,36,9777,2026-09-21 13:42:20.897635+05:30,2026-09-21 13:42:20.897635+05:30
365,2026-07-16,present,51,,,,36,9778,2026-09-21 13:42:20.897635+05:30,2026-09-21 13:42:20.897635+05:30
365,2026-07-17,present,51,,,,36,9779,2026-09-21 13:42:20.897635+05:30,2026-09-21 13:42:20.897635+05:30
365,2026-07-18,present,51,,,,36,9780,2026-09-21 13:42:20.897635+05:30,2026-09-21 13:42:20.897635+05:30
365,2026-07-20,present,51,,,,36,9781,2026-09-21 13:42:20.897635+05:30,2026-09-21 13:42:20.897635+05:30
365,2026-07-21,present,51,,,,36,9782,2026-09-21 13:42:20.897635+05:30,2026-09-21 13:42:20.897635+05:30
365,2026-07-22,present,51,,,,36,9783,2026-09-21 13:42:20.897635+05:30,2026-09-21 13:42:20.897635+05:30
365,2026-07-24,present,51,,,,36,9784,2026-09-21 13:42:20.897635+05:30,2026-09-21 13:42:20.897635+05:30
365,2026-07-25,present,51,,,,36,9785,2026-09-21 13:42:20.897635+05:30,2026-09-21 13:42:20.897635+05:30
365,2026-07-27,present,51,,,,36,9786,2026-09-21 13:42:20.897635+05:30,2026-09-21 13:42:20.897635+05:30
365,2026-07-28,present,51,,,,36,9787,2026-09-21 13:42:20.897635+05:30,2026-09-21 13:42:20.897635+05:30
365,2026-07-29,present,51,,,,36,9788,2026-09-21 13:42:20.897635+05:30,2026-09-21 13:42:20.897635+05:30
365,2026-07-30,absent,51,,,,36,9789,2026-09-21 13:42:20.897635+05:30,2026-09-21 13:42:20.897635+05:30
365,2026-07-31,present,51,,,,36,9790,2026-09-21 13:42:20.897635+05:30,2026-09-21 13:42:20.897635+05:30
365,2026-08-01,present,51,,,,36,9791,2026-09-21 13:42:20.897635+05:30,2026-09-21 13:42:20.897635+05:30
365,2026-08-03,present,51,,,,36,9792,2026-09-21 13:42:20.897635+05:30,2026-09-21 13:42:20.897635+05:30
365,2026-08-04,leave,51,,,,36,9793,2026-09-21 13:42:20.897635+05:30,2026-09-21 13:42:20.897635+05:30
365,2026-08-05,present,51,,,,36,9794,2026-09-21 13:42:20.897635+05:30,2026-09-21 13:42:20.897635+05:30
365,2026-08-06,present,51,,,,36,9795,2026-09-21 13:42:20.897635+05:30,2026-09-21 13:42:20.897635+05:30
365,2026-08-07,present,51,,,,36,9796,2026-09-21 13:42:20.897635+05:30,2026-09-21 13:42:20.897635+05:30
365,2026-08-08,present,51,,,,36,9797,2026-09-21 13:42:20.897635+05:30,2026-09-21 13:42:20.897635+05:30
365,2026-08-10,present,51,,,,36,9798,2026-09-21 13:42:20.897635+05:30,2026-09-21 13:42:20.897635+05:30
365,2026-08-12,present,51,,,,36,9799,2026-09-21 13:42:20.897635+05:30,2026-09-21 13:42:20.897635+05:30
365,2026-08-13,present,51,,,,36,9800,2026-09-21 13:42:20.897635+05:30,2026-09-21 13:42:20.897635+05:30
365,2026-08-14,present,51,,,,36,9801,2026-09-21 13:42:20.897635+05:30,2026-09-21 13:42:20.897635+05:30
365,2026-08-15,present,51,,,,36,9802,2026-09-21 13:42:20.897635+05:30,2026-09-21 13:42:20.897635+05:30
365,2026-08-17,present,51,,,,36,9803,2026-09-21 13:42:20.897635+05:30,2026-09-21 13:42:20.897635+05:30
365,2026-08-18,present,51,,,,36,9804,2026-09-21 13:42:20.897635+05:30,2026-09-21 13:42:20.897635+05:30
365,2026-08-19,present,51,,,,36,9805,2026-09-21 13:42:20.897635+05:30,2026-09-21 13:42:20.897635+05:30
365,2026-08-20,present,51,,,,36,9806,2026-09-21 13:42:20.897635+05:30,2026-09-21 13:42:20.897635+05:30
365,2026-08-21,present,51,,,,36,9807,2026-09-21 13:42:20.897635+05:30,2026-09-21 13:42:20.897635+05:30
365,2026-08-22,present,51,,,,36,9808,2026-09-21 13:42:20.897635+05:30,2026-09-21 13:42:20.897635+05:30
365,2026-08-24,present,51,,,,36,9809,2026-09-21 13:42:20.897635+05:30,2026-09-21 13:42:20.897635+05:30
365,2026-08-25,present,51,,,,36,9810,2026-09-21 13:42:20.897635+05:30,2026-09-21 13:42:20.897635+05:30
365,2026-08-26,present,51,,,,36,9811,2026-09-21 13:42:20.897635+05:30,2026-09-21 13:42:20.897635+05:30
365,2026-08-27,present,51,,,,36,9812,2026-09-21 13:42:20.897635+05:30,2026-09-21 13:42:20.897635+05:30
365,2026-08-28,present,51,,,,36,9813,2026-09-21 13:42:20.897635+05:30,2026-09-21 13:42:20.897635+05:30
365,2026-08-29,present,51,,,,36,9814,2026-09-21 13:42:20.897635+05:30,2026-09-21 13:42:20.897635+05:30
365,2026-08-31,present,51,,,,36,9815,2026-09-21 13:42:20.897635+05:30,2026-09-21 13:42:20.897635+05:30
365,2026-09-01,present,51,,,,36,9816,2026-09-21 13:42:20.897635+05:30,2026-09-21 13:42:20.897635+05:30
366,2026-06-24,present,51,,,,36,9817,2026-09-21 13:42:20.897635+05:30,2026-09-21 13:42:20.897635+05:30
366,2026-06-25,present,51,,,,36,9818,2026-09-21 13:42:20.897635+05:30,2026-09-21 13:42:20.897635+05:30
366,2026-06-26,present,51,,,,36,9819,2026-09-21 13:42:20.897635+05:30,2026-09-21 13:42:20.897635+05:30
366,2026-06-27,present,51,,,,36,9820,2026-09-21 13:42:20.897635+05:30,2026-09-21 13:42:20.897635+05:30
366,2026-06-29,present,51,,,,36,9821,2026-09-21 13:42:20.897635+05:30,2026-09-21 13:42:20.897635+05:30
366,2026-06-30,present,51,,,,36,9822,2026-09-21 13:42:20.897635+05:30,2026-09-21 13:42:20.897635+05:30
366,2026-07-01,present,51,,,,36,9823,2026-09-21 13:42:20.897635+05:30,2026-09-21 13:42:20.897635+05:30
366,2026-07-02,present,51,,,,36,9824,2026-09-21 13:42:20.897635+05:30,2026-09-21 13:42:20.897635+05:30
366,2026-07-03,present,51,,,,36,9825,2026-09-21 13:42:20.897635+05:30,2026-09-21 13:42:20.897635+05:30
366,2026-07-04,present,51,,,,36,9826,2026-09-21 13:42:20.897635+05:30,2026-09-21 13:42:20.897635+05:30
366,2026-07-06,present,51,,,,36,9827,2026-09-21 13:42:20.897635+05:30,2026-09-21 13:42:20.897635+05:30
366,2026-07-07,present,51,,,,36,9828,2026-09-21 13:42:20.897635+05:30,2026-09-21 13:42:20.897635+05:30
366,2026-07-08,leave,51,,,,36,9829,2026-09-21 13:42:20.897635+05:30,2026-09-21 13:42:20.897635+05:30
366,2026-07-09,present,51,,,,36,9830,2026-09-21 13:42:20.897635+05:30,2026-09-21 13:42:20.897635+05:30
366,2026-07-10,present,51,,,,36,9831,2026-09-21 13:42:20.897635+05:30,2026-09-21 13:42:20.897635+05:30
366,2026-07-11,leave,51,,,,36,9832,2026-09-21 13:42:20.897635+05:30,2026-09-21 13:42:20.897635+05:30
366,2026-07-13,present,51,,,,36,9833,2026-09-21 13:42:20.897635+05:30,2026-09-21 13:42:20.897635+05:30
366,2026-07-14,present,51,,,,36,9834,2026-09-21 13:42:20.897635+05:30,2026-09-21 13:42:20.897635+05:30
366,2026-07-15,present,51,,,,36,9835,2026-09-21 13:42:20.897635+05:30,2026-09-21 13:42:20.897635+05:30
366,2026-07-16,present,51,,,,36,9836,2026-09-21 13:42:20.897635+05:30,2026-09-21 13:42:20.897635+05:30
366,2026-07-17,present,51,,,,36,9837,2026-09-21 13:42:20.897635+05:30,2026-09-21 13:42:20.897635+05:30
366,2026-07-18,present,51,,,,36,9838,2026-09-21 13:42:20.897635+05:30,2026-09-21 13:42:20.897635+05:30
366,2026-07-20,present,51,,,,36,9839,2026-09-21 13:42:20.897635+05:30,2026-09-21 13:42:20.897635+05:30
366,2026-07-21,present,51,,,,36,9840,2026-09-21 13:42:20.897635+05:30,2026-09-21 13:42:20.897635+05:30
366,2026-07-22,present,51,,,,36,9841,2026-09-21 13:42:20.897635+05:30,2026-09-21 13:42:20.897635+05:30
366,2026-07-24,present,51,,,,36,9842,2026-09-21 13:42:20.897635+05:30,2026-09-21 13:42:20.897635+05:30
366,2026-07-25,present,51,,,,36,9843,2026-09-21 13:42:20.897635+05:30,2026-09-21 13:42:20.897635+05:30
366,2026-07-27,present,51,,,,36,9844,2026-09-21 13:42:20.897635+05:30,2026-09-21 13:42:20.897635+05:30
366,2026-07-28,leave,51,,,,36,9845,2026-09-21 13:42:20.897635+05:30,2026-09-21 13:42:20.897635+05:30
366,2026-07-29,present,51,,,,36,9846,2026-09-21 13:42:20.897635+05:30,2026-09-21 13:42:20.897635+05:30
366,2026-07-30,present,51,,,,36,9847,2026-09-21 13:42:20.897635+05:30,2026-09-21 13:42:20.897635+05:30
366,2026-07-31,present,51,,,,36,9848,2026-09-21 13:42:20.897635+05:30,2026-09-21 13:42:20.897635+05:30
366,2026-08-01,present,51,,,,36,9849,2026-09-21 13:42:20.897635+05:30,2026-09-21 13:42:20.897635+05:30
366,2026-08-03,present,51,,,,36,9850,2026-09-21 13:42:20.897635+05:30,2026-09-21 13:42:20.897635+05:30
366,2026-08-04,present,51,,,,36,9851,2026-09-21 13:42:20.897635+05:30,2026-09-21 13:42:20.897635+05:30
366,2026-08-05,present,51,,,,36,9852,2026-09-21 13:42:20.897635+05:30,2026-09-21 13:42:20.897635+05:30
366,2026-08-06,present,51,,,,36,9853,2026-09-21 13:42:20.897635+05:30,2026-09-21 13:42:20.897635+05:30
366,2026-08-07,present,51,,,,36,9854,2026-09-21 13:42:20.897635+05:30,2026-09-21 13:42:20.897635+05:30
366,2026-08-08,present,51,,,,36,9855,2026-09-21 13:42:20.897635+05:30,2026-09-21 13:42:20.897635+05:30
366,2026-08-10,present,51,,,,36,9856,2026-09-21 13:42:20.897635+05:30,2026-09-21 13:42:20.897635+05:30
366,2026-08-12,present,51,,,,36,9857,2026-09-21 13:42:20.897635+05:30,2026-09-21 13:42:20.897635+05:30
366,2026-08-13,present,51,,,,36,9858,2026-09-21 13:42:20.897635+05:30,2026-09-21 13:42:20.897635+05:30
366,2026-08-14,present,51,,,,36,9859,2026-09-21 13:42:20.897635+05:30,2026-09-21 13:42:20.897635+05:30
366,2026-08-15,present,51,,,,36,9860,2026-09-21 13:42:20.897635+05:30,2026-09-21 13:42:20.897635+05:30
366,2026-08-17,present,51,,,,36,9861,2026-09-21 13:42:20.897635+05:30,2026-09-21 13:42:20.897635+05:30
366,2026-08-18,present,51,,,,36,9862,2026-09-21 13:42:20.897635+05:30,2026-09-21 13:42:20.897635+05:30
366,2026-08-19,present,51,,,,36,9863,2026-09-21 13:42:20.897635+05:30,2026-09-21 13:42:20.897635+05:30
366,2026-08-20,present,51,,,,36,9864,2026-09-21 13:42:20.897635+05:30,2026-09-21 13:42:20.897635+05:30
366,2026-08-21,present,51,,,,36,9865,2026-09-21 13:42:20.897635+05:30,2026-09-21 13:42:20.897635+05:30
366,2026-08-22,present,51,,,,36,9866,2026-09-21 13:42:20.897635+05:30,2026-09-21 13:42:20.897635+05:30
366,2026-08-24,present,51,,,,36,9867,2026-09-21 13:42:20.897635+05:30,2026-09-21 13:42:20.897635+05:30
366,2026-08-25,present,51,,,,36,9868,2026-09-21 13:42:20.897635+05:30,2026-09-21 13:42:20.897635+05:30
366,2026-08-26,present,51,,,,36,9869,2026-09-21 13:42:20.897635+05:30,2026-09-21 13:42:20.897635+05:30
366,2026-08-27,present,51,,,,36,9870,2026-09-21 13:42:20.897635+05:30,2026-09-21 13:42:20.897635+05:30
366,2026-08-28,present,51,,,,36,9871,2026-09-21 13:42:20.897635+05:30,2026-09-21 13:42:20.897635+05:30
366,2026-08-29,present,51,,,,36,9872,2026-09-21 13:42:20.897635+05:30,2026-09-21 13:42:20.897635+05:30
366,2026-08-31,present,51,,,,36,9873,2026-09-21 13:42:20.897635+05:30,2026-09-21 13:42:20.897635+05:30
366,2026-09-01,present,51,,,,36,9874,2026-09-21 13:42:20.897635+05:30,2026-09-21 13:42:20.897635+05:30
367,2026-06-24,leave,51,,,,36,9875,2026-09-21 13:42:20.897635+05:30,2026-09-21 13:42:20.897635+05:30
367,2026-06-25,present,51,,,,36,9876,2026-09-21 13:42:20.897635+05:30,2026-09-21 13:42:20.897635+05:30
367,2026-06-26,present,51,,,,36,9877,2026-09-21 13:42:20.897635+05:30,2026-09-21 13:42:20.897635+05:30
367,2026-06-27,present,51,,,,36,9878,2026-09-21 13:42:20.897635+05:30,2026-09-21 13:42:20.897635+05:30
367,2026-06-29,present,51,,,,36,9879,2026-09-21 13:42:20.897635+05:30,2026-09-21 13:42:20.897635+05:30
367,2026-06-30,present,51,,,,36,9880,2026-09-21 13:42:20.897635+05:30,2026-09-21 13:42:20.897635+05:30
367,2026-07-01,present,51,,,,36,9881,2026-09-21 13:42:20.897635+05:30,2026-09-21 13:42:20.897635+05:30
367,2026-07-02,present,51,,,,36,9882,2026-09-21 13:42:20.897635+05:30,2026-09-21 13:42:20.897635+05:30
367,2026-07-03,present,51,,,,36,9883,2026-09-21 13:42:20.897635+05:30,2026-09-21 13:42:20.897635+05:30
367,2026-07-04,present,51,,,,36,9884,2026-09-21 13:42:20.897635+05:30,2026-09-21 13:42:20.897635+05:30
367,2026-07-06,present,51,,,,36,9885,2026-09-21 13:42:20.897635+05:30,2026-09-21 13:42:20.897635+05:30
367,2026-07-07,present,51,,,,36,9886,2026-09-21 13:42:20.897635+05:30,2026-09-21 13:42:20.897635+05:30
367,2026-07-08,present,51,,,,36,9887,2026-09-21 13:42:20.897635+05:30,2026-09-21 13:42:20.897635+05:30
367,2026-07-09,leave,51,,,,36,9888,2026-09-21 13:42:20.897635+05:30,2026-09-21 13:42:20.897635+05:30
367,2026-07-10,present,51,,,,36,9889,2026-09-21 13:42:20.897635+05:30,2026-09-21 13:42:20.897635+05:30
367,2026-07-11,present,51,,,,36,9890,2026-09-21 13:42:20.897635+05:30,2026-09-21 13:42:20.897635+05:30
367,2026-07-13,present,51,,,,36,9891,2026-09-21 13:42:20.897635+05:30,2026-09-21 13:42:20.897635+05:30
367,2026-07-14,present,51,,,,36,9892,2026-09-21 13:42:20.897635+05:30,2026-09-21 13:42:20.897635+05:30
367,2026-07-15,present,51,,,,36,9893,2026-09-21 13:42:20.897635+05:30,2026-09-21 13:42:20.897635+05:30
367,2026-07-16,present,51,,,,36,9894,2026-09-21 13:42:20.897635+05:30,2026-09-21 13:42:20.897635+05:30
367,2026-07-17,present,51,,,,36,9895,2026-09-21 13:42:20.897635+05:30,2026-09-21 13:42:20.897635+05:30
367,2026-07-18,leave,51,,,,36,9896,2026-09-21 13:42:20.897635+05:30,2026-09-21 13:42:20.897635+05:30
367,2026-07-20,present,51,,,,36,9897,2026-09-21 13:42:20.897635+05:30,2026-09-21 13:42:20.897635+05:30
367,2026-07-21,present,51,,,,36,9898,2026-09-21 13:42:20.897635+05:30,2026-09-21 13:42:20.897635+05:30
367,2026-07-22,present,51,,,,36,9899,2026-09-21 13:42:20.897635+05:30,2026-09-21 13:42:20.897635+05:30
367,2026-07-24,present,51,,,,36,9900,2026-09-21 13:42:20.897635+05:30,2026-09-21 13:42:20.897635+05:30
367,2026-07-25,present,51,,,,36,9901,2026-09-21 13:42:20.897635+05:30,2026-09-21 13:42:20.897635+05:30
367,2026-07-27,present,51,,,,36,9902,2026-09-21 13:42:20.897635+05:30,2026-09-21 13:42:20.897635+05:30
367,2026-07-28,present,51,,,,36,9903,2026-09-21 13:42:20.897635+05:30,2026-09-21 13:42:20.897635+05:30
367,2026-07-29,present,51,,,,36,9904,2026-09-21 13:42:20.897635+05:30,2026-09-21 13:42:20.897635+05:30
367,2026-07-30,present,51,,,,36,9905,2026-09-21 13:42:20.897635+05:30,2026-09-21 13:42:20.897635+05:30
367,2026-07-31,present,51,,,,36,9906,2026-09-21 13:42:20.897635+05:30,2026-09-21 13:42:20.897635+05:30
367,2026-08-01,present,51,,,,36,9907,2026-09-21 13:42:20.897635+05:30,2026-09-21 13:42:20.897635+05:30
367,2026-08-03,present,51,,,,36,9908,2026-09-21 13:42:20.897635+05:30,2026-09-21 13:42:20.897635+05:30
367,2026-08-04,present,51,,,,36,9909,2026-09-21 13:42:20.897635+05:30,2026-09-21 13:42:20.897635+05:30
367,2026-08-05,present,51,,,,36,9910,2026-09-21 13:42:20.897635+05:30,2026-09-21 13:42:20.897635+05:30
367,2026-08-06,present,51,,,,36,9911,2026-09-21 13:42:20.897635+05:30,2026-09-21 13:42:20.897635+05:30
367,2026-08-07,present,51,,,,36,9912,2026-09-21 13:42:20.897635+05:30,2026-09-21 13:42:20.897635+05:30
367,2026-08-08,present,51,,,,36,9913,2026-09-21 13:42:20.897635+05:30,2026-09-21 13:42:20.897635+05:30
367,2026-08-10,present,51,,,,36,9914,2026-09-21 13:42:20.897635+05:30,2026-09-21 13:42:20.897635+05:30
367,2026-08-12,present,51,,,,36,9915,2026-09-21 13:42:20.897635+05:30,2026-09-21 13:42:20.897635+05:30
367,2026-08-13,present,51,,,,36,9916,2026-09-21 13:42:20.897635+05:30,2026-09-21 13:42:20.897635+05:30
367,2026-08-14,present,51,,,,36,9917,2026-09-21 13:42:20.897635+05:30,2026-09-21 13:42:20.897635+05:30
367,2026-08-15,present,51,,,,36,9918,2026-09-21 13:42:20.897635+05:30,2026-09-21 13:42:20.897635+05:30
367,2026-08-17,present,51,,,,36,9919,2026-09-21 13:42:20.897635+05:30,2026-09-21 13:42:20.897635+05:30
367,2026-08-18,present,51,,,,36,9920,2026-09-21 13:42:20.897635+05:30,2026-09-21 13:42:20.897635+05:30
367,2026-08-19,present,51,,,,36,9921,2026-09-21 13:42:20.897635+05:30,2026-09-21 13:42:20.897635+05:30
367,2026-08-20,present,51,,,,36,9922,2026-09-21 13:42:20.897635+05:30,2026-09-21 13:42:20.897635+05:30
367,2026-08-21,present,51,,,,36,9923,2026-09-21 13:42:20.897635+05:30,2026-09-21 13:42:20.897635+05:30
367,2026-08-22,present,51,,,,36,9924,2026-09-21 13:42:20.897635+05:30,2026-09-21 13:42:20.897635+05:30
367,2026-08-24,present,51,,,,36,9925,2026-09-21 13:42:20.897635+05:30,2026-09-21 13:42:20.897635+05:30
367,2026-08-25,present,51,,,,36,9926,2026-09-21 13:42:20.897635+05:30,2026-09-21 13:42:20.897635+05:30
367,2026-08-26,present,51,,,,36,9927,2026-09-21 13:42:20.897635+05:30,2026-09-21 13:42:20.897635+05:30
367,2026-08-27,absent,51,,,,36,9928,2026-09-21 13:42:20.897635+05:30,2026-09-21 13:42:20.897635+05:30
367,2026-08-28,present,51,,,,36,9929,2026-09-21 13:42:20.897635+05:30,2026-09-21 13:42:20.897635+05:30
367,2026-08-29,present,51,,,,36,9930,2026-09-21 13:42:20.897635+05:30,2026-09-21 13:42:20.897635+05:30
367,2026-08-31,present,51,,,,36,9931,2026-09-21 13:42:20.897635+05:30,2026-09-21 13:42:20.897635+05:30
367,2026-09-01,present,51,,,,36,9932,2026-09-21 13:42:20.897635+05:30,2026-09-21 13:42:20.897635+05:30
368,2026-06-24,present,52,,,,36,9933,2026-09-21 13:42:20.897635+05:30,2026-09-21 13:42:20.897635+05:30
368,2026-06-25,present,52,,,,36,9934,2026-09-21 13:42:20.897635+05:30,2026-09-21 13:42:20.897635+05:30
368,2026-06-26,present,52,,,,36,9935,2026-09-21 13:42:20.897635+05:30,2026-09-21 13:42:20.897635+05:30
368,2026-06-27,present,52,,,,36,9936,2026-09-21 13:42:20.897635+05:30,2026-09-21 13:42:20.897635+05:30
368,2026-06-29,present,52,,,,36,9937,2026-09-21 13:42:20.897635+05:30,2026-09-21 13:42:20.897635+05:30
368,2026-06-30,present,52,,,,36,9938,2026-09-21 13:42:20.897635+05:30,2026-09-21 13:42:20.897635+05:30
368,2026-07-01,present,52,,,,36,9939,2026-09-21 13:42:20.897635+05:30,2026-09-21 13:42:20.897635+05:30
368,2026-07-02,present,52,,,,36,9940,2026-09-21 13:42:20.897635+05:30,2026-09-21 13:42:20.897635+05:30
368,2026-07-03,absent,52,,,,36,9941,2026-09-21 13:42:20.897635+05:30,2026-09-21 13:42:20.897635+05:30
368,2026-07-04,present,52,,,,36,9942,2026-09-21 13:42:20.897635+05:30,2026-09-21 13:42:20.897635+05:30
368,2026-07-06,present,52,,,,36,9943,2026-09-21 13:42:20.897635+05:30,2026-09-21 13:42:20.897635+05:30
368,2026-07-07,absent,52,,,,36,9944,2026-09-21 13:42:20.897635+05:30,2026-09-21 13:42:20.897635+05:30
368,2026-07-08,present,52,,,,36,9945,2026-09-21 13:42:20.897635+05:30,2026-09-21 13:42:20.897635+05:30
368,2026-07-09,present,52,,,,36,9946,2026-09-21 13:42:20.897635+05:30,2026-09-21 13:42:20.897635+05:30
368,2026-07-10,present,52,,,,36,9947,2026-09-21 13:42:20.897635+05:30,2026-09-21 13:42:20.897635+05:30
368,2026-07-11,present,52,,,,36,9948,2026-09-21 13:42:20.897635+05:30,2026-09-21 13:42:20.897635+05:30
368,2026-07-13,present,52,,,,36,9949,2026-09-21 13:42:20.897635+05:30,2026-09-21 13:42:20.897635+05:30
368,2026-07-14,present,52,,,,36,9950,2026-09-21 13:42:20.897635+05:30,2026-09-21 13:42:20.897635+05:30
368,2026-07-15,present,52,,,,36,9951,2026-09-21 13:42:20.897635+05:30,2026-09-21 13:42:20.897635+05:30
368,2026-07-16,present,52,,,,36,9952,2026-09-21 13:42:20.897635+05:30,2026-09-21 13:42:20.897635+05:30
368,2026-07-17,present,52,,,,36,9953,2026-09-21 13:42:20.897635+05:30,2026-09-21 13:42:20.897635+05:30
368,2026-07-18,absent,52,,,,36,9954,2026-09-21 13:42:20.897635+05:30,2026-09-21 13:42:20.897635+05:30
368,2026-07-20,present,52,,,,36,9955,2026-09-21 13:42:20.897635+05:30,2026-09-21 13:42:20.897635+05:30
368,2026-07-21,present,52,,,,36,9956,2026-09-21 13:42:20.897635+05:30,2026-09-21 13:42:20.897635+05:30
368,2026-07-22,present,52,,,,36,9957,2026-09-21 13:42:20.897635+05:30,2026-09-21 13:42:20.897635+05:30
368,2026-07-24,present,52,,,,36,9958,2026-09-21 13:42:20.897635+05:30,2026-09-21 13:42:20.897635+05:30
368,2026-07-25,present,52,,,,36,9959,2026-09-21 13:42:20.897635+05:30,2026-09-21 13:42:20.897635+05:30
368,2026-07-27,present,52,,,,36,9960,2026-09-21 13:42:20.897635+05:30,2026-09-21 13:42:20.897635+05:30
368,2026-07-28,present,52,,,,36,9961,2026-09-21 13:42:20.897635+05:30,2026-09-21 13:42:20.897635+05:30
368,2026-07-29,present,52,,,,36,9962,2026-09-21 13:42:20.897635+05:30,2026-09-21 13:42:20.897635+05:30
368,2026-07-30,absent,52,,,,36,9963,2026-09-21 13:42:20.897635+05:30,2026-09-21 13:42:20.897635+05:30
368,2026-07-31,present,52,,,,36,9964,2026-09-21 13:42:20.897635+05:30,2026-09-21 13:42:20.897635+05:30
368,2026-08-01,present,52,,,,36,9965,2026-09-21 13:42:20.897635+05:30,2026-09-21 13:42:20.897635+05:30
368,2026-08-03,present,52,,,,36,9966,2026-09-21 13:42:20.897635+05:30,2026-09-21 13:42:20.897635+05:30
368,2026-08-04,present,52,,,,36,9967,2026-09-21 13:42:20.897635+05:30,2026-09-21 13:42:20.897635+05:30
368,2026-08-05,present,52,,,,36,9968,2026-09-21 13:42:20.897635+05:30,2026-09-21 13:42:20.897635+05:30
368,2026-08-06,present,52,,,,36,9969,2026-09-21 13:42:20.897635+05:30,2026-09-21 13:42:20.897635+05:30
368,2026-08-07,present,52,,,,36,9970,2026-09-21 13:42:20.897635+05:30,2026-09-21 13:42:20.897635+05:30
368,2026-08-08,present,52,,,,36,9971,2026-09-21 13:42:20.897635+05:30,2026-09-21 13:42:20.897635+05:30
368,2026-08-10,present,52,,,,36,9972,2026-09-21 13:42:20.897635+05:30,2026-09-21 13:42:20.897635+05:30
368,2026-08-12,present,52,,,,36,9973,2026-09-21 13:42:20.897635+05:30,2026-09-21 13:42:20.897635+05:30
368,2026-08-13,present,52,,,,36,9974,2026-09-21 13:42:20.897635+05:30,2026-09-21 13:42:20.897635+05:30
368,2026-08-14,present,52,,,,36,9975,2026-09-21 13:42:20.897635+05:30,2026-09-21 13:42:20.897635+05:30
368,2026-08-15,present,52,,,,36,9976,2026-09-21 13:42:20.897635+05:30,2026-09-21 13:42:20.897635+05:30
368,2026-08-17,present,52,,,,36,9977,2026-09-21 13:42:20.897635+05:30,2026-09-21 13:42:20.897635+05:30
368,2026-08-18,present,52,,,,36,9978,2026-09-21 13:42:20.897635+05:30,2026-09-21 13:42:20.897635+05:30
368,2026-08-19,present,52,,,,36,9979,2026-09-21 13:42:20.897635+05:30,2026-09-21 13:42:20.897635+05:30
368,2026-08-20,present,52,,,,36,9980,2026-09-21 13:42:20.897635+05:30,2026-09-21 13:42:20.897635+05:30
368,2026-08-21,present,52,,,,36,9981,2026-09-21 13:42:20.897635+05:30,2026-09-21 13:42:20.897635+05:30
368,2026-08-22,present,52,,,,36,9982,2026-09-21 13:42:20.897635+05:30,2026-09-21 13:42:20.897635+05:30
368,2026-08-24,present,52,,,,36,9983,2026-09-21 13:42:20.897635+05:30,2026-09-21 13:42:20.897635+05:30
368,2026-08-25,present,52,,,,36,9984,2026-09-21 13:42:20.897635+05:30,2026-09-21 13:42:20.897635+05:30
368,2026-08-26,present,52,,,,36,9985,2026-09-21 13:42:20.897635+05:30,2026-09-21 13:42:20.897635+05:30
368,2026-08-27,present,52,,,,36,9986,2026-09-21 13:42:20.897635+05:30,2026-09-21 13:42:20.897635+05:30
368,2026-08-28,present,52,,,,36,9987,2026-09-21 13:42:20.897635+05:30,2026-09-21 13:42:20.897635+05:30
368,2026-08-29,present,52,,,,36,9988,2026-09-21 13:42:20.897635+05:30,2026-09-21 13:42:20.897635+05:30
368,2026-08-31,present,52,,,,36,9989,2026-09-21 13:42:20.897635+05:30,2026-09-21 13:42:20.897635+05:30
368,2026-09-01,present,52,,,,36,9990,2026-09-21 13:42:20.897635+05:30,2026-09-21 13:42:20.897635+05:30
369,2026-06-24,present,52,,,,36,9991,2026-09-21 13:42:20.897635+05:30,2026-09-21 13:42:20.897635+05:30
369,2026-06-25,present,52,,,,36,9992,2026-09-21 13:42:20.897635+05:30,2026-09-21 13:42:20.897635+05:30
369,2026-06-26,present,52,,,,36,9993,2026-09-21 13:42:20.897635+05:30,2026-09-21 13:42:20.897635+05:30
369,2026-06-27,present,52,,,,36,9994,2026-09-21 13:42:20.897635+05:30,2026-09-21 13:42:20.897635+05:30
369,2026-06-29,absent,52,,,,36,9995,2026-09-21 13:42:20.897635+05:30,2026-09-21 13:42:20.897635+05:30
369,2026-06-30,present,52,,,,36,9996,2026-09-21 13:42:20.897635+05:30,2026-09-21 13:42:20.897635+05:30
369,2026-07-01,present,52,,,,36,9997,2026-09-21 13:42:20.897635+05:30,2026-09-21 13:42:20.897635+05:30
369,2026-07-02,present,52,,,,36,9998,2026-09-21 13:42:20.897635+05:30,2026-09-21 13:42:20.897635+05:30
369,2026-07-03,present,52,,,,36,9999,2026-09-21 13:42:20.897635+05:30,2026-09-21 13:42:20.897635+05:30
369,2026-07-04,present,52,,,,36,10000,2026-09-21 13:42:20.897635+05:30,2026-09-21 13:42:20.897635+05:30
369,2026-07-06,absent,52,,,,36,10001,2026-09-21 13:42:20.897635+05:30,2026-09-21 13:42:20.897635+05:30
369,2026-07-07,present,52,,,,36,10002,2026-09-21 13:42:20.897635+05:30,2026-09-21 13:42:20.897635+05:30
369,2026-07-08,present,52,,,,36,10003,2026-09-21 13:42:20.897635+05:30,2026-09-21 13:42:20.897635+05:30
369,2026-07-09,present,52,,,,36,10004,2026-09-21 13:42:20.897635+05:30,2026-09-21 13:42:20.897635+05:30
369,2026-07-10,present,52,,,,36,10005,2026-09-21 13:42:20.897635+05:30,2026-09-21 13:42:20.897635+05:30
369,2026-07-11,present,52,,,,36,10006,2026-09-21 13:42:20.897635+05:30,2026-09-21 13:42:20.897635+05:30
369,2026-07-13,present,52,,,,36,10007,2026-09-21 13:42:20.897635+05:30,2026-09-21 13:42:20.897635+05:30
369,2026-07-14,present,52,,,,36,10008,2026-09-21 13:42:20.897635+05:30,2026-09-21 13:42:20.897635+05:30
369,2026-07-15,present,52,,,,36,10009,2026-09-21 13:42:20.897635+05:30,2026-09-21 13:42:20.897635+05:30
369,2026-07-16,present,52,,,,36,10010,2026-09-21 13:42:20.897635+05:30,2026-09-21 13:42:20.897635+05:30
369,2026-07-17,present,52,,,,36,10011,2026-09-21 13:42:20.897635+05:30,2026-09-21 13:42:20.897635+05:30
369,2026-07-18,present,52,,,,36,10012,2026-09-21 13:42:20.897635+05:30,2026-09-21 13:42:20.897635+05:30
369,2026-07-20,present,52,,,,36,10013,2026-09-21 13:42:20.897635+05:30,2026-09-21 13:42:20.897635+05:30
369,2026-07-21,present,52,,,,36,10014,2026-09-21 13:42:20.897635+05:30,2026-09-21 13:42:20.897635+05:30
369,2026-07-22,present,52,,,,36,10015,2026-09-21 13:42:20.897635+05:30,2026-09-21 13:42:20.897635+05:30
369,2026-07-24,present,52,,,,36,10016,2026-09-21 13:42:20.897635+05:30,2026-09-21 13:42:20.897635+05:30
369,2026-07-25,present,52,,,,36,10017,2026-09-21 13:42:20.897635+05:30,2026-09-21 13:42:20.897635+05:30
369,2026-07-27,present,52,,,,36,10018,2026-09-21 13:42:20.897635+05:30,2026-09-21 13:42:20.897635+05:30
369,2026-07-28,present,52,,,,36,10019,2026-09-21 13:42:20.897635+05:30,2026-09-21 13:42:20.897635+05:30
369,2026-07-29,present,52,,,,36,10020,2026-09-21 13:42:20.897635+05:30,2026-09-21 13:42:20.897635+05:30
369,2026-07-30,present,52,,,,36,10021,2026-09-21 13:42:20.897635+05:30,2026-09-21 13:42:20.897635+05:30
369,2026-07-31,present,52,,,,36,10022,2026-09-21 13:42:20.897635+05:30,2026-09-21 13:42:20.897635+05:30
369,2026-08-01,absent,52,,,,36,10023,2026-09-21 13:42:20.897635+05:30,2026-09-21 13:42:20.897635+05:30
369,2026-08-03,present,52,,,,36,10024,2026-09-21 13:42:20.897635+05:30,2026-09-21 13:42:20.897635+05:30
369,2026-08-04,present,52,,,,36,10025,2026-09-21 13:42:20.897635+05:30,2026-09-21 13:42:20.897635+05:30
369,2026-08-05,present,52,,,,36,10026,2026-09-21 13:42:20.897635+05:30,2026-09-21 13:42:20.897635+05:30
369,2026-08-06,present,52,,,,36,10027,2026-09-21 13:42:20.897635+05:30,2026-09-21 13:42:20.897635+05:30
369,2026-08-07,present,52,,,,36,10028,2026-09-21 13:42:20.897635+05:30,2026-09-21 13:42:20.897635+05:30
369,2026-08-08,present,52,,,,36,10029,2026-09-21 13:42:20.897635+05:30,2026-09-21 13:42:20.897635+05:30
369,2026-08-10,present,52,,,,36,10030,2026-09-21 13:42:20.897635+05:30,2026-09-21 13:42:20.897635+05:30
369,2026-08-12,present,52,,,,36,10031,2026-09-21 13:42:20.897635+05:30,2026-09-21 13:42:20.897635+05:30
369,2026-08-13,present,52,,,,36,10032,2026-09-21 13:42:20.897635+05:30,2026-09-21 13:42:20.897635+05:30
369,2026-08-14,present,52,,,,36,10033,2026-09-21 13:42:20.897635+05:30,2026-09-21 13:42:20.897635+05:30
369,2026-08-15,present,52,,,,36,10034,2026-09-21 13:42:20.897635+05:30,2026-09-21 13:42:20.897635+05:30
369,2026-08-17,present,52,,,,36,10035,2026-09-21 13:42:20.897635+05:30,2026-09-21 13:42:20.897635+05:30
369,2026-08-18,present,52,,,,36,10036,2026-09-21 13:42:20.897635+05:30,2026-09-21 13:42:20.897635+05:30
369,2026-08-19,present,52,,,,36,10037,2026-09-21 13:42:20.897635+05:30,2026-09-21 13:42:20.897635+05:30
369,2026-08-20,absent,52,,,,36,10038,2026-09-21 13:42:20.897635+05:30,2026-09-21 13:42:20.897635+05:30
369,2026-08-21,present,52,,,,36,10039,2026-09-21 13:42:20.897635+05:30,2026-09-21 13:42:20.897635+05:30
369,2026-08-22,present,52,,,,36,10040,2026-09-21 13:42:20.897635+05:30,2026-09-21 13:42:20.897635+05:30
369,2026-08-24,present,52,,,,36,10041,2026-09-21 13:42:20.897635+05:30,2026-09-21 13:42:20.897635+05:30
369,2026-08-25,present,52,,,,36,10042,2026-09-21 13:42:20.897635+05:30,2026-09-21 13:42:20.897635+05:30
369,2026-08-26,absent,52,,,,36,10043,2026-09-21 13:42:20.897635+05:30,2026-09-21 13:42:20.897635+05:30
369,2026-08-27,present,52,,,,36,10044,2026-09-21 13:42:20.897635+05:30,2026-09-21 13:42:20.897635+05:30
369,2026-08-28,present,52,,,,36,10045,2026-09-21 13:42:20.897635+05:30,2026-09-21 13:42:20.897635+05:30
369,2026-08-29,present,52,,,,36,10046,2026-09-21 13:42:20.897635+05:30,2026-09-21 13:42:20.897635+05:30
369,2026-08-31,present,52,,,,36,10047,2026-09-21 13:42:20.897635+05:30,2026-09-21 13:42:20.897635+05:30
369,2026-09-01,present,52,,,,36,10048,2026-09-21 13:42:20.897635+05:30,2026-09-21 13:42:20.897635+05:30
370,2026-06-24,absent,52,,,,36,10049,2026-09-21 13:42:20.897635+05:30,2026-09-21 13:42:20.897635+05:30
370,2026-06-25,present,52,,,,36,10050,2026-09-21 13:42:20.897635+05:30,2026-09-21 13:42:20.897635+05:30
370,2026-06-26,absent,52,,,,36,10051,2026-09-21 13:42:20.897635+05:30,2026-09-21 13:42:20.897635+05:30
370,2026-06-27,present,52,,,,36,10052,2026-09-21 13:42:20.897635+05:30,2026-09-21 13:42:20.897635+05:30
370,2026-06-29,present,52,,,,36,10053,2026-09-21 13:42:20.897635+05:30,2026-09-21 13:42:20.897635+05:30
370,2026-06-30,present,52,,,,36,10054,2026-09-21 13:42:20.897635+05:30,2026-09-21 13:42:20.897635+05:30
370,2026-07-01,present,52,,,,36,10055,2026-09-21 13:42:20.897635+05:30,2026-09-21 13:42:20.897635+05:30
370,2026-07-02,present,52,,,,36,10056,2026-09-21 13:42:20.897635+05:30,2026-09-21 13:42:20.897635+05:30
370,2026-07-03,present,52,,,,36,10057,2026-09-21 13:42:20.897635+05:30,2026-09-21 13:42:20.897635+05:30
370,2026-07-04,present,52,,,,36,10058,2026-09-21 13:42:20.897635+05:30,2026-09-21 13:42:20.897635+05:30
370,2026-07-06,present,52,,,,36,10059,2026-09-21 13:42:20.897635+05:30,2026-09-21 13:42:20.897635+05:30
370,2026-07-07,present,52,,,,36,10060,2026-09-21 13:42:20.897635+05:30,2026-09-21 13:42:20.897635+05:30
370,2026-07-08,present,52,,,,36,10061,2026-09-21 13:42:20.897635+05:30,2026-09-21 13:42:20.897635+05:30
370,2026-07-09,present,52,,,,36,10062,2026-09-21 13:42:20.897635+05:30,2026-09-21 13:42:20.897635+05:30
370,2026-07-10,present,52,,,,36,10063,2026-09-21 13:42:20.897635+05:30,2026-09-21 13:42:20.897635+05:30
370,2026-07-11,present,52,,,,36,10064,2026-09-21 13:42:20.897635+05:30,2026-09-21 13:42:20.897635+05:30
370,2026-07-13,present,52,,,,36,10065,2026-09-21 13:42:20.897635+05:30,2026-09-21 13:42:20.897635+05:30
370,2026-07-14,present,52,,,,36,10066,2026-09-21 13:42:20.897635+05:30,2026-09-21 13:42:20.897635+05:30
370,2026-07-15,leave,52,,,,36,10067,2026-09-21 13:42:20.897635+05:30,2026-09-21 13:42:20.897635+05:30
370,2026-07-16,present,52,,,,36,10068,2026-09-21 13:42:20.897635+05:30,2026-09-21 13:42:20.897635+05:30
370,2026-07-17,present,52,,,,36,10069,2026-09-21 13:42:20.897635+05:30,2026-09-21 13:42:20.897635+05:30
370,2026-07-18,absent,52,,,,36,10070,2026-09-21 13:42:20.897635+05:30,2026-09-21 13:42:20.897635+05:30
370,2026-07-20,present,52,,,,36,10071,2026-09-21 13:42:20.897635+05:30,2026-09-21 13:42:20.897635+05:30
370,2026-07-21,present,52,,,,36,10072,2026-09-21 13:42:20.897635+05:30,2026-09-21 13:42:20.897635+05:30
370,2026-07-22,absent,52,,,,36,10073,2026-09-21 13:42:20.897635+05:30,2026-09-21 13:42:20.897635+05:30
370,2026-07-24,present,52,,,,36,10074,2026-09-21 13:42:20.897635+05:30,2026-09-21 13:42:20.897635+05:30
370,2026-07-25,present,52,,,,36,10075,2026-09-21 13:42:20.897635+05:30,2026-09-21 13:42:20.897635+05:30
370,2026-07-27,present,52,,,,36,10076,2026-09-21 13:42:20.897635+05:30,2026-09-21 13:42:20.897635+05:30
370,2026-07-28,present,52,,,,36,10077,2026-09-21 13:42:20.897635+05:30,2026-09-21 13:42:20.897635+05:30
370,2026-07-29,present,52,,,,36,10078,2026-09-21 13:42:20.897635+05:30,2026-09-21 13:42:20.897635+05:30
370,2026-07-30,present,52,,,,36,10079,2026-09-21 13:42:20.897635+05:30,2026-09-21 13:42:20.897635+05:30
370,2026-07-31,present,52,,,,36,10080,2026-09-21 13:42:20.897635+05:30,2026-09-21 13:42:20.897635+05:30
370,2026-08-01,present,52,,,,36,10081,2026-09-21 13:42:20.897635+05:30,2026-09-21 13:42:20.897635+05:30
370,2026-08-03,present,52,,,,36,10082,2026-09-21 13:42:20.897635+05:30,2026-09-21 13:42:20.897635+05:30
370,2026-08-04,present,52,,,,36,10083,2026-09-21 13:42:20.897635+05:30,2026-09-21 13:42:20.897635+05:30
370,2026-08-05,present,52,,,,36,10084,2026-09-21 13:42:20.897635+05:30,2026-09-21 13:42:20.897635+05:30
370,2026-08-06,present,52,,,,36,10085,2026-09-21 13:42:20.897635+05:30,2026-09-21 13:42:20.897635+05:30
370,2026-08-07,present,52,,,,36,10086,2026-09-21 13:42:20.897635+05:30,2026-09-21 13:42:20.897635+05:30
370,2026-08-08,absent,52,,,,36,10087,2026-09-21 13:42:20.897635+05:30,2026-09-21 13:42:20.897635+05:30
370,2026-08-10,present,52,,,,36,10088,2026-09-21 13:42:20.897635+05:30,2026-09-21 13:42:20.897635+05:30
370,2026-08-12,present,52,,,,36,10089,2026-09-21 13:42:20.897635+05:30,2026-09-21 13:42:20.897635+05:30
370,2026-08-13,present,52,,,,36,10090,2026-09-21 13:42:20.897635+05:30,2026-09-21 13:42:20.897635+05:30
370,2026-08-14,present,52,,,,36,10091,2026-09-21 13:42:20.897635+05:30,2026-09-21 13:42:20.897635+05:30
370,2026-08-15,present,52,,,,36,10092,2026-09-21 13:42:20.897635+05:30,2026-09-21 13:42:20.897635+05:30
370,2026-08-17,present,52,,,,36,10093,2026-09-21 13:42:20.897635+05:30,2026-09-21 13:42:20.897635+05:30
370,2026-08-18,present,52,,,,36,10094,2026-09-21 13:42:20.897635+05:30,2026-09-21 13:42:20.897635+05:30
370,2026-08-19,present,52,,,,36,10095,2026-09-21 13:42:20.897635+05:30,2026-09-21 13:42:20.897635+05:30
370,2026-08-20,leave,52,,,,36,10096,2026-09-21 13:42:20.897635+05:30,2026-09-21 13:42:20.897635+05:30
370,2026-08-21,present,52,,,,36,10097,2026-09-21 13:42:20.897635+05:30,2026-09-21 13:42:20.897635+05:30
370,2026-08-22,present,52,,,,36,10098,2026-09-21 13:42:20.897635+05:30,2026-09-21 13:42:20.897635+05:30
370,2026-08-24,absent,52,,,,36,10099,2026-09-21 13:42:20.897635+05:30,2026-09-21 13:42:20.897635+05:30
370,2026-08-25,present,52,,,,36,10100,2026-09-21 13:42:20.897635+05:30,2026-09-21 13:42:20.897635+05:30
370,2026-08-26,present,52,,,,36,10101,2026-09-21 13:42:20.897635+05:30,2026-09-21 13:42:20.897635+05:30
370,2026-08-27,present,52,,,,36,10102,2026-09-21 13:42:20.897635+05:30,2026-09-21 13:42:20.897635+05:30
370,2026-08-28,present,52,,,,36,10103,2026-09-21 13:42:20.897635+05:30,2026-09-21 13:42:20.897635+05:30
370,2026-08-29,present,52,,,,36,10104,2026-09-21 13:42:20.897635+05:30,2026-09-21 13:42:20.897635+05:30
370,2026-08-31,present,52,,,,36,10105,2026-09-21 13:42:20.897635+05:30,2026-09-21 13:42:20.897635+05:30
370,2026-09-01,present,52,,,,36,10106,2026-09-21 13:42:20.897635+05:30,2026-09-21 13:42:20.897635+05:30
371,2026-06-24,present,52,,,,36,10107,2026-09-21 13:42:20.897635+05:30,2026-09-21 13:42:20.897635+05:30
371,2026-06-25,leave,52,,,,36,10108,2026-09-21 13:42:20.897635+05:30,2026-09-21 13:42:20.897635+05:30
371,2026-06-26,present,52,,,,36,10109,2026-09-21 13:42:20.897635+05:30,2026-09-21 13:42:20.897635+05:30
371,2026-06-27,present,52,,,,36,10110,2026-09-21 13:42:20.897635+05:30,2026-09-21 13:42:20.897635+05:30
371,2026-06-29,present,52,,,,36,10111,2026-09-21 13:42:20.897635+05:30,2026-09-21 13:42:20.897635+05:30
371,2026-06-30,present,52,,,,36,10112,2026-09-21 13:42:20.897635+05:30,2026-09-21 13:42:20.897635+05:30
371,2026-07-01,present,52,,,,36,10113,2026-09-21 13:42:20.897635+05:30,2026-09-21 13:42:20.897635+05:30
371,2026-07-02,present,52,,,,36,10114,2026-09-21 13:42:20.897635+05:30,2026-09-21 13:42:20.897635+05:30
371,2026-07-03,present,52,,,,36,10115,2026-09-21 13:42:20.897635+05:30,2026-09-21 13:42:20.897635+05:30
371,2026-07-04,present,52,,,,36,10116,2026-09-21 13:42:20.897635+05:30,2026-09-21 13:42:20.897635+05:30
371,2026-07-06,present,52,,,,36,10117,2026-09-21 13:42:20.897635+05:30,2026-09-21 13:42:20.897635+05:30
371,2026-07-07,present,52,,,,36,10118,2026-09-21 13:42:20.897635+05:30,2026-09-21 13:42:20.897635+05:30
371,2026-07-08,leave,52,,,,36,10119,2026-09-21 13:42:20.897635+05:30,2026-09-21 13:42:20.897635+05:30
371,2026-07-09,present,52,,,,36,10120,2026-09-21 13:42:20.897635+05:30,2026-09-21 13:42:20.897635+05:30
371,2026-07-10,present,52,,,,36,10121,2026-09-21 13:42:20.897635+05:30,2026-09-21 13:42:20.897635+05:30
371,2026-07-11,present,52,,,,36,10122,2026-09-21 13:42:20.897635+05:30,2026-09-21 13:42:20.897635+05:30
371,2026-07-13,present,52,,,,36,10123,2026-09-21 13:42:20.897635+05:30,2026-09-21 13:42:20.897635+05:30
371,2026-07-14,present,52,,,,36,10124,2026-09-21 13:42:20.897635+05:30,2026-09-21 13:42:20.897635+05:30
371,2026-07-15,absent,52,,,,36,10125,2026-09-21 13:42:20.897635+05:30,2026-09-21 13:42:20.897635+05:30
371,2026-07-16,present,52,,,,36,10126,2026-09-21 13:42:20.897635+05:30,2026-09-21 13:42:20.897635+05:30
371,2026-07-17,present,52,,,,36,10127,2026-09-21 13:42:20.897635+05:30,2026-09-21 13:42:20.897635+05:30
371,2026-07-18,present,52,,,,36,10128,2026-09-21 13:42:20.897635+05:30,2026-09-21 13:42:20.897635+05:30
371,2026-07-20,present,52,,,,36,10129,2026-09-21 13:42:20.897635+05:30,2026-09-21 13:42:20.897635+05:30
371,2026-07-21,present,52,,,,36,10130,2026-09-21 13:42:20.897635+05:30,2026-09-21 13:42:20.897635+05:30
371,2026-07-22,present,52,,,,36,10131,2026-09-21 13:42:20.897635+05:30,2026-09-21 13:42:20.897635+05:30
371,2026-07-24,present,52,,,,36,10132,2026-09-21 13:42:20.897635+05:30,2026-09-21 13:42:20.897635+05:30
371,2026-07-25,present,52,,,,36,10133,2026-09-21 13:42:20.897635+05:30,2026-09-21 13:42:20.897635+05:30
371,2026-07-27,present,52,,,,36,10134,2026-09-21 13:42:20.897635+05:30,2026-09-21 13:42:20.897635+05:30
371,2026-07-28,present,52,,,,36,10135,2026-09-21 13:42:20.897635+05:30,2026-09-21 13:42:20.897635+05:30
371,2026-07-29,present,52,,,,36,10136,2026-09-21 13:42:20.897635+05:30,2026-09-21 13:42:20.897635+05:30
371,2026-07-30,present,52,,,,36,10137,2026-09-21 13:42:20.897635+05:30,2026-09-21 13:42:20.897635+05:30
371,2026-07-31,present,52,,,,36,10138,2026-09-21 13:42:20.897635+05:30,2026-09-21 13:42:20.897635+05:30
371,2026-08-01,present,52,,,,36,10139,2026-09-21 13:42:20.897635+05:30,2026-09-21 13:42:20.897635+05:30
371,2026-08-03,present,52,,,,36,10140,2026-09-21 13:42:20.897635+05:30,2026-09-21 13:42:20.897635+05:30
371,2026-08-04,present,52,,,,36,10141,2026-09-21 13:42:20.897635+05:30,2026-09-21 13:42:20.897635+05:30
371,2026-08-05,present,52,,,,36,10142,2026-09-21 13:42:20.897635+05:30,2026-09-21 13:42:20.897635+05:30
371,2026-08-06,present,52,,,,36,10143,2026-09-21 13:42:20.897635+05:30,2026-09-21 13:42:20.897635+05:30
371,2026-08-07,present,52,,,,36,10144,2026-09-21 13:42:20.897635+05:30,2026-09-21 13:42:20.897635+05:30
371,2026-08-08,present,52,,,,36,10145,2026-09-21 13:42:20.897635+05:30,2026-09-21 13:42:20.897635+05:30
371,2026-08-10,present,52,,,,36,10146,2026-09-21 13:42:20.897635+05:30,2026-09-21 13:42:20.897635+05:30
371,2026-08-12,present,52,,,,36,10147,2026-09-21 13:42:20.897635+05:30,2026-09-21 13:42:20.897635+05:30
371,2026-08-13,present,52,,,,36,10148,2026-09-21 13:42:20.897635+05:30,2026-09-21 13:42:20.897635+05:30
371,2026-08-14,present,52,,,,36,10149,2026-09-21 13:42:20.897635+05:30,2026-09-21 13:42:20.897635+05:30
371,2026-08-15,present,52,,,,36,10150,2026-09-21 13:42:20.897635+05:30,2026-09-21 13:42:20.897635+05:30
371,2026-08-17,present,52,,,,36,10151,2026-09-21 13:42:20.897635+05:30,2026-09-21 13:42:20.897635+05:30
371,2026-08-18,present,52,,,,36,10152,2026-09-21 13:42:20.897635+05:30,2026-09-21 13:42:20.897635+05:30
371,2026-08-19,present,52,,,,36,10153,2026-09-21 13:42:20.897635+05:30,2026-09-21 13:42:20.897635+05:30
371,2026-08-20,present,52,,,,36,10154,2026-09-21 13:42:20.897635+05:30,2026-09-21 13:42:20.897635+05:30
371,2026-08-21,present,52,,,,36,10155,2026-09-21 13:42:20.897635+05:30,2026-09-21 13:42:20.897635+05:30
371,2026-08-22,present,52,,,,36,10156,2026-09-21 13:42:20.897635+05:30,2026-09-21 13:42:20.897635+05:30
371,2026-08-24,present,52,,,,36,10157,2026-09-21 13:42:20.897635+05:30,2026-09-21 13:42:20.897635+05:30
371,2026-08-25,present,52,,,,36,10158,2026-09-21 13:42:20.897635+05:30,2026-09-21 13:42:20.897635+05:30
371,2026-08-26,present,52,,,,36,10159,2026-09-21 13:42:20.897635+05:30,2026-09-21 13:42:20.897635+05:30
371,2026-08-27,present,52,,,,36,10160,2026-09-21 13:42:20.897635+05:30,2026-09-21 13:42:20.897635+05:30
371,2026-08-28,present,52,,,,36,10161,2026-09-21 13:42:20.897635+05:30,2026-09-21 13:42:20.897635+05:30
371,2026-08-29,present,52,,,,36,10162,2026-09-21 13:42:20.897635+05:30,2026-09-21 13:42:20.897635+05:30
371,2026-08-31,present,52,,,,36,10163,2026-09-21 13:42:20.897635+05:30,2026-09-21 13:42:20.897635+05:30
371,2026-09-01,present,52,,,,36,10164,2026-09-21 13:42:20.897635+05:30,2026-09-21 13:42:20.897635+05:30
372,2026-06-24,present,52,,,,36,10165,2026-09-21 13:42:20.897635+05:30,2026-09-21 13:42:20.897635+05:30
372,2026-06-25,present,52,,,,36,10166,2026-09-21 13:42:20.897635+05:30,2026-09-21 13:42:20.897635+05:30
372,2026-06-26,present,52,,,,36,10167,2026-09-21 13:42:20.897635+05:30,2026-09-21 13:42:20.897635+05:30
372,2026-06-27,present,52,,,,36,10168,2026-09-21 13:42:20.897635+05:30,2026-09-21 13:42:20.897635+05:30
372,2026-06-29,present,52,,,,36,10169,2026-09-21 13:42:20.897635+05:30,2026-09-21 13:42:20.897635+05:30
372,2026-06-30,present,52,,,,36,10170,2026-09-21 13:42:20.897635+05:30,2026-09-21 13:42:20.897635+05:30
372,2026-07-01,absent,52,,,,36,10171,2026-09-21 13:42:20.897635+05:30,2026-09-21 13:42:20.897635+05:30
372,2026-07-02,present,52,,,,36,10172,2026-09-21 13:42:20.897635+05:30,2026-09-21 13:42:20.897635+05:30
372,2026-07-03,present,52,,,,36,10173,2026-09-21 13:42:20.897635+05:30,2026-09-21 13:42:20.897635+05:30
372,2026-07-04,present,52,,,,36,10174,2026-09-21 13:42:20.897635+05:30,2026-09-21 13:42:20.897635+05:30
372,2026-07-06,present,52,,,,36,10175,2026-09-21 13:42:20.897635+05:30,2026-09-21 13:42:20.897635+05:30
372,2026-07-07,present,52,,,,36,10176,2026-09-21 13:42:20.897635+05:30,2026-09-21 13:42:20.897635+05:30
372,2026-07-08,absent,52,,,,36,10177,2026-09-21 13:42:20.897635+05:30,2026-09-21 13:42:20.897635+05:30
372,2026-07-09,leave,52,,,,36,10178,2026-09-21 13:42:20.897635+05:30,2026-09-21 13:42:20.897635+05:30
372,2026-07-10,present,52,,,,36,10179,2026-09-21 13:42:20.897635+05:30,2026-09-21 13:42:20.897635+05:30
372,2026-07-11,present,52,,,,36,10180,2026-09-21 13:42:20.897635+05:30,2026-09-21 13:42:20.897635+05:30
372,2026-07-13,present,52,,,,36,10181,2026-09-21 13:42:20.897635+05:30,2026-09-21 13:42:20.897635+05:30
372,2026-07-14,present,52,,,,36,10182,2026-09-21 13:42:20.897635+05:30,2026-09-21 13:42:20.897635+05:30
372,2026-07-15,present,52,,,,36,10183,2026-09-21 13:42:20.897635+05:30,2026-09-21 13:42:20.897635+05:30
372,2026-07-16,present,52,,,,36,10184,2026-09-21 13:42:20.897635+05:30,2026-09-21 13:42:20.897635+05:30
372,2026-07-17,present,52,,,,36,10185,2026-09-21 13:42:20.897635+05:30,2026-09-21 13:42:20.897635+05:30
372,2026-07-18,present,52,,,,36,10186,2026-09-21 13:42:20.897635+05:30,2026-09-21 13:42:20.897635+05:30
372,2026-07-20,present,52,,,,36,10187,2026-09-21 13:42:20.897635+05:30,2026-09-21 13:42:20.897635+05:30
372,2026-07-21,present,52,,,,36,10188,2026-09-21 13:42:20.897635+05:30,2026-09-21 13:42:20.897635+05:30
372,2026-07-22,present,52,,,,36,10189,2026-09-21 13:42:20.897635+05:30,2026-09-21 13:42:20.897635+05:30
372,2026-07-24,present,52,,,,36,10190,2026-09-21 13:42:20.897635+05:30,2026-09-21 13:42:20.897635+05:30
372,2026-07-25,present,52,,,,36,10191,2026-09-21 13:42:20.897635+05:30,2026-09-21 13:42:20.897635+05:30
372,2026-07-27,present,52,,,,36,10192,2026-09-21 13:42:20.897635+05:30,2026-09-21 13:42:20.897635+05:30
372,2026-07-28,present,52,,,,36,10193,2026-09-21 13:42:20.897635+05:30,2026-09-21 13:42:20.897635+05:30
372,2026-07-29,present,52,,,,36,10194,2026-09-21 13:42:20.897635+05:30,2026-09-21 13:42:20.897635+05:30
372,2026-07-30,absent,52,,,,36,10195,2026-09-21 13:42:20.897635+05:30,2026-09-21 13:42:20.897635+05:30
372,2026-07-31,present,52,,,,36,10196,2026-09-21 13:42:20.897635+05:30,2026-09-21 13:42:20.897635+05:30
372,2026-08-01,present,52,,,,36,10197,2026-09-21 13:42:20.897635+05:30,2026-09-21 13:42:20.897635+05:30
372,2026-08-03,leave,52,,,,36,10198,2026-09-21 13:42:20.897635+05:30,2026-09-21 13:42:20.897635+05:30
372,2026-08-04,present,52,,,,36,10199,2026-09-21 13:42:20.897635+05:30,2026-09-21 13:42:20.897635+05:30
372,2026-08-05,present,52,,,,36,10200,2026-09-21 13:42:20.897635+05:30,2026-09-21 13:42:20.897635+05:30
372,2026-08-06,present,52,,,,36,10201,2026-09-21 13:42:20.897635+05:30,2026-09-21 13:42:20.897635+05:30
372,2026-08-07,present,52,,,,36,10202,2026-09-21 13:42:20.897635+05:30,2026-09-21 13:42:20.897635+05:30
372,2026-08-08,present,52,,,,36,10203,2026-09-21 13:42:20.897635+05:30,2026-09-21 13:42:20.897635+05:30
372,2026-08-10,present,52,,,,36,10204,2026-09-21 13:42:20.897635+05:30,2026-09-21 13:42:20.897635+05:30
372,2026-08-12,present,52,,,,36,10205,2026-09-21 13:42:20.897635+05:30,2026-09-21 13:42:20.897635+05:30
372,2026-08-13,present,52,,,,36,10206,2026-09-21 13:42:20.897635+05:30,2026-09-21 13:42:20.897635+05:30
372,2026-08-14,absent,52,,,,36,10207,2026-09-21 13:42:20.897635+05:30,2026-09-21 13:42:20.897635+05:30
372,2026-08-15,present,52,,,,36,10208,2026-09-21 13:42:20.897635+05:30,2026-09-21 13:42:20.897635+05:30
372,2026-08-17,present,52,,,,36,10209,2026-09-21 13:42:20.897635+05:30,2026-09-21 13:42:20.897635+05:30
372,2026-08-18,present,52,,,,36,10210,2026-09-21 13:42:20.897635+05:30,2026-09-21 13:42:20.897635+05:30
372,2026-08-19,present,52,,,,36,10211,2026-09-21 13:42:20.897635+05:30,2026-09-21 13:42:20.897635+05:30
372,2026-08-20,present,52,,,,36,10212,2026-09-21 13:42:20.897635+05:30,2026-09-21 13:42:20.897635+05:30
372,2026-08-21,present,52,,,,36,10213,2026-09-21 13:42:20.897635+05:30,2026-09-21 13:42:20.897635+05:30
372,2026-08-22,present,52,,,,36,10214,2026-09-21 13:42:20.897635+05:30,2026-09-21 13:42:20.897635+05:30
372,2026-08-24,present,52,,,,36,10215,2026-09-21 13:42:20.897635+05:30,2026-09-21 13:42:20.897635+05:30
372,2026-08-25,present,52,,,,36,10216,2026-09-21 13:42:20.897635+05:30,2026-09-21 13:42:20.897635+05:30
372,2026-08-26,present,52,,,,36,10217,2026-09-21 13:42:20.897635+05:30,2026-09-21 13:42:20.897635+05:30
372,2026-08-27,present,52,,,,36,10218,2026-09-21 13:42:20.897635+05:30,2026-09-21 13:42:20.897635+05:30
372,2026-08-28,present,52,,,,36,10219,2026-09-21 13:42:20.897635+05:30,2026-09-21 13:42:20.897635+05:30
372,2026-08-29,present,52,,,,36,10220,2026-09-21 13:42:20.897635+05:30,2026-09-21 13:42:20.897635+05:30
372,2026-08-31,present,52,,,,36,10221,2026-09-21 13:42:20.897635+05:30,2026-09-21 13:42:20.897635+05:30
372,2026-09-01,present,52,,,,36,10222,2026-09-21 13:42:20.897635+05:30,2026-09-21 13:42:20.897635+05:30
373,2026-06-24,present,52,,,,36,10223,2026-09-21 13:42:20.897635+05:30,2026-09-21 13:42:20.897635+05:30
373,2026-06-25,present,52,,,,36,10224,2026-09-21 13:42:20.897635+05:30,2026-09-21 13:42:20.897635+05:30
373,2026-06-26,present,52,,,,36,10225,2026-09-21 13:42:20.897635+05:30,2026-09-21 13:42:20.897635+05:30
373,2026-06-27,present,52,,,,36,10226,2026-09-21 13:42:20.897635+05:30,2026-09-21 13:42:20.897635+05:30
373,2026-06-29,present,52,,,,36,10227,2026-09-21 13:42:20.897635+05:30,2026-09-21 13:42:20.897635+05:30
373,2026-06-30,present,52,,,,36,10228,2026-09-21 13:42:20.897635+05:30,2026-09-21 13:42:20.897635+05:30
373,2026-07-01,absent,52,,,,36,10229,2026-09-21 13:42:20.897635+05:30,2026-09-21 13:42:20.897635+05:30
373,2026-07-02,present,52,,,,36,10230,2026-09-21 13:42:20.897635+05:30,2026-09-21 13:42:20.897635+05:30
373,2026-07-03,present,52,,,,36,10231,2026-09-21 13:42:20.897635+05:30,2026-09-21 13:42:20.897635+05:30
373,2026-07-04,present,52,,,,36,10232,2026-09-21 13:42:20.897635+05:30,2026-09-21 13:42:20.897635+05:30
373,2026-07-06,present,52,,,,36,10233,2026-09-21 13:42:20.897635+05:30,2026-09-21 13:42:20.897635+05:30
373,2026-07-07,present,52,,,,36,10234,2026-09-21 13:42:20.897635+05:30,2026-09-21 13:42:20.897635+05:30
373,2026-07-08,present,52,,,,36,10235,2026-09-21 13:42:20.897635+05:30,2026-09-21 13:42:20.897635+05:30
373,2026-07-09,present,52,,,,36,10236,2026-09-21 13:42:20.897635+05:30,2026-09-21 13:42:20.897635+05:30
373,2026-07-10,present,52,,,,36,10237,2026-09-21 13:42:20.897635+05:30,2026-09-21 13:42:20.897635+05:30
373,2026-07-11,absent,52,,,,36,10238,2026-09-21 13:42:20.897635+05:30,2026-09-21 13:42:20.897635+05:30
373,2026-07-13,leave,52,,,,36,10239,2026-09-21 13:42:20.897635+05:30,2026-09-21 13:42:20.897635+05:30
373,2026-07-14,present,52,,,,36,10240,2026-09-21 13:42:20.897635+05:30,2026-09-21 13:42:20.897635+05:30
373,2026-07-15,absent,52,,,,36,10241,2026-09-21 13:42:20.897635+05:30,2026-09-21 13:42:20.897635+05:30
373,2026-07-16,present,52,,,,36,10242,2026-09-21 13:42:20.897635+05:30,2026-09-21 13:42:20.897635+05:30
373,2026-07-17,present,52,,,,36,10243,2026-09-21 13:42:20.897635+05:30,2026-09-21 13:42:20.897635+05:30
373,2026-07-18,present,52,,,,36,10244,2026-09-21 13:42:20.897635+05:30,2026-09-21 13:42:20.897635+05:30
373,2026-07-20,present,52,,,,36,10245,2026-09-21 13:42:20.897635+05:30,2026-09-21 13:42:20.897635+05:30
373,2026-07-21,leave,52,,,,36,10246,2026-09-21 13:42:20.897635+05:30,2026-09-21 13:42:20.897635+05:30
373,2026-07-22,present,52,,,,36,10247,2026-09-21 13:42:20.897635+05:30,2026-09-21 13:42:20.897635+05:30
373,2026-07-24,present,52,,,,36,10248,2026-09-21 13:42:20.897635+05:30,2026-09-21 13:42:20.897635+05:30
373,2026-07-25,present,52,,,,36,10249,2026-09-21 13:42:20.897635+05:30,2026-09-21 13:42:20.897635+05:30
373,2026-07-27,present,52,,,,36,10250,2026-09-21 13:42:20.897635+05:30,2026-09-21 13:42:20.897635+05:30
373,2026-07-28,absent,52,,,,36,10251,2026-09-21 13:42:20.897635+05:30,2026-09-21 13:42:20.897635+05:30
373,2026-07-29,present,52,,,,36,10252,2026-09-21 13:42:20.897635+05:30,2026-09-21 13:42:20.897635+05:30
373,2026-07-30,present,52,,,,36,10253,2026-09-21 13:42:20.897635+05:30,2026-09-21 13:42:20.897635+05:30
373,2026-07-31,present,52,,,,36,10254,2026-09-21 13:42:20.897635+05:30,2026-09-21 13:42:20.897635+05:30
373,2026-08-01,present,52,,,,36,10255,2026-09-21 13:42:20.897635+05:30,2026-09-21 13:42:20.897635+05:30
373,2026-08-03,present,52,,,,36,10256,2026-09-21 13:42:20.897635+05:30,2026-09-21 13:42:20.897635+05:30
373,2026-08-04,present,52,,,,36,10257,2026-09-21 13:42:20.897635+05:30,2026-09-21 13:42:20.897635+05:30
373,2026-08-05,present,52,,,,36,10258,2026-09-21 13:42:20.897635+05:30,2026-09-21 13:42:20.897635+05:30
373,2026-08-06,present,52,,,,36,10259,2026-09-21 13:42:20.897635+05:30,2026-09-21 13:42:20.897635+05:30
373,2026-08-07,present,52,,,,36,10260,2026-09-21 13:42:20.897635+05:30,2026-09-21 13:42:20.897635+05:30
373,2026-08-08,present,52,,,,36,10261,2026-09-21 13:42:20.897635+05:30,2026-09-21 13:42:20.897635+05:30
373,2026-08-10,present,52,,,,36,10262,2026-09-21 13:42:20.897635+05:30,2026-09-21 13:42:20.897635+05:30
373,2026-08-12,present,52,,,,36,10263,2026-09-21 13:42:20.897635+05:30,2026-09-21 13:42:20.897635+05:30
373,2026-08-13,present,52,,,,36,10264,2026-09-21 13:42:20.897635+05:30,2026-09-21 13:42:20.897635+05:30
373,2026-08-14,present,52,,,,36,10265,2026-09-21 13:42:20.897635+05:30,2026-09-21 13:42:20.897635+05:30
373,2026-08-15,present,52,,,,36,10266,2026-09-21 13:42:20.897635+05:30,2026-09-21 13:42:20.897635+05:30
373,2026-08-17,present,52,,,,36,10267,2026-09-21 13:42:20.897635+05:30,2026-09-21 13:42:20.897635+05:30
373,2026-08-18,present,52,,,,36,10268,2026-09-21 13:42:20.897635+05:30,2026-09-21 13:42:20.897635+05:30
373,2026-08-19,present,52,,,,36,10269,2026-09-21 13:42:20.897635+05:30,2026-09-21 13:42:20.897635+05:30
373,2026-08-20,present,52,,,,36,10270,2026-09-21 13:42:20.897635+05:30,2026-09-21 13:42:20.897635+05:30
373,2026-08-21,present,52,,,,36,10271,2026-09-21 13:42:20.897635+05:30,2026-09-21 13:42:20.897635+05:30
373,2026-08-22,present,52,,,,36,10272,2026-09-21 13:42:20.897635+05:30,2026-09-21 13:42:20.897635+05:30
373,2026-08-24,present,52,,,,36,10273,2026-09-21 13:42:20.897635+05:30,2026-09-21 13:42:20.897635+05:30
373,2026-08-25,present,52,,,,36,10274,2026-09-21 13:42:20.897635+05:30,2026-09-21 13:42:20.897635+05:30
373,2026-08-26,present,52,,,,36,10275,2026-09-21 13:42:20.897635+05:30,2026-09-21 13:42:20.897635+05:30
373,2026-08-27,present,52,,,,36,10276,2026-09-21 13:42:20.897635+05:30,2026-09-21 13:42:20.897635+05:30
373,2026-08-28,present,52,,,,36,10277,2026-09-21 13:42:20.897635+05:30,2026-09-21 13:42:20.897635+05:30
373,2026-08-29,absent,52,,,,36,10278,2026-09-21 13:42:20.897635+05:30,2026-09-21 13:42:20.897635+05:30
373,2026-08-31,present,52,,,,36,10279,2026-09-21 13:42:20.897635+05:30,2026-09-21 13:42:20.897635+05:30
373,2026-09-01,present,52,,,,36,10280,2026-09-21 13:42:20.897635+05:30,2026-09-21 13:42:20.897635+05:30
374,2026-06-24,present,52,,,,36,10281,2026-09-21 13:42:20.897635+05:30,2026-09-21 13:42:20.897635+05:30
374,2026-06-25,present,52,,,,36,10282,2026-09-21 13:42:20.897635+05:30,2026-09-21 13:42:20.897635+05:30
374,2026-06-26,present,52,,,,36,10283,2026-09-21 13:42:20.897635+05:30,2026-09-21 13:42:20.897635+05:30
374,2026-06-27,present,52,,,,36,10284,2026-09-21 13:42:20.897635+05:30,2026-09-21 13:42:20.897635+05:30
374,2026-06-29,present,52,,,,36,10285,2026-09-21 13:42:20.897635+05:30,2026-09-21 13:42:20.897635+05:30
374,2026-06-30,present,52,,,,36,10286,2026-09-21 13:42:20.897635+05:30,2026-09-21 13:42:20.897635+05:30
374,2026-07-01,present,52,,,,36,10287,2026-09-21 13:42:20.897635+05:30,2026-09-21 13:42:20.897635+05:30
374,2026-07-02,present,52,,,,36,10288,2026-09-21 13:42:20.897635+05:30,2026-09-21 13:42:20.897635+05:30
374,2026-07-03,leave,52,,,,36,10289,2026-09-21 13:42:20.897635+05:30,2026-09-21 13:42:20.897635+05:30
374,2026-07-04,present,52,,,,36,10290,2026-09-21 13:42:20.897635+05:30,2026-09-21 13:42:20.897635+05:30
374,2026-07-06,present,52,,,,36,10291,2026-09-21 13:42:20.897635+05:30,2026-09-21 13:42:20.897635+05:30
374,2026-07-07,present,52,,,,36,10292,2026-09-21 13:42:20.897635+05:30,2026-09-21 13:42:20.897635+05:30
374,2026-07-08,present,52,,,,36,10293,2026-09-21 13:42:20.897635+05:30,2026-09-21 13:42:20.897635+05:30
374,2026-07-09,present,52,,,,36,10294,2026-09-21 13:42:20.897635+05:30,2026-09-21 13:42:20.897635+05:30
374,2026-07-10,present,52,,,,36,10295,2026-09-21 13:42:20.897635+05:30,2026-09-21 13:42:20.897635+05:30
374,2026-07-11,present,52,,,,36,10296,2026-09-21 13:42:20.897635+05:30,2026-09-21 13:42:20.897635+05:30
374,2026-07-13,present,52,,,,36,10297,2026-09-21 13:42:20.897635+05:30,2026-09-21 13:42:20.897635+05:30
374,2026-07-14,present,52,,,,36,10298,2026-09-21 13:42:20.897635+05:30,2026-09-21 13:42:20.897635+05:30
374,2026-07-15,present,52,,,,36,10299,2026-09-21 13:42:20.897635+05:30,2026-09-21 13:42:20.897635+05:30
374,2026-07-16,present,52,,,,36,10300,2026-09-21 13:42:20.897635+05:30,2026-09-21 13:42:20.897635+05:30
374,2026-07-17,present,52,,,,36,10301,2026-09-21 13:42:20.897635+05:30,2026-09-21 13:42:20.897635+05:30
374,2026-07-18,present,52,,,,36,10302,2026-09-21 13:42:20.897635+05:30,2026-09-21 13:42:20.897635+05:30
374,2026-07-20,present,52,,,,36,10303,2026-09-21 13:42:20.897635+05:30,2026-09-21 13:42:20.897635+05:30
374,2026-07-21,present,52,,,,36,10304,2026-09-21 13:42:20.897635+05:30,2026-09-21 13:42:20.897635+05:30
374,2026-07-22,present,52,,,,36,10305,2026-09-21 13:42:20.897635+05:30,2026-09-21 13:42:20.897635+05:30
374,2026-07-24,present,52,,,,36,10306,2026-09-21 13:42:20.897635+05:30,2026-09-21 13:42:20.897635+05:30
374,2026-07-25,present,52,,,,36,10307,2026-09-21 13:42:20.897635+05:30,2026-09-21 13:42:20.897635+05:30
374,2026-07-27,absent,52,,,,36,10308,2026-09-21 13:42:20.897635+05:30,2026-09-21 13:42:20.897635+05:30
374,2026-07-28,present,52,,,,36,10309,2026-09-21 13:42:20.897635+05:30,2026-09-21 13:42:20.897635+05:30
374,2026-07-29,present,52,,,,36,10310,2026-09-21 13:42:20.897635+05:30,2026-09-21 13:42:20.897635+05:30
374,2026-07-30,present,52,,,,36,10311,2026-09-21 13:42:20.897635+05:30,2026-09-21 13:42:20.897635+05:30
374,2026-07-31,present,52,,,,36,10312,2026-09-21 13:42:20.897635+05:30,2026-09-21 13:42:20.897635+05:30
374,2026-08-01,present,52,,,,36,10313,2026-09-21 13:42:20.897635+05:30,2026-09-21 13:42:20.897635+05:30
374,2026-08-03,present,52,,,,36,10314,2026-09-21 13:42:20.897635+05:30,2026-09-21 13:42:20.897635+05:30
374,2026-08-04,present,52,,,,36,10315,2026-09-21 13:42:20.897635+05:30,2026-09-21 13:42:20.897635+05:30
374,2026-08-05,present,52,,,,36,10316,2026-09-21 13:42:20.897635+05:30,2026-09-21 13:42:20.897635+05:30
374,2026-08-06,present,52,,,,36,10317,2026-09-21 13:42:20.897635+05:30,2026-09-21 13:42:20.897635+05:30
374,2026-08-07,present,52,,,,36,10318,2026-09-21 13:42:20.897635+05:30,2026-09-21 13:42:20.897635+05:30
374,2026-08-08,present,52,,,,36,10319,2026-09-21 13:42:20.897635+05:30,2026-09-21 13:42:20.897635+05:30
374,2026-08-10,present,52,,,,36,10320,2026-09-21 13:42:20.897635+05:30,2026-09-21 13:42:20.897635+05:30
374,2026-08-12,present,52,,,,36,10321,2026-09-21 13:42:20.897635+05:30,2026-09-21 13:42:20.897635+05:30
374,2026-08-13,absent,52,,,,36,10322,2026-09-21 13:42:20.897635+05:30,2026-09-21 13:42:20.897635+05:30
374,2026-08-14,present,52,,,,36,10323,2026-09-21 13:42:20.897635+05:30,2026-09-21 13:42:20.897635+05:30
374,2026-08-15,present,52,,,,36,10324,2026-09-21 13:42:20.897635+05:30,2026-09-21 13:42:20.897635+05:30
374,2026-08-17,leave,52,,,,36,10325,2026-09-21 13:42:20.897635+05:30,2026-09-21 13:42:20.897635+05:30
374,2026-08-18,present,52,,,,36,10326,2026-09-21 13:42:20.897635+05:30,2026-09-21 13:42:20.897635+05:30
374,2026-08-19,present,52,,,,36,10327,2026-09-21 13:42:20.897635+05:30,2026-09-21 13:42:20.897635+05:30
374,2026-08-20,present,52,,,,36,10328,2026-09-21 13:42:20.897635+05:30,2026-09-21 13:42:20.897635+05:30
374,2026-08-21,present,52,,,,36,10329,2026-09-21 13:42:20.897635+05:30,2026-09-21 13:42:20.897635+05:30
374,2026-08-22,present,52,,,,36,10330,2026-09-21 13:42:20.897635+05:30,2026-09-21 13:42:20.897635+05:30
374,2026-08-24,absent,52,,,,36,10331,2026-09-21 13:42:20.897635+05:30,2026-09-21 13:42:20.897635+05:30
374,2026-08-25,present,52,,,,36,10332,2026-09-21 13:42:20.897635+05:30,2026-09-21 13:42:20.897635+05:30
374,2026-08-26,present,52,,,,36,10333,2026-09-21 13:42:20.897635+05:30,2026-09-21 13:42:20.897635+05:30
374,2026-08-27,present,52,,,,36,10334,2026-09-21 13:42:20.897635+05:30,2026-09-21 13:42:20.897635+05:30
374,2026-08-28,present,52,,,,36,10335,2026-09-21 13:42:20.897635+05:30,2026-09-21 13:42:20.897635+05:30
374,2026-08-29,present,52,,,,36,10336,2026-09-21 13:42:20.897635+05:30,2026-09-21 13:42:20.897635+05:30
374,2026-08-31,present,52,,,,36,10337,2026-09-21 13:42:20.897635+05:30,2026-09-21 13:42:20.897635+05:30
374,2026-09-01,leave,52,,,,36,10338,2026-09-21 13:42:20.897635+05:30,2026-09-21 13:42:20.897635+05:30
375,2026-06-24,absent,52,,,,36,10339,2026-09-21 13:42:20.897635+05:30,2026-09-21 13:42:20.897635+05:30
375,2026-06-25,present,52,,,,36,10340,2026-09-21 13:42:20.897635+05:30,2026-09-21 13:42:20.897635+05:30
375,2026-06-26,absent,52,,,,36,10341,2026-09-21 13:42:20.897635+05:30,2026-09-21 13:42:20.897635+05:30
375,2026-06-27,present,52,,,,36,10342,2026-09-21 13:42:20.897635+05:30,2026-09-21 13:42:20.897635+05:30
375,2026-06-29,present,52,,,,36,10343,2026-09-21 13:42:20.897635+05:30,2026-09-21 13:42:20.897635+05:30
375,2026-06-30,present,52,,,,36,10344,2026-09-21 13:42:20.897635+05:30,2026-09-21 13:42:20.897635+05:30
375,2026-07-01,present,52,,,,36,10345,2026-09-21 13:42:20.897635+05:30,2026-09-21 13:42:20.897635+05:30
375,2026-07-02,present,52,,,,36,10346,2026-09-21 13:42:20.897635+05:30,2026-09-21 13:42:20.897635+05:30
375,2026-07-03,present,52,,,,36,10347,2026-09-21 13:42:20.897635+05:30,2026-09-21 13:42:20.897635+05:30
375,2026-07-04,present,52,,,,36,10348,2026-09-21 13:42:20.897635+05:30,2026-09-21 13:42:20.897635+05:30
375,2026-07-06,present,52,,,,36,10349,2026-09-21 13:42:20.897635+05:30,2026-09-21 13:42:20.897635+05:30
375,2026-07-07,present,52,,,,36,10350,2026-09-21 13:42:20.897635+05:30,2026-09-21 13:42:20.897635+05:30
375,2026-07-08,present,52,,,,36,10351,2026-09-21 13:42:20.897635+05:30,2026-09-21 13:42:20.897635+05:30
375,2026-07-09,leave,52,,,,36,10352,2026-09-21 13:42:20.897635+05:30,2026-09-21 13:42:20.897635+05:30
375,2026-07-10,present,52,,,,36,10353,2026-09-21 13:42:20.897635+05:30,2026-09-21 13:42:20.897635+05:30
375,2026-07-11,present,52,,,,36,10354,2026-09-21 13:42:20.897635+05:30,2026-09-21 13:42:20.897635+05:30
375,2026-07-13,present,52,,,,36,10355,2026-09-21 13:42:20.897635+05:30,2026-09-21 13:42:20.897635+05:30
375,2026-07-14,present,52,,,,36,10356,2026-09-21 13:42:20.897635+05:30,2026-09-21 13:42:20.897635+05:30
375,2026-07-15,present,52,,,,36,10357,2026-09-21 13:42:20.897635+05:30,2026-09-21 13:42:20.897635+05:30
375,2026-07-16,present,52,,,,36,10358,2026-09-21 13:42:20.897635+05:30,2026-09-21 13:42:20.897635+05:30
375,2026-07-17,present,52,,,,36,10359,2026-09-21 13:42:20.897635+05:30,2026-09-21 13:42:20.897635+05:30
375,2026-07-18,present,52,,,,36,10360,2026-09-21 13:42:20.897635+05:30,2026-09-21 13:42:20.897635+05:30
375,2026-07-20,present,52,,,,36,10361,2026-09-21 13:42:20.897635+05:30,2026-09-21 13:42:20.897635+05:30
375,2026-07-21,present,52,,,,36,10362,2026-09-21 13:42:20.897635+05:30,2026-09-21 13:42:20.897635+05:30
375,2026-07-22,leave,52,,,,36,10363,2026-09-21 13:42:20.897635+05:30,2026-09-21 13:42:20.897635+05:30
375,2026-07-24,present,52,,,,36,10364,2026-09-21 13:42:20.897635+05:30,2026-09-21 13:42:20.897635+05:30
375,2026-07-25,present,52,,,,36,10365,2026-09-21 13:42:20.897635+05:30,2026-09-21 13:42:20.897635+05:30
375,2026-07-27,present,52,,,,36,10366,2026-09-21 13:42:20.897635+05:30,2026-09-21 13:42:20.897635+05:30
375,2026-07-28,present,52,,,,36,10367,2026-09-21 13:42:20.897635+05:30,2026-09-21 13:42:20.897635+05:30
375,2026-07-29,present,52,,,,36,10368,2026-09-21 13:42:20.897635+05:30,2026-09-21 13:42:20.897635+05:30
375,2026-07-30,present,52,,,,36,10369,2026-09-21 13:42:20.897635+05:30,2026-09-21 13:42:20.897635+05:30
375,2026-07-31,present,52,,,,36,10370,2026-09-21 13:42:20.897635+05:30,2026-09-21 13:42:20.897635+05:30
375,2026-08-01,present,52,,,,36,10371,2026-09-21 13:42:20.897635+05:30,2026-09-21 13:42:20.897635+05:30
375,2026-08-03,absent,52,,,,36,10372,2026-09-21 13:42:20.897635+05:30,2026-09-21 13:42:20.897635+05:30
375,2026-08-04,present,52,,,,36,10373,2026-09-21 13:42:20.897635+05:30,2026-09-21 13:42:20.897635+05:30
375,2026-08-05,present,52,,,,36,10374,2026-09-21 13:42:20.897635+05:30,2026-09-21 13:42:20.897635+05:30
375,2026-08-06,present,52,,,,36,10375,2026-09-21 13:42:20.897635+05:30,2026-09-21 13:42:20.897635+05:30
375,2026-08-07,present,52,,,,36,10376,2026-09-21 13:42:20.897635+05:30,2026-09-21 13:42:20.897635+05:30
375,2026-08-08,present,52,,,,36,10377,2026-09-21 13:42:20.897635+05:30,2026-09-21 13:42:20.897635+05:30
375,2026-08-10,present,52,,,,36,10378,2026-09-21 13:42:20.897635+05:30,2026-09-21 13:42:20.897635+05:30
375,2026-08-12,present,52,,,,36,10379,2026-09-21 13:42:20.897635+05:30,2026-09-21 13:42:20.897635+05:30
375,2026-08-13,present,52,,,,36,10380,2026-09-21 13:42:20.897635+05:30,2026-09-21 13:42:20.897635+05:30
375,2026-08-14,present,52,,,,36,10381,2026-09-21 13:42:20.897635+05:30,2026-09-21 13:42:20.897635+05:30
375,2026-08-15,present,52,,,,36,10382,2026-09-21 13:42:20.897635+05:30,2026-09-21 13:42:20.897635+05:30
375,2026-08-17,present,52,,,,36,10383,2026-09-21 13:42:20.897635+05:30,2026-09-21 13:42:20.897635+05:30
375,2026-08-18,present,52,,,,36,10384,2026-09-21 13:42:20.897635+05:30,2026-09-21 13:42:20.897635+05:30
375,2026-08-19,present,52,,,,36,10385,2026-09-21 13:42:20.897635+05:30,2026-09-21 13:42:20.897635+05:30
375,2026-08-20,present,52,,,,36,10386,2026-09-21 13:42:20.897635+05:30,2026-09-21 13:42:20.897635+05:30
375,2026-08-21,present,52,,,,36,10387,2026-09-21 13:42:20.897635+05:30,2026-09-21 13:42:20.897635+05:30
375,2026-08-22,present,52,,,,36,10388,2026-09-21 13:42:20.897635+05:30,2026-09-21 13:42:20.897635+05:30
375,2026-08-24,present,52,,,,36,10389,2026-09-21 13:42:20.897635+05:30,2026-09-21 13:42:20.897635+05:30
375,2026-08-25,present,52,,,,36,10390,2026-09-21 13:42:20.897635+05:30,2026-09-21 13:42:20.897635+05:30
375,2026-08-26,present,52,,,,36,10391,2026-09-21 13:42:20.897635+05:30,2026-09-21 13:42:20.897635+05:30
375,2026-08-27,leave,52,,,,36,10392,2026-09-21 13:42:20.897635+05:30,2026-09-21 13:42:20.897635+05:30
375,2026-08-28,present,52,,,,36,10393,2026-09-21 13:42:20.897635+05:30,2026-09-21 13:42:20.897635+05:30
375,2026-08-29,present,52,,,,36,10394,2026-09-21 13:42:20.897635+05:30,2026-09-21 13:42:20.897635+05:30
375,2026-08-31,present,52,,,,36,10395,2026-09-21 13:42:20.897635+05:30,2026-09-21 13:42:20.897635+05:30
375,2026-09-01,present,52,,,,36,10396,2026-09-21 13:42:20.897635+05:30,2026-09-21 13:42:20.897635+05:30
376,2026-06-24,present,52,,,,36,10397,2026-09-21 13:42:20.897635+05:30,2026-09-21 13:42:20.897635+05:30
376,2026-06-25,present,52,,,,36,10398,2026-09-21 13:42:20.897635+05:30,2026-09-21 13:42:20.897635+05:30
376,2026-06-26,present,52,,,,36,10399,2026-09-21 13:42:20.897635+05:30,2026-09-21 13:42:20.897635+05:30
376,2026-06-27,present,52,,,,36,10400,2026-09-21 13:42:20.897635+05:30,2026-09-21 13:42:20.897635+05:30
376,2026-06-29,present,52,,,,36,10401,2026-09-21 13:42:20.897635+05:30,2026-09-21 13:42:20.897635+05:30
376,2026-06-30,present,52,,,,36,10402,2026-09-21 13:42:20.897635+05:30,2026-09-21 13:42:20.897635+05:30
376,2026-07-01,present,52,,,,36,10403,2026-09-21 13:42:20.897635+05:30,2026-09-21 13:42:20.897635+05:30
376,2026-07-02,present,52,,,,36,10404,2026-09-21 13:42:20.897635+05:30,2026-09-21 13:42:20.897635+05:30
376,2026-07-03,present,52,,,,36,10405,2026-09-21 13:42:20.897635+05:30,2026-09-21 13:42:20.897635+05:30
376,2026-07-04,present,52,,,,36,10406,2026-09-21 13:42:20.897635+05:30,2026-09-21 13:42:20.897635+05:30
376,2026-07-06,present,52,,,,36,10407,2026-09-21 13:42:20.897635+05:30,2026-09-21 13:42:20.897635+05:30
376,2026-07-07,leave,52,,,,36,10408,2026-09-21 13:42:20.897635+05:30,2026-09-21 13:42:20.897635+05:30
376,2026-07-08,present,52,,,,36,10409,2026-09-21 13:42:20.897635+05:30,2026-09-21 13:42:20.897635+05:30
376,2026-07-09,present,52,,,,36,10410,2026-09-21 13:42:20.897635+05:30,2026-09-21 13:42:20.897635+05:30
376,2026-07-10,present,52,,,,36,10411,2026-09-21 13:42:20.897635+05:30,2026-09-21 13:42:20.897635+05:30
376,2026-07-11,leave,52,,,,36,10412,2026-09-21 13:42:20.897635+05:30,2026-09-21 13:42:20.897635+05:30
376,2026-07-13,present,52,,,,36,10413,2026-09-21 13:42:20.897635+05:30,2026-09-21 13:42:20.897635+05:30
376,2026-07-14,present,52,,,,36,10414,2026-09-21 13:42:20.897635+05:30,2026-09-21 13:42:20.897635+05:30
376,2026-07-15,present,52,,,,36,10415,2026-09-21 13:42:20.897635+05:30,2026-09-21 13:42:20.897635+05:30
376,2026-07-16,present,52,,,,36,10416,2026-09-21 13:42:20.897635+05:30,2026-09-21 13:42:20.897635+05:30
376,2026-07-17,leave,52,,,,36,10417,2026-09-21 13:42:20.897635+05:30,2026-09-21 13:42:20.897635+05:30
376,2026-07-18,absent,52,,,,36,10418,2026-09-21 13:42:20.897635+05:30,2026-09-21 13:42:20.897635+05:30
376,2026-07-20,present,52,,,,36,10419,2026-09-21 13:42:20.897635+05:30,2026-09-21 13:42:20.897635+05:30
376,2026-07-21,present,52,,,,36,10420,2026-09-21 13:42:20.897635+05:30,2026-09-21 13:42:20.897635+05:30
376,2026-07-22,present,52,,,,36,10421,2026-09-21 13:42:20.897635+05:30,2026-09-21 13:42:20.897635+05:30
376,2026-07-24,present,52,,,,36,10422,2026-09-21 13:42:20.897635+05:30,2026-09-21 13:42:20.897635+05:30
376,2026-07-25,present,52,,,,36,10423,2026-09-21 13:42:20.897635+05:30,2026-09-21 13:42:20.897635+05:30
376,2026-07-27,present,52,,,,36,10424,2026-09-21 13:42:20.897635+05:30,2026-09-21 13:42:20.897635+05:30
376,2026-07-28,present,52,,,,36,10425,2026-09-21 13:42:20.897635+05:30,2026-09-21 13:42:20.897635+05:30
376,2026-07-29,present,52,,,,36,10426,2026-09-21 13:42:20.897635+05:30,2026-09-21 13:42:20.897635+05:30
376,2026-07-30,present,52,,,,36,10427,2026-09-21 13:42:20.897635+05:30,2026-09-21 13:42:20.897635+05:30
376,2026-07-31,present,52,,,,36,10428,2026-09-21 13:42:20.897635+05:30,2026-09-21 13:42:20.897635+05:30
376,2026-08-01,leave,52,,,,36,10429,2026-09-21 13:42:20.897635+05:30,2026-09-21 13:42:20.897635+05:30
376,2026-08-03,present,52,,,,36,10430,2026-09-21 13:42:20.897635+05:30,2026-09-21 13:42:20.897635+05:30
376,2026-08-04,present,52,,,,36,10431,2026-09-21 13:42:20.897635+05:30,2026-09-21 13:42:20.897635+05:30
376,2026-08-05,present,52,,,,36,10432,2026-09-21 13:42:20.897635+05:30,2026-09-21 13:42:20.897635+05:30
376,2026-08-06,present,52,,,,36,10433,2026-09-21 13:42:20.897635+05:30,2026-09-21 13:42:20.897635+05:30
376,2026-08-07,present,52,,,,36,10434,2026-09-21 13:42:20.897635+05:30,2026-09-21 13:42:20.897635+05:30
376,2026-08-08,present,52,,,,36,10435,2026-09-21 13:42:20.897635+05:30,2026-09-21 13:42:20.897635+05:30
376,2026-08-10,present,52,,,,36,10436,2026-09-21 13:42:20.897635+05:30,2026-09-21 13:42:20.897635+05:30
376,2026-08-12,present,52,,,,36,10437,2026-09-21 13:42:20.897635+05:30,2026-09-21 13:42:20.897635+05:30
376,2026-08-13,present,52,,,,36,10438,2026-09-21 13:42:20.897635+05:30,2026-09-21 13:42:20.897635+05:30
376,2026-08-14,present,52,,,,36,10439,2026-09-21 13:42:20.897635+05:30,2026-09-21 13:42:20.897635+05:30
376,2026-08-15,leave,52,,,,36,10440,2026-09-21 13:42:20.897635+05:30,2026-09-21 13:42:20.897635+05:30
376,2026-08-17,present,52,,,,36,10441,2026-09-21 13:42:20.897635+05:30,2026-09-21 13:42:20.897635+05:30
376,2026-08-18,present,52,,,,36,10442,2026-09-21 13:42:20.897635+05:30,2026-09-21 13:42:20.897635+05:30
376,2026-08-19,present,52,,,,36,10443,2026-09-21 13:42:20.897635+05:30,2026-09-21 13:42:20.897635+05:30
376,2026-08-20,present,52,,,,36,10444,2026-09-21 13:42:20.897635+05:30,2026-09-21 13:42:20.897635+05:30
376,2026-08-21,present,52,,,,36,10445,2026-09-21 13:42:20.897635+05:30,2026-09-21 13:42:20.897635+05:30
376,2026-08-22,present,52,,,,36,10446,2026-09-21 13:42:20.897635+05:30,2026-09-21 13:42:20.897635+05:30
376,2026-08-24,present,52,,,,36,10447,2026-09-21 13:42:20.897635+05:30,2026-09-21 13:42:20.897635+05:30
376,2026-08-25,present,52,,,,36,10448,2026-09-21 13:42:20.897635+05:30,2026-09-21 13:42:20.897635+05:30
376,2026-08-26,absent,52,,,,36,10449,2026-09-21 13:42:20.897635+05:30,2026-09-21 13:42:20.897635+05:30
376,2026-08-27,present,52,,,,36,10450,2026-09-21 13:42:20.897635+05:30,2026-09-21 13:42:20.897635+05:30
376,2026-08-28,present,52,,,,36,10451,2026-09-21 13:42:20.897635+05:30,2026-09-21 13:42:20.897635+05:30
376,2026-08-29,present,52,,,,36,10452,2026-09-21 13:42:20.897635+05:30,2026-09-21 13:42:20.897635+05:30
376,2026-08-31,present,52,,,,36,10453,2026-09-21 13:42:20.897635+05:30,2026-09-21 13:42:20.897635+05:30
376,2026-09-01,present,52,,,,36,10454,2026-09-21 13:42:20.897635+05:30,2026-09-21 13:42:20.897635+05:30
377,2026-06-24,present,52,,,,36,10455,2026-09-21 13:42:20.897635+05:30,2026-09-21 13:42:20.897635+05:30
377,2026-06-25,present,52,,,,36,10456,2026-09-21 13:42:20.897635+05:30,2026-09-21 13:42:20.897635+05:30
377,2026-06-26,present,52,,,,36,10457,2026-09-21 13:42:20.897635+05:30,2026-09-21 13:42:20.897635+05:30
377,2026-06-27,present,52,,,,36,10458,2026-09-21 13:42:20.897635+05:30,2026-09-21 13:42:20.897635+05:30
377,2026-06-29,present,52,,,,36,10459,2026-09-21 13:42:20.897635+05:30,2026-09-21 13:42:20.897635+05:30
377,2026-06-30,present,52,,,,36,10460,2026-09-21 13:42:20.897635+05:30,2026-09-21 13:42:20.897635+05:30
377,2026-07-01,present,52,,,,36,10461,2026-09-21 13:42:20.897635+05:30,2026-09-21 13:42:20.897635+05:30
377,2026-07-02,present,52,,,,36,10462,2026-09-21 13:42:20.897635+05:30,2026-09-21 13:42:20.897635+05:30
377,2026-07-03,present,52,,,,36,10463,2026-09-21 13:42:20.897635+05:30,2026-09-21 13:42:20.897635+05:30
377,2026-07-04,present,52,,,,36,10464,2026-09-21 13:42:20.897635+05:30,2026-09-21 13:42:20.897635+05:30
377,2026-07-06,present,52,,,,36,10465,2026-09-21 13:42:20.897635+05:30,2026-09-21 13:42:20.897635+05:30
377,2026-07-07,present,52,,,,36,10466,2026-09-21 13:42:20.897635+05:30,2026-09-21 13:42:20.897635+05:30
377,2026-07-08,present,52,,,,36,10467,2026-09-21 13:42:20.897635+05:30,2026-09-21 13:42:20.897635+05:30
377,2026-07-09,present,52,,,,36,10468,2026-09-21 13:42:20.897635+05:30,2026-09-21 13:42:20.897635+05:30
377,2026-07-10,present,52,,,,36,10469,2026-09-21 13:42:20.897635+05:30,2026-09-21 13:42:20.897635+05:30
377,2026-07-11,present,52,,,,36,10470,2026-09-21 13:42:20.897635+05:30,2026-09-21 13:42:20.897635+05:30
377,2026-07-13,present,52,,,,36,10471,2026-09-21 13:42:20.897635+05:30,2026-09-21 13:42:20.897635+05:30
377,2026-07-14,present,52,,,,36,10472,2026-09-21 13:42:20.897635+05:30,2026-09-21 13:42:20.897635+05:30
377,2026-07-15,present,52,,,,36,10473,2026-09-21 13:42:20.897635+05:30,2026-09-21 13:42:20.897635+05:30
377,2026-07-16,present,52,,,,36,10474,2026-09-21 13:42:20.897635+05:30,2026-09-21 13:42:20.897635+05:30
377,2026-07-17,present,52,,,,36,10475,2026-09-21 13:42:20.897635+05:30,2026-09-21 13:42:20.897635+05:30
377,2026-07-18,absent,52,,,,36,10476,2026-09-21 13:42:20.897635+05:30,2026-09-21 13:42:20.897635+05:30
377,2026-07-20,present,52,,,,36,10477,2026-09-21 13:42:20.897635+05:30,2026-09-21 13:42:20.897635+05:30
377,2026-07-21,present,52,,,,36,10478,2026-09-21 13:42:20.897635+05:30,2026-09-21 13:42:20.897635+05:30
377,2026-07-22,absent,52,,,,36,10479,2026-09-21 13:42:20.897635+05:30,2026-09-21 13:42:20.897635+05:30
377,2026-07-24,present,52,,,,36,10480,2026-09-21 13:42:20.897635+05:30,2026-09-21 13:42:20.897635+05:30
377,2026-07-25,present,52,,,,36,10481,2026-09-21 13:42:20.897635+05:30,2026-09-21 13:42:20.897635+05:30
377,2026-07-27,present,52,,,,36,10482,2026-09-21 13:42:20.897635+05:30,2026-09-21 13:42:20.897635+05:30
377,2026-07-28,present,52,,,,36,10483,2026-09-21 13:42:20.897635+05:30,2026-09-21 13:42:20.897635+05:30
377,2026-07-29,leave,52,,,,36,10484,2026-09-21 13:42:20.897635+05:30,2026-09-21 13:42:20.897635+05:30
377,2026-07-30,present,52,,,,36,10485,2026-09-21 13:42:20.897635+05:30,2026-09-21 13:42:20.897635+05:30
377,2026-07-31,present,52,,,,36,10486,2026-09-21 13:42:20.897635+05:30,2026-09-21 13:42:20.897635+05:30
377,2026-08-01,present,52,,,,36,10487,2026-09-21 13:42:20.897635+05:30,2026-09-21 13:42:20.897635+05:30
377,2026-08-03,present,52,,,,36,10488,2026-09-21 13:42:20.897635+05:30,2026-09-21 13:42:20.897635+05:30
377,2026-08-04,present,52,,,,36,10489,2026-09-21 13:42:20.897635+05:30,2026-09-21 13:42:20.897635+05:30
377,2026-08-05,leave,52,,,,36,10490,2026-09-21 13:42:20.897635+05:30,2026-09-21 13:42:20.897635+05:30
377,2026-08-06,present,52,,,,36,10491,2026-09-21 13:42:20.897635+05:30,2026-09-21 13:42:20.897635+05:30
377,2026-08-07,present,52,,,,36,10492,2026-09-21 13:42:20.897635+05:30,2026-09-21 13:42:20.897635+05:30
377,2026-08-08,present,52,,,,36,10493,2026-09-21 13:42:20.897635+05:30,2026-09-21 13:42:20.897635+05:30
377,2026-08-10,present,52,,,,36,10494,2026-09-21 13:42:20.897635+05:30,2026-09-21 13:42:20.897635+05:30
377,2026-08-12,present,52,,,,36,10495,2026-09-21 13:42:20.897635+05:30,2026-09-21 13:42:20.897635+05:30
377,2026-08-13,present,52,,,,36,10496,2026-09-21 13:42:20.897635+05:30,2026-09-21 13:42:20.897635+05:30
377,2026-08-14,present,52,,,,36,10497,2026-09-21 13:42:20.897635+05:30,2026-09-21 13:42:20.897635+05:30
377,2026-08-15,present,52,,,,36,10498,2026-09-21 13:42:20.897635+05:30,2026-09-21 13:42:20.897635+05:30
377,2026-08-17,present,52,,,,36,10499,2026-09-21 13:42:20.897635+05:30,2026-09-21 13:42:20.897635+05:30
377,2026-08-18,present,52,,,,36,10500,2026-09-21 13:42:20.897635+05:30,2026-09-21 13:42:20.897635+05:30
377,2026-08-19,present,52,,,,36,10501,2026-09-21 13:42:20.897635+05:30,2026-09-21 13:42:20.897635+05:30
377,2026-08-20,present,52,,,,36,10502,2026-09-21 13:42:20.897635+05:30,2026-09-21 13:42:20.897635+05:30
377,2026-08-21,present,52,,,,36,10503,2026-09-21 13:42:20.897635+05:30,2026-09-21 13:42:20.897635+05:30
377,2026-08-22,present,52,,,,36,10504,2026-09-21 13:42:20.897635+05:30,2026-09-21 13:42:20.897635+05:30
377,2026-08-24,present,52,,,,36,10505,2026-09-21 13:42:20.897635+05:30,2026-09-21 13:42:20.897635+05:30
377,2026-08-25,absent,52,,,,36,10506,2026-09-21 13:42:20.897635+05:30,2026-09-21 13:42:20.897635+05:30
377,2026-08-26,present,52,,,,36,10507,2026-09-21 13:42:20.897635+05:30,2026-09-21 13:42:20.897635+05:30
377,2026-08-27,present,52,,,,36,10508,2026-09-21 13:42:20.897635+05:30,2026-09-21 13:42:20.897635+05:30
377,2026-08-28,present,52,,,,36,10509,2026-09-21 13:42:20.897635+05:30,2026-09-21 13:42:20.897635+05:30
377,2026-08-29,present,52,,,,36,10510,2026-09-21 13:42:20.897635+05:30,2026-09-21 13:42:20.897635+05:30
377,2026-08-31,present,52,,,,36,10511,2026-09-21 13:42:20.897635+05:30,2026-09-21 13:42:20.897635+05:30
377,2026-09-01,present,52,,,,36,10512,2026-09-21 13:42:20.897635+05:30,2026-09-21 13:42:20.897635+05:30
378,2026-06-24,present,53,,,,36,10513,2026-09-21 13:42:20.897635+05:30,2026-09-21 13:42:20.897635+05:30
378,2026-06-25,leave,53,,,,36,10514,2026-09-21 13:42:20.897635+05:30,2026-09-21 13:42:20.897635+05:30
378,2026-06-26,absent,53,,,,36,10515,2026-09-21 13:42:20.897635+05:30,2026-09-21 13:42:20.897635+05:30
378,2026-06-27,present,53,,,,36,10516,2026-09-21 13:42:20.897635+05:30,2026-09-21 13:42:20.897635+05:30
378,2026-06-29,present,53,,,,36,10517,2026-09-21 13:42:20.897635+05:30,2026-09-21 13:42:20.897635+05:30
378,2026-06-30,present,53,,,,36,10518,2026-09-21 13:42:20.897635+05:30,2026-09-21 13:42:20.897635+05:30
378,2026-07-01,present,53,,,,36,10519,2026-09-21 13:42:20.897635+05:30,2026-09-21 13:42:20.897635+05:30
378,2026-07-02,present,53,,,,36,10520,2026-09-21 13:42:20.897635+05:30,2026-09-21 13:42:20.897635+05:30
378,2026-07-03,present,53,,,,36,10521,2026-09-21 13:42:20.897635+05:30,2026-09-21 13:42:20.897635+05:30
378,2026-07-04,present,53,,,,36,10522,2026-09-21 13:42:20.897635+05:30,2026-09-21 13:42:20.897635+05:30
378,2026-07-06,present,53,,,,36,10523,2026-09-21 13:42:20.897635+05:30,2026-09-21 13:42:20.897635+05:30
378,2026-07-07,present,53,,,,36,10524,2026-09-21 13:42:20.897635+05:30,2026-09-21 13:42:20.897635+05:30
378,2026-07-08,present,53,,,,36,10525,2026-09-21 13:42:20.897635+05:30,2026-09-21 13:42:20.897635+05:30
378,2026-07-09,present,53,,,,36,10526,2026-09-21 13:42:20.897635+05:30,2026-09-21 13:42:20.897635+05:30
378,2026-07-10,leave,53,,,,36,10527,2026-09-21 13:42:20.897635+05:30,2026-09-21 13:42:20.897635+05:30
378,2026-07-11,present,53,,,,36,10528,2026-09-21 13:42:20.897635+05:30,2026-09-21 13:42:20.897635+05:30
378,2026-07-13,present,53,,,,36,10529,2026-09-21 13:42:20.897635+05:30,2026-09-21 13:42:20.897635+05:30
378,2026-07-14,present,53,,,,36,10530,2026-09-21 13:42:20.897635+05:30,2026-09-21 13:42:20.897635+05:30
378,2026-07-15,present,53,,,,36,10531,2026-09-21 13:42:20.897635+05:30,2026-09-21 13:42:20.897635+05:30
378,2026-07-16,present,53,,,,36,10532,2026-09-21 13:42:20.897635+05:30,2026-09-21 13:42:20.897635+05:30
378,2026-07-17,present,53,,,,36,10533,2026-09-21 13:42:20.897635+05:30,2026-09-21 13:42:20.897635+05:30
378,2026-07-18,present,53,,,,36,10534,2026-09-21 13:42:20.897635+05:30,2026-09-21 13:42:20.897635+05:30
378,2026-07-20,present,53,,,,36,10535,2026-09-21 13:42:20.897635+05:30,2026-09-21 13:42:20.897635+05:30
378,2026-07-21,present,53,,,,36,10536,2026-09-21 13:42:20.897635+05:30,2026-09-21 13:42:20.897635+05:30
378,2026-07-22,present,53,,,,36,10537,2026-09-21 13:42:20.897635+05:30,2026-09-21 13:42:20.897635+05:30
378,2026-07-24,present,53,,,,36,10538,2026-09-21 13:42:20.897635+05:30,2026-09-21 13:42:20.897635+05:30
378,2026-07-25,present,53,,,,36,10539,2026-09-21 13:42:20.897635+05:30,2026-09-21 13:42:20.897635+05:30
378,2026-07-27,absent,53,,,,36,10540,2026-09-21 13:42:20.897635+05:30,2026-09-21 13:42:20.897635+05:30
378,2026-07-28,present,53,,,,36,10541,2026-09-21 13:42:20.897635+05:30,2026-09-21 13:42:20.897635+05:30
378,2026-07-29,present,53,,,,36,10542,2026-09-21 13:42:20.897635+05:30,2026-09-21 13:42:20.897635+05:30
378,2026-07-30,present,53,,,,36,10543,2026-09-21 13:42:20.897635+05:30,2026-09-21 13:42:20.897635+05:30
378,2026-07-31,present,53,,,,36,10544,2026-09-21 13:42:20.897635+05:30,2026-09-21 13:42:20.897635+05:30
378,2026-08-01,present,53,,,,36,10545,2026-09-21 13:42:20.897635+05:30,2026-09-21 13:42:20.897635+05:30
378,2026-08-03,present,53,,,,36,10546,2026-09-21 13:42:20.897635+05:30,2026-09-21 13:42:20.897635+05:30
378,2026-08-04,present,53,,,,36,10547,2026-09-21 13:42:20.897635+05:30,2026-09-21 13:42:20.897635+05:30
378,2026-08-05,present,53,,,,36,10548,2026-09-21 13:42:20.897635+05:30,2026-09-21 13:42:20.897635+05:30
378,2026-08-06,present,53,,,,36,10549,2026-09-21 13:42:20.897635+05:30,2026-09-21 13:42:20.897635+05:30
378,2026-08-07,present,53,,,,36,10550,2026-09-21 13:42:20.897635+05:30,2026-09-21 13:42:20.897635+05:30
378,2026-08-08,present,53,,,,36,10551,2026-09-21 13:42:20.897635+05:30,2026-09-21 13:42:20.897635+05:30
378,2026-08-10,present,53,,,,36,10552,2026-09-21 13:42:20.897635+05:30,2026-09-21 13:42:20.897635+05:30
378,2026-08-12,present,53,,,,36,10553,2026-09-21 13:42:20.897635+05:30,2026-09-21 13:42:20.897635+05:30
378,2026-08-13,present,53,,,,36,10554,2026-09-21 13:42:20.897635+05:30,2026-09-21 13:42:20.897635+05:30
378,2026-08-14,present,53,,,,36,10555,2026-09-21 13:42:20.897635+05:30,2026-09-21 13:42:20.897635+05:30
378,2026-08-15,present,53,,,,36,10556,2026-09-21 13:42:20.897635+05:30,2026-09-21 13:42:20.897635+05:30
378,2026-08-17,present,53,,,,36,10557,2026-09-21 13:42:20.897635+05:30,2026-09-21 13:42:20.897635+05:30
378,2026-08-18,present,53,,,,36,10558,2026-09-21 13:42:20.897635+05:30,2026-09-21 13:42:20.897635+05:30
378,2026-08-19,present,53,,,,36,10559,2026-09-21 13:42:20.897635+05:30,2026-09-21 13:42:20.897635+05:30
378,2026-08-20,present,53,,,,36,10560,2026-09-21 13:42:20.897635+05:30,2026-09-21 13:42:20.897635+05:30
378,2026-08-21,present,53,,,,36,10561,2026-09-21 13:42:20.897635+05:30,2026-09-21 13:42:20.897635+05:30
378,2026-08-22,present,53,,,,36,10562,2026-09-21 13:42:20.897635+05:30,2026-09-21 13:42:20.897635+05:30
378,2026-08-24,absent,53,,,,36,10563,2026-09-21 13:42:20.897635+05:30,2026-09-21 13:42:20.897635+05:30
378,2026-08-25,present,53,,,,36,10564,2026-09-21 13:42:20.897635+05:30,2026-09-21 13:42:20.897635+05:30
378,2026-08-26,present,53,,,,36,10565,2026-09-21 13:42:20.897635+05:30,2026-09-21 13:42:20.897635+05:30
378,2026-08-27,present,53,,,,36,10566,2026-09-21 13:42:20.897635+05:30,2026-09-21 13:42:20.897635+05:30
378,2026-08-28,present,53,,,,36,10567,2026-09-21 13:42:20.897635+05:30,2026-09-21 13:42:20.897635+05:30
378,2026-08-29,present,53,,,,36,10568,2026-09-21 13:42:20.897635+05:30,2026-09-21 13:42:20.897635+05:30
378,2026-08-31,present,53,,,,36,10569,2026-09-21 13:42:20.897635+05:30,2026-09-21 13:42:20.897635+05:30
378,2026-09-01,present,53,,,,36,10570,2026-09-21 13:42:20.897635+05:30,2026-09-21 13:42:20.897635+05:30
379,2026-06-24,present,53,,,,36,10571,2026-09-21 13:42:20.897635+05:30,2026-09-21 13:42:20.897635+05:30
379,2026-06-25,present,53,,,,36,10572,2026-09-21 13:42:20.897635+05:30,2026-09-21 13:42:20.897635+05:30
379,2026-06-26,present,53,,,,36,10573,2026-09-21 13:42:20.897635+05:30,2026-09-21 13:42:20.897635+05:30
379,2026-06-27,present,53,,,,36,10574,2026-09-21 13:42:20.897635+05:30,2026-09-21 13:42:20.897635+05:30
379,2026-06-29,present,53,,,,36,10575,2026-09-21 13:42:20.897635+05:30,2026-09-21 13:42:20.897635+05:30
379,2026-06-30,present,53,,,,36,10576,2026-09-21 13:42:20.897635+05:30,2026-09-21 13:42:20.897635+05:30
379,2026-07-01,present,53,,,,36,10577,2026-09-21 13:42:20.897635+05:30,2026-09-21 13:42:20.897635+05:30
379,2026-07-02,present,53,,,,36,10578,2026-09-21 13:42:20.897635+05:30,2026-09-21 13:42:20.897635+05:30
379,2026-07-03,present,53,,,,36,10579,2026-09-21 13:42:20.897635+05:30,2026-09-21 13:42:20.897635+05:30
379,2026-07-04,present,53,,,,36,10580,2026-09-21 13:42:20.897635+05:30,2026-09-21 13:42:20.897635+05:30
379,2026-07-06,present,53,,,,36,10581,2026-09-21 13:42:20.897635+05:30,2026-09-21 13:42:20.897635+05:30
379,2026-07-07,present,53,,,,36,10582,2026-09-21 13:42:20.897635+05:30,2026-09-21 13:42:20.897635+05:30
379,2026-07-08,present,53,,,,36,10583,2026-09-21 13:42:20.897635+05:30,2026-09-21 13:42:20.897635+05:30
379,2026-07-09,absent,53,,,,36,10584,2026-09-21 13:42:20.897635+05:30,2026-09-21 13:42:20.897635+05:30
379,2026-07-10,present,53,,,,36,10585,2026-09-21 13:42:20.897635+05:30,2026-09-21 13:42:20.897635+05:30
379,2026-07-11,present,53,,,,36,10586,2026-09-21 13:42:20.897635+05:30,2026-09-21 13:42:20.897635+05:30
379,2026-07-13,present,53,,,,36,10587,2026-09-21 13:42:20.897635+05:30,2026-09-21 13:42:20.897635+05:30
379,2026-07-14,present,53,,,,36,10588,2026-09-21 13:42:20.897635+05:30,2026-09-21 13:42:20.897635+05:30
379,2026-07-15,present,53,,,,36,10589,2026-09-21 13:42:20.897635+05:30,2026-09-21 13:42:20.897635+05:30
379,2026-07-16,present,53,,,,36,10590,2026-09-21 13:42:20.897635+05:30,2026-09-21 13:42:20.897635+05:30
379,2026-07-17,present,53,,,,36,10591,2026-09-21 13:42:20.897635+05:30,2026-09-21 13:42:20.897635+05:30
379,2026-07-18,present,53,,,,36,10592,2026-09-21 13:42:20.897635+05:30,2026-09-21 13:42:20.897635+05:30
379,2026-07-20,present,53,,,,36,10593,2026-09-21 13:42:20.897635+05:30,2026-09-21 13:42:20.897635+05:30
379,2026-07-21,absent,53,,,,36,10594,2026-09-21 13:42:20.897635+05:30,2026-09-21 13:42:20.897635+05:30
379,2026-07-22,present,53,,,,36,10595,2026-09-21 13:42:20.897635+05:30,2026-09-21 13:42:20.897635+05:30
379,2026-07-24,present,53,,,,36,10596,2026-09-21 13:42:20.897635+05:30,2026-09-21 13:42:20.897635+05:30
379,2026-07-25,present,53,,,,36,10597,2026-09-21 13:42:20.897635+05:30,2026-09-21 13:42:20.897635+05:30
379,2026-07-27,present,53,,,,36,10598,2026-09-21 13:42:20.897635+05:30,2026-09-21 13:42:20.897635+05:30
379,2026-07-28,present,53,,,,36,10599,2026-09-21 13:42:20.897635+05:30,2026-09-21 13:42:20.897635+05:30
379,2026-07-29,present,53,,,,36,10600,2026-09-21 13:42:20.897635+05:30,2026-09-21 13:42:20.897635+05:30
379,2026-07-30,present,53,,,,36,10601,2026-09-21 13:42:20.897635+05:30,2026-09-21 13:42:20.897635+05:30
379,2026-07-31,present,53,,,,36,10602,2026-09-21 13:42:20.897635+05:30,2026-09-21 13:42:20.897635+05:30
379,2026-08-01,present,53,,,,36,10603,2026-09-21 13:42:20.897635+05:30,2026-09-21 13:42:20.897635+05:30
379,2026-08-03,present,53,,,,36,10604,2026-09-21 13:42:20.897635+05:30,2026-09-21 13:42:20.897635+05:30
379,2026-08-04,present,53,,,,36,10605,2026-09-21 13:42:20.897635+05:30,2026-09-21 13:42:20.897635+05:30
379,2026-08-05,present,53,,,,36,10606,2026-09-21 13:42:20.897635+05:30,2026-09-21 13:42:20.897635+05:30
379,2026-08-06,absent,53,,,,36,10607,2026-09-21 13:42:20.897635+05:30,2026-09-21 13:42:20.897635+05:30
379,2026-08-07,present,53,,,,36,10608,2026-09-21 13:42:20.897635+05:30,2026-09-21 13:42:20.897635+05:30
379,2026-08-08,present,53,,,,36,10609,2026-09-21 13:42:20.897635+05:30,2026-09-21 13:42:20.897635+05:30
379,2026-08-10,present,53,,,,36,10610,2026-09-21 13:42:20.897635+05:30,2026-09-21 13:42:20.897635+05:30
379,2026-08-12,present,53,,,,36,10611,2026-09-21 13:42:20.897635+05:30,2026-09-21 13:42:20.897635+05:30
379,2026-08-13,absent,53,,,,36,10612,2026-09-21 13:42:20.897635+05:30,2026-09-21 13:42:20.897635+05:30
379,2026-08-14,present,53,,,,36,10613,2026-09-21 13:42:20.897635+05:30,2026-09-21 13:42:20.897635+05:30
379,2026-08-15,present,53,,,,36,10614,2026-09-21 13:42:20.897635+05:30,2026-09-21 13:42:20.897635+05:30
379,2026-08-17,present,53,,,,36,10615,2026-09-21 13:42:20.897635+05:30,2026-09-21 13:42:20.897635+05:30
379,2026-08-18,present,53,,,,36,10616,2026-09-21 13:42:20.897635+05:30,2026-09-21 13:42:20.897635+05:30
379,2026-08-19,present,53,,,,36,10617,2026-09-21 13:42:20.897635+05:30,2026-09-21 13:42:20.897635+05:30
379,2026-08-20,present,53,,,,36,10618,2026-09-21 13:42:20.897635+05:30,2026-09-21 13:42:20.897635+05:30
379,2026-08-21,present,53,,,,36,10619,2026-09-21 13:42:20.897635+05:30,2026-09-21 13:42:20.897635+05:30
379,2026-08-22,present,53,,,,36,10620,2026-09-21 13:42:20.897635+05:30,2026-09-21 13:42:20.897635+05:30
379,2026-08-24,present,53,,,,36,10621,2026-09-21 13:42:20.897635+05:30,2026-09-21 13:42:20.897635+05:30
379,2026-08-25,present,53,,,,36,10622,2026-09-21 13:42:20.897635+05:30,2026-09-21 13:42:20.897635+05:30
379,2026-08-26,absent,53,,,,36,10623,2026-09-21 13:42:20.897635+05:30,2026-09-21 13:42:20.897635+05:30
379,2026-08-27,present,53,,,,36,10624,2026-09-21 13:42:20.897635+05:30,2026-09-21 13:42:20.897635+05:30
379,2026-08-28,present,53,,,,36,10625,2026-09-21 13:42:20.897635+05:30,2026-09-21 13:42:20.897635+05:30
379,2026-08-29,present,53,,,,36,10626,2026-09-21 13:42:20.897635+05:30,2026-09-21 13:42:20.897635+05:30
379,2026-08-31,present,53,,,,36,10627,2026-09-21 13:42:20.897635+05:30,2026-09-21 13:42:20.897635+05:30
379,2026-09-01,present,53,,,,36,10628,2026-09-21 13:42:20.897635+05:30,2026-09-21 13:42:20.897635+05:30
380,2026-06-24,present,53,,,,36,10629,2026-09-21 13:42:20.897635+05:30,2026-09-21 13:42:20.897635+05:30
380,2026-06-25,present,53,,,,36,10630,2026-09-21 13:42:20.897635+05:30,2026-09-21 13:42:20.897635+05:30
380,2026-06-26,present,53,,,,36,10631,2026-09-21 13:42:20.897635+05:30,2026-09-21 13:42:20.897635+05:30
380,2026-06-27,present,53,,,,36,10632,2026-09-21 13:42:20.897635+05:30,2026-09-21 13:42:20.897635+05:30
380,2026-06-29,present,53,,,,36,10633,2026-09-21 13:42:20.897635+05:30,2026-09-21 13:42:20.897635+05:30
380,2026-06-30,present,53,,,,36,10634,2026-09-21 13:42:20.897635+05:30,2026-09-21 13:42:20.897635+05:30
380,2026-07-01,present,53,,,,36,10635,2026-09-21 13:42:20.897635+05:30,2026-09-21 13:42:20.897635+05:30
380,2026-07-02,present,53,,,,36,10636,2026-09-21 13:42:20.897635+05:30,2026-09-21 13:42:20.897635+05:30
380,2026-07-03,present,53,,,,36,10637,2026-09-21 13:42:20.897635+05:30,2026-09-21 13:42:20.897635+05:30
380,2026-07-04,absent,53,,,,36,10638,2026-09-21 13:42:20.897635+05:30,2026-09-21 13:42:20.897635+05:30
380,2026-07-06,present,53,,,,36,10639,2026-09-21 13:42:20.897635+05:30,2026-09-21 13:42:20.897635+05:30
380,2026-07-07,present,53,,,,36,10640,2026-09-21 13:42:20.897635+05:30,2026-09-21 13:42:20.897635+05:30
380,2026-07-08,present,53,,,,36,10641,2026-09-21 13:42:20.897635+05:30,2026-09-21 13:42:20.897635+05:30
380,2026-07-09,present,53,,,,36,10642,2026-09-21 13:42:20.897635+05:30,2026-09-21 13:42:20.897635+05:30
380,2026-07-10,present,53,,,,36,10643,2026-09-21 13:42:20.897635+05:30,2026-09-21 13:42:20.897635+05:30
380,2026-07-11,present,53,,,,36,10644,2026-09-21 13:42:20.897635+05:30,2026-09-21 13:42:20.897635+05:30
380,2026-07-13,present,53,,,,36,10645,2026-09-21 13:42:20.897635+05:30,2026-09-21 13:42:20.897635+05:30
380,2026-07-14,present,53,,,,36,10646,2026-09-21 13:42:20.897635+05:30,2026-09-21 13:42:20.897635+05:30
380,2026-07-15,present,53,,,,36,10647,2026-09-21 13:42:20.897635+05:30,2026-09-21 13:42:20.897635+05:30
380,2026-07-16,present,53,,,,36,10648,2026-09-21 13:42:20.897635+05:30,2026-09-21 13:42:20.897635+05:30
380,2026-07-17,leave,53,,,,36,10649,2026-09-21 13:42:20.897635+05:30,2026-09-21 13:42:20.897635+05:30
380,2026-07-18,present,53,,,,36,10650,2026-09-21 13:42:20.897635+05:30,2026-09-21 13:42:20.897635+05:30
380,2026-07-20,leave,53,,,,36,10651,2026-09-21 13:42:20.897635+05:30,2026-09-21 13:42:20.897635+05:30
380,2026-07-21,present,53,,,,36,10652,2026-09-21 13:42:20.897635+05:30,2026-09-21 13:42:20.897635+05:30
380,2026-07-22,present,53,,,,36,10653,2026-09-21 13:42:20.897635+05:30,2026-09-21 13:42:20.897635+05:30
380,2026-07-24,present,53,,,,36,10654,2026-09-21 13:42:20.897635+05:30,2026-09-21 13:42:20.897635+05:30
380,2026-07-25,present,53,,,,36,10655,2026-09-21 13:42:20.897635+05:30,2026-09-21 13:42:20.897635+05:30
380,2026-07-27,absent,53,,,,36,10656,2026-09-21 13:42:20.897635+05:30,2026-09-21 13:42:20.897635+05:30
380,2026-07-28,present,53,,,,36,10657,2026-09-21 13:42:20.897635+05:30,2026-09-21 13:42:20.897635+05:30
380,2026-07-29,present,53,,,,36,10658,2026-09-21 13:42:20.897635+05:30,2026-09-21 13:42:20.897635+05:30
380,2026-07-30,present,53,,,,36,10659,2026-09-21 13:42:20.897635+05:30,2026-09-21 13:42:20.897635+05:30
380,2026-07-31,present,53,,,,36,10660,2026-09-21 13:42:20.897635+05:30,2026-09-21 13:42:20.897635+05:30
380,2026-08-01,present,53,,,,36,10661,2026-09-21 13:42:20.897635+05:30,2026-09-21 13:42:20.897635+05:30
380,2026-08-03,absent,53,,,,36,10662,2026-09-21 13:42:20.897635+05:30,2026-09-21 13:42:20.897635+05:30
380,2026-08-04,leave,53,,,,36,10663,2026-09-21 13:42:20.897635+05:30,2026-09-21 13:42:20.897635+05:30
380,2026-08-05,present,53,,,,36,10664,2026-09-21 13:42:20.897635+05:30,2026-09-21 13:42:20.897635+05:30
380,2026-08-06,present,53,,,,36,10665,2026-09-21 13:42:20.897635+05:30,2026-09-21 13:42:20.897635+05:30
380,2026-08-07,present,53,,,,36,10666,2026-09-21 13:42:20.897635+05:30,2026-09-21 13:42:20.897635+05:30
380,2026-08-08,present,53,,,,36,10667,2026-09-21 13:42:20.897635+05:30,2026-09-21 13:42:20.897635+05:30
380,2026-08-10,present,53,,,,36,10668,2026-09-21 13:42:20.897635+05:30,2026-09-21 13:42:20.897635+05:30
380,2026-08-12,present,53,,,,36,10669,2026-09-21 13:42:20.897635+05:30,2026-09-21 13:42:20.897635+05:30
380,2026-08-13,absent,53,,,,36,10670,2026-09-21 13:42:20.897635+05:30,2026-09-21 13:42:20.897635+05:30
380,2026-08-14,absent,53,,,,36,10671,2026-09-21 13:42:20.897635+05:30,2026-09-21 13:42:20.897635+05:30
380,2026-08-15,absent,53,,,,36,10672,2026-09-21 13:42:20.897635+05:30,2026-09-21 13:42:20.897635+05:30
380,2026-08-17,present,53,,,,36,10673,2026-09-21 13:42:20.897635+05:30,2026-09-21 13:42:20.897635+05:30
380,2026-08-18,present,53,,,,36,10674,2026-09-21 13:42:20.897635+05:30,2026-09-21 13:42:20.897635+05:30
380,2026-08-19,present,53,,,,36,10675,2026-09-21 13:42:20.897635+05:30,2026-09-21 13:42:20.897635+05:30
380,2026-08-20,present,53,,,,36,10676,2026-09-21 13:42:20.897635+05:30,2026-09-21 13:42:20.897635+05:30
380,2026-08-21,present,53,,,,36,10677,2026-09-21 13:42:20.897635+05:30,2026-09-21 13:42:20.897635+05:30
380,2026-08-22,present,53,,,,36,10678,2026-09-21 13:42:20.897635+05:30,2026-09-21 13:42:20.897635+05:30
380,2026-08-24,present,53,,,,36,10679,2026-09-21 13:42:20.897635+05:30,2026-09-21 13:42:20.897635+05:30
380,2026-08-25,present,53,,,,36,10680,2026-09-21 13:42:20.897635+05:30,2026-09-21 13:42:20.897635+05:30
380,2026-08-26,leave,53,,,,36,10681,2026-09-21 13:42:20.897635+05:30,2026-09-21 13:42:20.897635+05:30
380,2026-08-27,present,53,,,,36,10682,2026-09-21 13:42:20.897635+05:30,2026-09-21 13:42:20.897635+05:30
380,2026-08-28,present,53,,,,36,10683,2026-09-21 13:42:20.897635+05:30,2026-09-21 13:42:20.897635+05:30
380,2026-08-29,present,53,,,,36,10684,2026-09-21 13:42:20.897635+05:30,2026-09-21 13:42:20.897635+05:30
380,2026-08-31,present,53,,,,36,10685,2026-09-21 13:42:20.897635+05:30,2026-09-21 13:42:20.897635+05:30
380,2026-09-01,absent,53,,,,36,10686,2026-09-21 13:42:20.897635+05:30,2026-09-21 13:42:20.897635+05:30
381,2026-06-24,present,53,,,,36,10687,2026-09-21 13:42:20.897635+05:30,2026-09-21 13:42:20.897635+05:30
381,2026-06-25,present,53,,,,36,10688,2026-09-21 13:42:20.897635+05:30,2026-09-21 13:42:20.897635+05:30
381,2026-06-26,present,53,,,,36,10689,2026-09-21 13:42:20.897635+05:30,2026-09-21 13:42:20.897635+05:30
381,2026-06-27,leave,53,,,,36,10690,2026-09-21 13:42:20.897635+05:30,2026-09-21 13:42:20.897635+05:30
381,2026-06-29,present,53,,,,36,10691,2026-09-21 13:42:20.897635+05:30,2026-09-21 13:42:20.897635+05:30
381,2026-06-30,present,53,,,,36,10692,2026-09-21 13:42:20.897635+05:30,2026-09-21 13:42:20.897635+05:30
381,2026-07-01,leave,53,,,,36,10693,2026-09-21 13:42:20.897635+05:30,2026-09-21 13:42:20.897635+05:30
381,2026-07-02,present,53,,,,36,10694,2026-09-21 13:42:20.897635+05:30,2026-09-21 13:42:20.897635+05:30
381,2026-07-03,present,53,,,,36,10695,2026-09-21 13:42:20.897635+05:30,2026-09-21 13:42:20.897635+05:30
381,2026-07-04,present,53,,,,36,10696,2026-09-21 13:42:20.897635+05:30,2026-09-21 13:42:20.897635+05:30
381,2026-07-06,present,53,,,,36,10697,2026-09-21 13:42:20.897635+05:30,2026-09-21 13:42:20.897635+05:30
381,2026-07-07,present,53,,,,36,10698,2026-09-21 13:42:20.897635+05:30,2026-09-21 13:42:20.897635+05:30
381,2026-07-08,present,53,,,,36,10699,2026-09-21 13:42:20.897635+05:30,2026-09-21 13:42:20.897635+05:30
381,2026-07-09,present,53,,,,36,10700,2026-09-21 13:42:20.897635+05:30,2026-09-21 13:42:20.897635+05:30
381,2026-07-10,present,53,,,,36,10701,2026-09-21 13:42:20.897635+05:30,2026-09-21 13:42:20.897635+05:30
381,2026-07-11,present,53,,,,36,10702,2026-09-21 13:42:20.897635+05:30,2026-09-21 13:42:20.897635+05:30
381,2026-07-13,present,53,,,,36,10703,2026-09-21 13:42:20.897635+05:30,2026-09-21 13:42:20.897635+05:30
381,2026-07-14,present,53,,,,36,10704,2026-09-21 13:42:20.897635+05:30,2026-09-21 13:42:20.897635+05:30
381,2026-07-15,present,53,,,,36,10705,2026-09-21 13:42:20.897635+05:30,2026-09-21 13:42:20.897635+05:30
381,2026-07-16,present,53,,,,36,10706,2026-09-21 13:42:20.897635+05:30,2026-09-21 13:42:20.897635+05:30
381,2026-07-17,present,53,,,,36,10707,2026-09-21 13:42:20.897635+05:30,2026-09-21 13:42:20.897635+05:30
381,2026-07-18,present,53,,,,36,10708,2026-09-21 13:42:20.897635+05:30,2026-09-21 13:42:20.897635+05:30
381,2026-07-20,present,53,,,,36,10709,2026-09-21 13:42:20.897635+05:30,2026-09-21 13:42:20.897635+05:30
381,2026-07-21,present,53,,,,36,10710,2026-09-21 13:42:20.897635+05:30,2026-09-21 13:42:20.897635+05:30
381,2026-07-22,absent,53,,,,36,10711,2026-09-21 13:42:20.897635+05:30,2026-09-21 13:42:20.897635+05:30
381,2026-07-24,present,53,,,,36,10712,2026-09-21 13:42:20.897635+05:30,2026-09-21 13:42:20.897635+05:30
381,2026-07-25,present,53,,,,36,10713,2026-09-21 13:42:20.897635+05:30,2026-09-21 13:42:20.897635+05:30
381,2026-07-27,present,53,,,,36,10714,2026-09-21 13:42:20.897635+05:30,2026-09-21 13:42:20.897635+05:30
381,2026-07-28,present,53,,,,36,10715,2026-09-21 13:42:20.897635+05:30,2026-09-21 13:42:20.897635+05:30
381,2026-07-29,present,53,,,,36,10716,2026-09-21 13:42:20.897635+05:30,2026-09-21 13:42:20.897635+05:30
381,2026-07-30,present,53,,,,36,10717,2026-09-21 13:42:20.897635+05:30,2026-09-21 13:42:20.897635+05:30
381,2026-07-31,present,53,,,,36,10718,2026-09-21 13:42:20.897635+05:30,2026-09-21 13:42:20.897635+05:30
381,2026-08-01,present,53,,,,36,10719,2026-09-21 13:42:20.897635+05:30,2026-09-21 13:42:20.897635+05:30
381,2026-08-03,present,53,,,,36,10720,2026-09-21 13:42:20.897635+05:30,2026-09-21 13:42:20.897635+05:30
381,2026-08-04,present,53,,,,36,10721,2026-09-21 13:42:20.897635+05:30,2026-09-21 13:42:20.897635+05:30
381,2026-08-05,present,53,,,,36,10722,2026-09-21 13:42:20.897635+05:30,2026-09-21 13:42:20.897635+05:30
381,2026-08-06,present,53,,,,36,10723,2026-09-21 13:42:20.897635+05:30,2026-09-21 13:42:20.897635+05:30
381,2026-08-07,present,53,,,,36,10724,2026-09-21 13:42:20.897635+05:30,2026-09-21 13:42:20.897635+05:30
381,2026-08-08,present,53,,,,36,10725,2026-09-21 13:42:20.897635+05:30,2026-09-21 13:42:20.897635+05:30
381,2026-08-10,present,53,,,,36,10726,2026-09-21 13:42:20.897635+05:30,2026-09-21 13:42:20.897635+05:30
381,2026-08-12,present,53,,,,36,10727,2026-09-21 13:42:20.897635+05:30,2026-09-21 13:42:20.897635+05:30
381,2026-08-13,present,53,,,,36,10728,2026-09-21 13:42:20.897635+05:30,2026-09-21 13:42:20.897635+05:30
381,2026-08-14,present,53,,,,36,10729,2026-09-21 13:42:20.897635+05:30,2026-09-21 13:42:20.897635+05:30
381,2026-08-15,present,53,,,,36,10730,2026-09-21 13:42:20.897635+05:30,2026-09-21 13:42:20.897635+05:30
381,2026-08-17,present,53,,,,36,10731,2026-09-21 13:42:20.897635+05:30,2026-09-21 13:42:20.897635+05:30
381,2026-08-18,present,53,,,,36,10732,2026-09-21 13:42:20.897635+05:30,2026-09-21 13:42:20.897635+05:30
381,2026-08-19,present,53,,,,36,10733,2026-09-21 13:42:20.897635+05:30,2026-09-21 13:42:20.897635+05:30
381,2026-08-20,absent,53,,,,36,10734,2026-09-21 13:42:20.897635+05:30,2026-09-21 13:42:20.897635+05:30
381,2026-08-21,present,53,,,,36,10735,2026-09-21 13:42:20.897635+05:30,2026-09-21 13:42:20.897635+05:30
381,2026-08-22,present,53,,,,36,10736,2026-09-21 13:42:20.897635+05:30,2026-09-21 13:42:20.897635+05:30
381,2026-08-24,present,53,,,,36,10737,2026-09-21 13:42:20.897635+05:30,2026-09-21 13:42:20.897635+05:30
381,2026-08-25,leave,53,,,,36,10738,2026-09-21 13:42:20.897635+05:30,2026-09-21 13:42:20.897635+05:30
381,2026-08-26,present,53,,,,36,10739,2026-09-21 13:42:20.897635+05:30,2026-09-21 13:42:20.897635+05:30
381,2026-08-27,present,53,,,,36,10740,2026-09-21 13:42:20.897635+05:30,2026-09-21 13:42:20.897635+05:30
381,2026-08-28,present,53,,,,36,10741,2026-09-21 13:42:20.897635+05:30,2026-09-21 13:42:20.897635+05:30
381,2026-08-29,present,53,,,,36,10742,2026-09-21 13:42:20.897635+05:30,2026-09-21 13:42:20.897635+05:30
381,2026-08-31,leave,53,,,,36,10743,2026-09-21 13:42:20.897635+05:30,2026-09-21 13:42:20.897635+05:30
381,2026-09-01,present,53,,,,36,10744,2026-09-21 13:42:20.897635+05:30,2026-09-21 13:42:20.897635+05:30
382,2026-06-24,present,53,,,,36,10745,2026-09-21 13:42:20.897635+05:30,2026-09-21 13:42:20.897635+05:30
382,2026-06-25,present,53,,,,36,10746,2026-09-21 13:42:20.897635+05:30,2026-09-21 13:42:20.897635+05:30
382,2026-06-26,present,53,,,,36,10747,2026-09-21 13:42:20.897635+05:30,2026-09-21 13:42:20.897635+05:30
382,2026-06-27,present,53,,,,36,10748,2026-09-21 13:42:20.897635+05:30,2026-09-21 13:42:20.897635+05:30
382,2026-06-29,present,53,,,,36,10749,2026-09-21 13:42:20.897635+05:30,2026-09-21 13:42:20.897635+05:30
382,2026-06-30,present,53,,,,36,10750,2026-09-21 13:42:20.897635+05:30,2026-09-21 13:42:20.897635+05:30
382,2026-07-01,present,53,,,,36,10751,2026-09-21 13:42:20.897635+05:30,2026-09-21 13:42:20.897635+05:30
382,2026-07-02,present,53,,,,36,10752,2026-09-21 13:42:20.897635+05:30,2026-09-21 13:42:20.897635+05:30
382,2026-07-03,present,53,,,,36,10753,2026-09-21 13:42:20.897635+05:30,2026-09-21 13:42:20.897635+05:30
382,2026-07-04,present,53,,,,36,10754,2026-09-21 13:42:20.897635+05:30,2026-09-21 13:42:20.897635+05:30
382,2026-07-06,present,53,,,,36,10755,2026-09-21 13:42:20.897635+05:30,2026-09-21 13:42:20.897635+05:30
382,2026-07-07,present,53,,,,36,10756,2026-09-21 13:42:20.897635+05:30,2026-09-21 13:42:20.897635+05:30
382,2026-07-08,absent,53,,,,36,10757,2026-09-21 13:42:20.897635+05:30,2026-09-21 13:42:20.897635+05:30
382,2026-07-09,present,53,,,,36,10758,2026-09-21 13:42:20.897635+05:30,2026-09-21 13:42:20.897635+05:30
382,2026-07-10,present,53,,,,36,10759,2026-09-21 13:42:20.897635+05:30,2026-09-21 13:42:20.897635+05:30
382,2026-07-11,present,53,,,,36,10760,2026-09-21 13:42:20.897635+05:30,2026-09-21 13:42:20.897635+05:30
382,2026-07-13,present,53,,,,36,10761,2026-09-21 13:42:20.897635+05:30,2026-09-21 13:42:20.897635+05:30
382,2026-07-14,present,53,,,,36,10762,2026-09-21 13:42:20.897635+05:30,2026-09-21 13:42:20.897635+05:30
382,2026-07-15,present,53,,,,36,10763,2026-09-21 13:42:20.897635+05:30,2026-09-21 13:42:20.897635+05:30
382,2026-07-16,present,53,,,,36,10764,2026-09-21 13:42:20.897635+05:30,2026-09-21 13:42:20.897635+05:30
382,2026-07-17,present,53,,,,36,10765,2026-09-21 13:42:20.897635+05:30,2026-09-21 13:42:20.897635+05:30
382,2026-07-18,present,53,,,,36,10766,2026-09-21 13:42:20.897635+05:30,2026-09-21 13:42:20.897635+05:30
382,2026-07-20,present,53,,,,36,10767,2026-09-21 13:42:20.897635+05:30,2026-09-21 13:42:20.897635+05:30
382,2026-07-21,present,53,,,,36,10768,2026-09-21 13:42:20.897635+05:30,2026-09-21 13:42:20.897635+05:30
382,2026-07-22,present,53,,,,36,10769,2026-09-21 13:42:20.897635+05:30,2026-09-21 13:42:20.897635+05:30
382,2026-07-24,present,53,,,,36,10770,2026-09-21 13:42:20.897635+05:30,2026-09-21 13:42:20.897635+05:30
382,2026-07-25,absent,53,,,,36,10771,2026-09-21 13:42:20.897635+05:30,2026-09-21 13:42:20.897635+05:30
382,2026-07-27,present,53,,,,36,10772,2026-09-21 13:42:20.897635+05:30,2026-09-21 13:42:20.897635+05:30
382,2026-07-28,present,53,,,,36,10773,2026-09-21 13:42:20.897635+05:30,2026-09-21 13:42:20.897635+05:30
382,2026-07-29,present,53,,,,36,10774,2026-09-21 13:42:20.897635+05:30,2026-09-21 13:42:20.897635+05:30
382,2026-07-30,present,53,,,,36,10775,2026-09-21 13:42:20.897635+05:30,2026-09-21 13:42:20.897635+05:30
382,2026-07-31,present,53,,,,36,10776,2026-09-21 13:42:20.897635+05:30,2026-09-21 13:42:20.897635+05:30
382,2026-08-01,absent,53,,,,36,10777,2026-09-21 13:42:20.897635+05:30,2026-09-21 13:42:20.897635+05:30
382,2026-08-03,present,53,,,,36,10778,2026-09-21 13:42:20.897635+05:30,2026-09-21 13:42:20.897635+05:30
382,2026-08-04,present,53,,,,36,10779,2026-09-21 13:42:20.897635+05:30,2026-09-21 13:42:20.897635+05:30
382,2026-08-05,present,53,,,,36,10780,2026-09-21 13:42:20.897635+05:30,2026-09-21 13:42:20.897635+05:30
382,2026-08-06,present,53,,,,36,10781,2026-09-21 13:42:20.897635+05:30,2026-09-21 13:42:20.897635+05:30
382,2026-08-07,present,53,,,,36,10782,2026-09-21 13:42:20.897635+05:30,2026-09-21 13:42:20.897635+05:30
382,2026-08-08,present,53,,,,36,10783,2026-09-21 13:42:20.897635+05:30,2026-09-21 13:42:20.897635+05:30
382,2026-08-10,present,53,,,,36,10784,2026-09-21 13:42:20.897635+05:30,2026-09-21 13:42:20.897635+05:30
382,2026-08-12,present,53,,,,36,10785,2026-09-21 13:42:20.897635+05:30,2026-09-21 13:42:20.897635+05:30
382,2026-08-13,present,53,,,,36,10786,2026-09-21 13:42:20.897635+05:30,2026-09-21 13:42:20.897635+05:30
382,2026-08-14,present,53,,,,36,10787,2026-09-21 13:42:20.897635+05:30,2026-09-21 13:42:20.897635+05:30
382,2026-08-15,present,53,,,,36,10788,2026-09-21 13:42:20.897635+05:30,2026-09-21 13:42:20.897635+05:30
382,2026-08-17,present,53,,,,36,10789,2026-09-21 13:42:20.897635+05:30,2026-09-21 13:42:20.897635+05:30
382,2026-08-18,present,53,,,,36,10790,2026-09-21 13:42:20.897635+05:30,2026-09-21 13:42:20.897635+05:30
382,2026-08-19,present,53,,,,36,10791,2026-09-21 13:42:20.897635+05:30,2026-09-21 13:42:20.897635+05:30
382,2026-08-20,present,53,,,,36,10792,2026-09-21 13:42:20.897635+05:30,2026-09-21 13:42:20.897635+05:30
382,2026-08-21,present,53,,,,36,10793,2026-09-21 13:42:20.897635+05:30,2026-09-21 13:42:20.897635+05:30
382,2026-08-22,present,53,,,,36,10794,2026-09-21 13:42:20.897635+05:30,2026-09-21 13:42:20.897635+05:30
382,2026-08-24,present,53,,,,36,10795,2026-09-21 13:42:20.897635+05:30,2026-09-21 13:42:20.897635+05:30
382,2026-08-25,present,53,,,,36,10796,2026-09-21 13:42:20.897635+05:30,2026-09-21 13:42:20.897635+05:30
382,2026-08-26,absent,53,,,,36,10797,2026-09-21 13:42:20.897635+05:30,2026-09-21 13:42:20.897635+05:30
382,2026-08-27,present,53,,,,36,10798,2026-09-21 13:42:20.897635+05:30,2026-09-21 13:42:20.897635+05:30
382,2026-08-28,present,53,,,,36,10799,2026-09-21 13:42:20.897635+05:30,2026-09-21 13:42:20.897635+05:30
382,2026-08-29,leave,53,,,,36,10800,2026-09-21 13:42:20.897635+05:30,2026-09-21 13:42:20.897635+05:30
382,2026-08-31,present,53,,,,36,10801,2026-09-21 13:42:20.897635+05:30,2026-09-21 13:42:20.897635+05:30
382,2026-09-01,present,53,,,,36,10802,2026-09-21 13:42:20.897635+05:30,2026-09-21 13:42:20.897635+05:30
383,2026-06-24,present,53,,,,36,10803,2026-09-21 13:42:20.897635+05:30,2026-09-21 13:42:20.897635+05:30
383,2026-06-25,present,53,,,,36,10804,2026-09-21 13:42:20.897635+05:30,2026-09-21 13:42:20.897635+05:30
383,2026-06-26,leave,53,,,,36,10805,2026-09-21 13:42:20.897635+05:30,2026-09-21 13:42:20.897635+05:30
383,2026-06-27,present,53,,,,36,10806,2026-09-21 13:42:20.897635+05:30,2026-09-21 13:42:20.897635+05:30
383,2026-06-29,present,53,,,,36,10807,2026-09-21 13:42:20.897635+05:30,2026-09-21 13:42:20.897635+05:30
383,2026-06-30,present,53,,,,36,10808,2026-09-21 13:42:20.897635+05:30,2026-09-21 13:42:20.897635+05:30
383,2026-07-01,present,53,,,,36,10809,2026-09-21 13:42:20.897635+05:30,2026-09-21 13:42:20.897635+05:30
383,2026-07-02,absent,53,,,,36,10810,2026-09-21 13:42:20.897635+05:30,2026-09-21 13:42:20.897635+05:30
383,2026-07-03,present,53,,,,36,10811,2026-09-21 13:42:20.897635+05:30,2026-09-21 13:42:20.897635+05:30
383,2026-07-04,present,53,,,,36,10812,2026-09-21 13:42:20.897635+05:30,2026-09-21 13:42:20.897635+05:30
383,2026-07-06,present,53,,,,36,10813,2026-09-21 13:42:20.897635+05:30,2026-09-21 13:42:20.897635+05:30
383,2026-07-07,present,53,,,,36,10814,2026-09-21 13:42:20.897635+05:30,2026-09-21 13:42:20.897635+05:30
383,2026-07-08,present,53,,,,36,10815,2026-09-21 13:42:20.897635+05:30,2026-09-21 13:42:20.897635+05:30
383,2026-07-09,present,53,,,,36,10816,2026-09-21 13:42:20.897635+05:30,2026-09-21 13:42:20.897635+05:30
383,2026-07-10,present,53,,,,36,10817,2026-09-21 13:42:20.897635+05:30,2026-09-21 13:42:20.897635+05:30
383,2026-07-11,present,53,,,,36,10818,2026-09-21 13:42:20.897635+05:30,2026-09-21 13:42:20.897635+05:30
383,2026-07-13,present,53,,,,36,10819,2026-09-21 13:42:20.897635+05:30,2026-09-21 13:42:20.897635+05:30
383,2026-07-14,present,53,,,,36,10820,2026-09-21 13:42:20.897635+05:30,2026-09-21 13:42:20.897635+05:30
383,2026-07-15,present,53,,,,36,10821,2026-09-21 13:42:20.897635+05:30,2026-09-21 13:42:20.897635+05:30
383,2026-07-16,present,53,,,,36,10822,2026-09-21 13:42:20.897635+05:30,2026-09-21 13:42:20.897635+05:30
383,2026-07-17,present,53,,,,36,10823,2026-09-21 13:42:20.897635+05:30,2026-09-21 13:42:20.897635+05:30
383,2026-07-18,present,53,,,,36,10824,2026-09-21 13:42:20.897635+05:30,2026-09-21 13:42:20.897635+05:30
383,2026-07-20,present,53,,,,36,10825,2026-09-21 13:42:20.897635+05:30,2026-09-21 13:42:20.897635+05:30
383,2026-07-21,present,53,,,,36,10826,2026-09-21 13:42:20.897635+05:30,2026-09-21 13:42:20.897635+05:30
383,2026-07-22,present,53,,,,36,10827,2026-09-21 13:42:20.897635+05:30,2026-09-21 13:42:20.897635+05:30
383,2026-07-24,present,53,,,,36,10828,2026-09-21 13:42:20.897635+05:30,2026-09-21 13:42:20.897635+05:30
383,2026-07-25,present,53,,,,36,10829,2026-09-21 13:42:20.897635+05:30,2026-09-21 13:42:20.897635+05:30
383,2026-07-27,present,53,,,,36,10830,2026-09-21 13:42:20.897635+05:30,2026-09-21 13:42:20.897635+05:30
383,2026-07-28,present,53,,,,36,10831,2026-09-21 13:42:20.897635+05:30,2026-09-21 13:42:20.897635+05:30
383,2026-07-29,present,53,,,,36,10832,2026-09-21 13:42:20.897635+05:30,2026-09-21 13:42:20.897635+05:30
383,2026-07-30,present,53,,,,36,10833,2026-09-21 13:42:20.897635+05:30,2026-09-21 13:42:20.897635+05:30
383,2026-07-31,present,53,,,,36,10834,2026-09-21 13:42:20.897635+05:30,2026-09-21 13:42:20.897635+05:30
383,2026-08-01,present,53,,,,36,10835,2026-09-21 13:42:20.897635+05:30,2026-09-21 13:42:20.897635+05:30
383,2026-08-03,present,53,,,,36,10836,2026-09-21 13:42:20.897635+05:30,2026-09-21 13:42:20.897635+05:30
383,2026-08-04,present,53,,,,36,10837,2026-09-21 13:42:20.897635+05:30,2026-09-21 13:42:20.897635+05:30
383,2026-08-05,present,53,,,,36,10838,2026-09-21 13:42:20.897635+05:30,2026-09-21 13:42:20.897635+05:30
383,2026-08-06,present,53,,,,36,10839,2026-09-21 13:42:20.897635+05:30,2026-09-21 13:42:20.897635+05:30
383,2026-08-07,present,53,,,,36,10840,2026-09-21 13:42:20.897635+05:30,2026-09-21 13:42:20.897635+05:30
383,2026-08-08,present,53,,,,36,10841,2026-09-21 13:42:20.897635+05:30,2026-09-21 13:42:20.897635+05:30
383,2026-08-10,present,53,,,,36,10842,2026-09-21 13:42:20.897635+05:30,2026-09-21 13:42:20.897635+05:30
383,2026-08-12,absent,53,,,,36,10843,2026-09-21 13:42:20.897635+05:30,2026-09-21 13:42:20.897635+05:30
383,2026-08-13,present,53,,,,36,10844,2026-09-21 13:42:20.897635+05:30,2026-09-21 13:42:20.897635+05:30
383,2026-08-14,present,53,,,,36,10845,2026-09-21 13:42:20.897635+05:30,2026-09-21 13:42:20.897635+05:30
383,2026-08-15,present,53,,,,36,10846,2026-09-21 13:42:20.897635+05:30,2026-09-21 13:42:20.897635+05:30
383,2026-08-17,present,53,,,,36,10847,2026-09-21 13:42:20.897635+05:30,2026-09-21 13:42:20.897635+05:30
383,2026-08-18,present,53,,,,36,10848,2026-09-21 13:42:20.897635+05:30,2026-09-21 13:42:20.897635+05:30
383,2026-08-19,leave,53,,,,36,10849,2026-09-21 13:42:20.897635+05:30,2026-09-21 13:42:20.897635+05:30
383,2026-08-20,present,53,,,,36,10850,2026-09-21 13:42:20.897635+05:30,2026-09-21 13:42:20.897635+05:30
383,2026-08-21,present,53,,,,36,10851,2026-09-21 13:42:20.897635+05:30,2026-09-21 13:42:20.897635+05:30
383,2026-08-22,present,53,,,,36,10852,2026-09-21 13:42:20.897635+05:30,2026-09-21 13:42:20.897635+05:30
383,2026-08-24,present,53,,,,36,10853,2026-09-21 13:42:20.897635+05:30,2026-09-21 13:42:20.897635+05:30
383,2026-08-25,present,53,,,,36,10854,2026-09-21 13:42:20.897635+05:30,2026-09-21 13:42:20.897635+05:30
383,2026-08-26,present,53,,,,36,10855,2026-09-21 13:42:20.897635+05:30,2026-09-21 13:42:20.897635+05:30
383,2026-08-27,present,53,,,,36,10856,2026-09-21 13:42:20.897635+05:30,2026-09-21 13:42:20.897635+05:30
383,2026-08-28,present,53,,,,36,10857,2026-09-21 13:42:20.897635+05:30,2026-09-21 13:42:20.897635+05:30
383,2026-08-29,present,53,,,,36,10858,2026-09-21 13:42:20.897635+05:30,2026-09-21 13:42:20.897635+05:30
383,2026-08-31,present,53,,,,36,10859,2026-09-21 13:42:20.897635+05:30,2026-09-21 13:42:20.897635+05:30
383,2026-09-01,present,53,,,,36,10860,2026-09-21 13:42:20.897635+05:30,2026-09-21 13:42:20.897635+05:30
384,2026-06-24,leave,53,,,,36,10861,2026-09-21 13:42:20.897635+05:30,2026-09-21 13:42:20.897635+05:30
384,2026-06-25,present,53,,,,36,10862,2026-09-21 13:42:20.897635+05:30,2026-09-21 13:42:20.897635+05:30
384,2026-06-26,leave,53,,,,36,10863,2026-09-21 13:42:20.897635+05:30,2026-09-21 13:42:20.897635+05:30
384,2026-06-27,present,53,,,,36,10864,2026-09-21 13:42:20.897635+05:30,2026-09-21 13:42:20.897635+05:30
384,2026-06-29,present,53,,,,36,10865,2026-09-21 13:42:20.897635+05:30,2026-09-21 13:42:20.897635+05:30
384,2026-06-30,present,53,,,,36,10866,2026-09-21 13:42:20.897635+05:30,2026-09-21 13:42:20.897635+05:30
384,2026-07-01,present,53,,,,36,10867,2026-09-21 13:42:20.897635+05:30,2026-09-21 13:42:20.897635+05:30
384,2026-07-02,present,53,,,,36,10868,2026-09-21 13:42:20.897635+05:30,2026-09-21 13:42:20.897635+05:30
384,2026-07-03,leave,53,,,,36,10869,2026-09-21 13:42:20.897635+05:30,2026-09-21 13:42:20.897635+05:30
384,2026-07-04,present,53,,,,36,10870,2026-09-21 13:42:20.897635+05:30,2026-09-21 13:42:20.897635+05:30
384,2026-07-06,present,53,,,,36,10871,2026-09-21 13:42:20.897635+05:30,2026-09-21 13:42:20.897635+05:30
384,2026-07-07,present,53,,,,36,10872,2026-09-21 13:42:20.897635+05:30,2026-09-21 13:42:20.897635+05:30
384,2026-07-08,present,53,,,,36,10873,2026-09-21 13:42:20.897635+05:30,2026-09-21 13:42:20.897635+05:30
384,2026-07-09,present,53,,,,36,10874,2026-09-21 13:42:20.897635+05:30,2026-09-21 13:42:20.897635+05:30
384,2026-07-10,absent,53,,,,36,10875,2026-09-21 13:42:20.897635+05:30,2026-09-21 13:42:20.897635+05:30
384,2026-07-11,present,53,,,,36,10876,2026-09-21 13:42:20.897635+05:30,2026-09-21 13:42:20.897635+05:30
384,2026-07-13,present,53,,,,36,10877,2026-09-21 13:42:20.897635+05:30,2026-09-21 13:42:20.897635+05:30
384,2026-07-14,present,53,,,,36,10878,2026-09-21 13:42:20.897635+05:30,2026-09-21 13:42:20.897635+05:30
384,2026-07-15,absent,53,,,,36,10879,2026-09-21 13:42:20.897635+05:30,2026-09-21 13:42:20.897635+05:30
384,2026-07-16,present,53,,,,36,10880,2026-09-21 13:42:20.897635+05:30,2026-09-21 13:42:20.897635+05:30
384,2026-07-17,present,53,,,,36,10881,2026-09-21 13:42:20.897635+05:30,2026-09-21 13:42:20.897635+05:30
384,2026-07-18,present,53,,,,36,10882,2026-09-21 13:42:20.897635+05:30,2026-09-21 13:42:20.897635+05:30
384,2026-07-20,present,53,,,,36,10883,2026-09-21 13:42:20.897635+05:30,2026-09-21 13:42:20.897635+05:30
384,2026-07-21,present,53,,,,36,10884,2026-09-21 13:42:20.897635+05:30,2026-09-21 13:42:20.897635+05:30
384,2026-07-22,present,53,,,,36,10885,2026-09-21 13:42:20.897635+05:30,2026-09-21 13:42:20.897635+05:30
384,2026-07-24,present,53,,,,36,10886,2026-09-21 13:42:20.897635+05:30,2026-09-21 13:42:20.897635+05:30
384,2026-07-25,present,53,,,,36,10887,2026-09-21 13:42:20.897635+05:30,2026-09-21 13:42:20.897635+05:30
384,2026-07-27,present,53,,,,36,10888,2026-09-21 13:42:20.897635+05:30,2026-09-21 13:42:20.897635+05:30
384,2026-07-28,present,53,,,,36,10889,2026-09-21 13:42:20.897635+05:30,2026-09-21 13:42:20.897635+05:30
384,2026-07-29,present,53,,,,36,10890,2026-09-21 13:42:20.897635+05:30,2026-09-21 13:42:20.897635+05:30
384,2026-07-30,present,53,,,,36,10891,2026-09-21 13:42:20.897635+05:30,2026-09-21 13:42:20.897635+05:30
384,2026-07-31,present,53,,,,36,10892,2026-09-21 13:42:20.897635+05:30,2026-09-21 13:42:20.897635+05:30
384,2026-08-01,present,53,,,,36,10893,2026-09-21 13:42:20.897635+05:30,2026-09-21 13:42:20.897635+05:30
384,2026-08-03,present,53,,,,36,10894,2026-09-21 13:42:20.897635+05:30,2026-09-21 13:42:20.897635+05:30
384,2026-08-04,present,53,,,,36,10895,2026-09-21 13:42:20.897635+05:30,2026-09-21 13:42:20.897635+05:30
384,2026-08-05,present,53,,,,36,10896,2026-09-21 13:42:20.897635+05:30,2026-09-21 13:42:20.897635+05:30
384,2026-08-06,present,53,,,,36,10897,2026-09-21 13:42:20.897635+05:30,2026-09-21 13:42:20.897635+05:30
384,2026-08-07,present,53,,,,36,10898,2026-09-21 13:42:20.897635+05:30,2026-09-21 13:42:20.897635+05:30
384,2026-08-08,present,53,,,,36,10899,2026-09-21 13:42:20.897635+05:30,2026-09-21 13:42:20.897635+05:30
384,2026-08-10,present,53,,,,36,10900,2026-09-21 13:42:20.897635+05:30,2026-09-21 13:42:20.897635+05:30
384,2026-08-12,present,53,,,,36,10901,2026-09-21 13:42:20.897635+05:30,2026-09-21 13:42:20.897635+05:30
384,2026-08-13,present,53,,,,36,10902,2026-09-21 13:42:20.897635+05:30,2026-09-21 13:42:20.897635+05:30
384,2026-08-14,present,53,,,,36,10903,2026-09-21 13:42:20.897635+05:30,2026-09-21 13:42:20.897635+05:30
384,2026-08-15,present,53,,,,36,10904,2026-09-21 13:42:20.897635+05:30,2026-09-21 13:42:20.897635+05:30
384,2026-08-17,present,53,,,,36,10905,2026-09-21 13:42:20.897635+05:30,2026-09-21 13:42:20.897635+05:30
384,2026-08-18,present,53,,,,36,10906,2026-09-21 13:42:20.897635+05:30,2026-09-21 13:42:20.897635+05:30
384,2026-08-19,present,53,,,,36,10907,2026-09-21 13:42:20.897635+05:30,2026-09-21 13:42:20.897635+05:30
384,2026-08-20,present,53,,,,36,10908,2026-09-21 13:42:20.897635+05:30,2026-09-21 13:42:20.897635+05:30
384,2026-08-21,present,53,,,,36,10909,2026-09-21 13:42:20.897635+05:30,2026-09-21 13:42:20.897635+05:30
384,2026-08-22,present,53,,,,36,10910,2026-09-21 13:42:20.897635+05:30,2026-09-21 13:42:20.897635+05:30
384,2026-08-24,present,53,,,,36,10911,2026-09-21 13:42:20.897635+05:30,2026-09-21 13:42:20.897635+05:30
384,2026-08-25,present,53,,,,36,10912,2026-09-21 13:42:20.897635+05:30,2026-09-21 13:42:20.897635+05:30
384,2026-08-26,present,53,,,,36,10913,2026-09-21 13:42:20.897635+05:30,2026-09-21 13:42:20.897635+05:30
384,2026-08-27,present,53,,,,36,10914,2026-09-21 13:42:20.897635+05:30,2026-09-21 13:42:20.897635+05:30
384,2026-08-28,present,53,,,,36,10915,2026-09-21 13:42:20.897635+05:30,2026-09-21 13:42:20.897635+05:30
384,2026-08-29,present,53,,,,36,10916,2026-09-21 13:42:20.897635+05:30,2026-09-21 13:42:20.897635+05:30
384,2026-08-31,present,53,,,,36,10917,2026-09-21 13:42:20.897635+05:30,2026-09-21 13:42:20.897635+05:30
384,2026-09-01,absent,53,,,,36,10918,2026-09-21 13:42:20.897635+05:30,2026-09-21 13:42:20.897635+05:30
385,2026-06-24,present,53,,,,36,10919,2026-09-21 13:42:20.897635+05:30,2026-09-21 13:42:20.897635+05:30
385,2026-06-25,present,53,,,,36,10920,2026-09-21 13:42:20.897635+05:30,2026-09-21 13:42:20.897635+05:30
385,2026-06-26,leave,53,,,,36,10921,2026-09-21 13:42:20.897635+05:30,2026-09-21 13:42:20.897635+05:30
385,2026-06-27,present,53,,,,36,10922,2026-09-21 13:42:20.897635+05:30,2026-09-21 13:42:20.897635+05:30
385,2026-06-29,present,53,,,,36,10923,2026-09-21 13:42:20.897635+05:30,2026-09-21 13:42:20.897635+05:30
385,2026-06-30,present,53,,,,36,10924,2026-09-21 13:42:20.897635+05:30,2026-09-21 13:42:20.897635+05:30
385,2026-07-01,present,53,,,,36,10925,2026-09-21 13:42:20.897635+05:30,2026-09-21 13:42:20.897635+05:30
385,2026-07-02,leave,53,,,,36,10926,2026-09-21 13:42:20.897635+05:30,2026-09-21 13:42:20.897635+05:30
385,2026-07-03,leave,53,,,,36,10927,2026-09-21 13:42:20.897635+05:30,2026-09-21 13:42:20.897635+05:30
385,2026-07-04,present,53,,,,36,10928,2026-09-21 13:42:20.897635+05:30,2026-09-21 13:42:20.897635+05:30
385,2026-07-06,present,53,,,,36,10929,2026-09-21 13:42:20.897635+05:30,2026-09-21 13:42:20.897635+05:30
385,2026-07-07,present,53,,,,36,10930,2026-09-21 13:42:20.897635+05:30,2026-09-21 13:42:20.897635+05:30
385,2026-07-08,present,53,,,,36,10931,2026-09-21 13:42:20.897635+05:30,2026-09-21 13:42:20.897635+05:30
385,2026-07-09,present,53,,,,36,10932,2026-09-21 13:42:20.897635+05:30,2026-09-21 13:42:20.897635+05:30
385,2026-07-10,present,53,,,,36,10933,2026-09-21 13:42:20.897635+05:30,2026-09-21 13:42:20.897635+05:30
385,2026-07-11,present,53,,,,36,10934,2026-09-21 13:42:20.897635+05:30,2026-09-21 13:42:20.897635+05:30
385,2026-07-13,present,53,,,,36,10935,2026-09-21 13:42:20.897635+05:30,2026-09-21 13:42:20.897635+05:30
385,2026-07-14,present,53,,,,36,10936,2026-09-21 13:42:20.897635+05:30,2026-09-21 13:42:20.897635+05:30
385,2026-07-15,present,53,,,,36,10937,2026-09-21 13:42:20.897635+05:30,2026-09-21 13:42:20.897635+05:30
385,2026-07-16,present,53,,,,36,10938,2026-09-21 13:42:20.897635+05:30,2026-09-21 13:42:20.897635+05:30
385,2026-07-17,present,53,,,,36,10939,2026-09-21 13:42:20.897635+05:30,2026-09-21 13:42:20.897635+05:30
385,2026-07-18,present,53,,,,36,10940,2026-09-21 13:42:20.897635+05:30,2026-09-21 13:42:20.897635+05:30
385,2026-07-20,present,53,,,,36,10941,2026-09-21 13:42:20.897635+05:30,2026-09-21 13:42:20.897635+05:30
385,2026-07-21,present,53,,,,36,10942,2026-09-21 13:42:20.897635+05:30,2026-09-21 13:42:20.897635+05:30
385,2026-07-22,present,53,,,,36,10943,2026-09-21 13:42:20.897635+05:30,2026-09-21 13:42:20.897635+05:30
385,2026-07-24,present,53,,,,36,10944,2026-09-21 13:42:20.897635+05:30,2026-09-21 13:42:20.897635+05:30
385,2026-07-25,present,53,,,,36,10945,2026-09-21 13:42:20.897635+05:30,2026-09-21 13:42:20.897635+05:30
385,2026-07-27,present,53,,,,36,10946,2026-09-21 13:42:20.897635+05:30,2026-09-21 13:42:20.897635+05:30
385,2026-07-28,present,53,,,,36,10947,2026-09-21 13:42:20.897635+05:30,2026-09-21 13:42:20.897635+05:30
385,2026-07-29,present,53,,,,36,10948,2026-09-21 13:42:20.897635+05:30,2026-09-21 13:42:20.897635+05:30
385,2026-07-30,present,53,,,,36,10949,2026-09-21 13:42:20.897635+05:30,2026-09-21 13:42:20.897635+05:30
385,2026-07-31,present,53,,,,36,10950,2026-09-21 13:42:20.897635+05:30,2026-09-21 13:42:20.897635+05:30
385,2026-08-01,present,53,,,,36,10951,2026-09-21 13:42:20.897635+05:30,2026-09-21 13:42:20.897635+05:30
385,2026-08-03,present,53,,,,36,10952,2026-09-21 13:42:20.897635+05:30,2026-09-21 13:42:20.897635+05:30
385,2026-08-04,present,53,,,,36,10953,2026-09-21 13:42:20.897635+05:30,2026-09-21 13:42:20.897635+05:30
385,2026-08-05,present,53,,,,36,10954,2026-09-21 13:42:20.897635+05:30,2026-09-21 13:42:20.897635+05:30
385,2026-08-06,present,53,,,,36,10955,2026-09-21 13:42:20.897635+05:30,2026-09-21 13:42:20.897635+05:30
385,2026-08-07,leave,53,,,,36,10956,2026-09-21 13:42:20.897635+05:30,2026-09-21 13:42:20.897635+05:30
385,2026-08-08,present,53,,,,36,10957,2026-09-21 13:42:20.897635+05:30,2026-09-21 13:42:20.897635+05:30
385,2026-08-10,present,53,,,,36,10958,2026-09-21 13:42:20.897635+05:30,2026-09-21 13:42:20.897635+05:30
385,2026-08-12,present,53,,,,36,10959,2026-09-21 13:42:20.897635+05:30,2026-09-21 13:42:20.897635+05:30
385,2026-08-13,present,53,,,,36,10960,2026-09-21 13:42:20.897635+05:30,2026-09-21 13:42:20.897635+05:30
385,2026-08-14,present,53,,,,36,10961,2026-09-21 13:42:20.897635+05:30,2026-09-21 13:42:20.897635+05:30
385,2026-08-15,present,53,,,,36,10962,2026-09-21 13:42:20.897635+05:30,2026-09-21 13:42:20.897635+05:30
385,2026-08-17,present,53,,,,36,10963,2026-09-21 13:42:20.897635+05:30,2026-09-21 13:42:20.897635+05:30
385,2026-08-18,present,53,,,,36,10964,2026-09-21 13:42:20.897635+05:30,2026-09-21 13:42:20.897635+05:30
385,2026-08-19,present,53,,,,36,10965,2026-09-21 13:42:20.897635+05:30,2026-09-21 13:42:20.897635+05:30
385,2026-08-20,present,53,,,,36,10966,2026-09-21 13:42:20.897635+05:30,2026-09-21 13:42:20.897635+05:30
385,2026-08-21,present,53,,,,36,10967,2026-09-21 13:42:20.897635+05:30,2026-09-21 13:42:20.897635+05:30
385,2026-08-22,present,53,,,,36,10968,2026-09-21 13:42:20.897635+05:30,2026-09-21 13:42:20.897635+05:30
385,2026-08-24,present,53,,,,36,10969,2026-09-21 13:42:20.897635+05:30,2026-09-21 13:42:20.897635+05:30
385,2026-08-25,present,53,,,,36,10970,2026-09-21 13:42:20.897635+05:30,2026-09-21 13:42:20.897635+05:30
385,2026-08-26,present,53,,,,36,10971,2026-09-21 13:42:20.897635+05:30,2026-09-21 13:42:20.897635+05:30
385,2026-08-27,present,53,,,,36,10972,2026-09-21 13:42:20.897635+05:30,2026-09-21 13:42:20.897635+05:30
385,2026-08-28,present,53,,,,36,10973,2026-09-21 13:42:20.897635+05:30,2026-09-21 13:42:20.897635+05:30
385,2026-08-29,present,53,,,,36,10974,2026-09-21 13:42:20.897635+05:30,2026-09-21 13:42:20.897635+05:30
385,2026-08-31,present,53,,,,36,10975,2026-09-21 13:42:20.897635+05:30,2026-09-21 13:42:20.897635+05:30
385,2026-09-01,present,53,,,,36,10976,2026-09-21 13:42:20.897635+05:30,2026-09-21 13:42:20.897635+05:30
386,2026-06-24,present,53,,,,36,10977,2026-09-21 13:42:20.897635+05:30,2026-09-21 13:42:20.897635+05:30
386,2026-06-25,present,53,,,,36,10978,2026-09-21 13:42:20.897635+05:30,2026-09-21 13:42:20.897635+05:30
386,2026-06-26,present,53,,,,36,10979,2026-09-21 13:42:20.897635+05:30,2026-09-21 13:42:20.897635+05:30
386,2026-06-27,present,53,,,,36,10980,2026-09-21 13:42:20.897635+05:30,2026-09-21 13:42:20.897635+05:30
386,2026-06-29,present,53,,,,36,10981,2026-09-21 13:42:20.897635+05:30,2026-09-21 13:42:20.897635+05:30
386,2026-06-30,present,53,,,,36,10982,2026-09-21 13:42:20.897635+05:30,2026-09-21 13:42:20.897635+05:30
386,2026-07-01,present,53,,,,36,10983,2026-09-21 13:42:20.897635+05:30,2026-09-21 13:42:20.897635+05:30
386,2026-07-02,present,53,,,,36,10984,2026-09-21 13:42:20.897635+05:30,2026-09-21 13:42:20.897635+05:30
386,2026-07-03,present,53,,,,36,10985,2026-09-21 13:42:20.897635+05:30,2026-09-21 13:42:20.897635+05:30
386,2026-07-04,present,53,,,,36,10986,2026-09-21 13:42:20.897635+05:30,2026-09-21 13:42:20.897635+05:30
386,2026-07-06,present,53,,,,36,10987,2026-09-21 13:42:20.897635+05:30,2026-09-21 13:42:20.897635+05:30
386,2026-07-07,present,53,,,,36,10988,2026-09-21 13:42:20.897635+05:30,2026-09-21 13:42:20.897635+05:30
386,2026-07-08,present,53,,,,36,10989,2026-09-21 13:42:20.897635+05:30,2026-09-21 13:42:20.897635+05:30
386,2026-07-09,present,53,,,,36,10990,2026-09-21 13:42:20.897635+05:30,2026-09-21 13:42:20.897635+05:30
386,2026-07-10,present,53,,,,36,10991,2026-09-21 13:42:20.897635+05:30,2026-09-21 13:42:20.897635+05:30
386,2026-07-11,present,53,,,,36,10992,2026-09-21 13:42:20.897635+05:30,2026-09-21 13:42:20.897635+05:30
386,2026-07-13,present,53,,,,36,10993,2026-09-21 13:42:20.897635+05:30,2026-09-21 13:42:20.897635+05:30
386,2026-07-14,present,53,,,,36,10994,2026-09-21 13:42:20.897635+05:30,2026-09-21 13:42:20.897635+05:30
386,2026-07-15,present,53,,,,36,10995,2026-09-21 13:42:20.897635+05:30,2026-09-21 13:42:20.897635+05:30
386,2026-07-16,present,53,,,,36,10996,2026-09-21 13:42:20.897635+05:30,2026-09-21 13:42:20.897635+05:30
386,2026-07-17,present,53,,,,36,10997,2026-09-21 13:42:20.897635+05:30,2026-09-21 13:42:20.897635+05:30
386,2026-07-18,present,53,,,,36,10998,2026-09-21 13:42:20.897635+05:30,2026-09-21 13:42:20.897635+05:30
386,2026-07-20,present,53,,,,36,10999,2026-09-21 13:42:20.897635+05:30,2026-09-21 13:42:20.897635+05:30
386,2026-07-21,present,53,,,,36,11000,2026-09-21 13:42:20.897635+05:30,2026-09-21 13:42:20.897635+05:30
386,2026-07-22,present,53,,,,36,11001,2026-09-21 13:42:20.897635+05:30,2026-09-21 13:42:20.897635+05:30
386,2026-07-24,present,53,,,,36,11002,2026-09-21 13:42:20.897635+05:30,2026-09-21 13:42:20.897635+05:30
386,2026-07-25,present,53,,,,36,11003,2026-09-21 13:42:20.897635+05:30,2026-09-21 13:42:20.897635+05:30
386,2026-07-27,present,53,,,,36,11004,2026-09-21 13:42:20.897635+05:30,2026-09-21 13:42:20.897635+05:30
386,2026-07-28,present,53,,,,36,11005,2026-09-21 13:42:20.897635+05:30,2026-09-21 13:42:20.897635+05:30
386,2026-07-29,present,53,,,,36,11006,2026-09-21 13:42:20.897635+05:30,2026-09-21 13:42:20.897635+05:30
386,2026-07-30,present,53,,,,36,11007,2026-09-21 13:42:20.897635+05:30,2026-09-21 13:42:20.897635+05:30
386,2026-07-31,present,53,,,,36,11008,2026-09-21 13:42:20.897635+05:30,2026-09-21 13:42:20.897635+05:30
386,2026-08-01,present,53,,,,36,11009,2026-09-21 13:42:20.897635+05:30,2026-09-21 13:42:20.897635+05:30
386,2026-08-03,present,53,,,,36,11010,2026-09-21 13:42:20.897635+05:30,2026-09-21 13:42:20.897635+05:30
386,2026-08-04,present,53,,,,36,11011,2026-09-21 13:42:20.897635+05:30,2026-09-21 13:42:20.897635+05:30
386,2026-08-05,present,53,,,,36,11012,2026-09-21 13:42:20.897635+05:30,2026-09-21 13:42:20.897635+05:30
386,2026-08-06,present,53,,,,36,11013,2026-09-21 13:42:20.897635+05:30,2026-09-21 13:42:20.897635+05:30
386,2026-08-07,absent,53,,,,36,11014,2026-09-21 13:42:20.897635+05:30,2026-09-21 13:42:20.897635+05:30
386,2026-08-08,present,53,,,,36,11015,2026-09-21 13:42:20.897635+05:30,2026-09-21 13:42:20.897635+05:30
386,2026-08-10,present,53,,,,36,11016,2026-09-21 13:42:20.897635+05:30,2026-09-21 13:42:20.897635+05:30
386,2026-08-12,present,53,,,,36,11017,2026-09-21 13:42:20.897635+05:30,2026-09-21 13:42:20.897635+05:30
386,2026-08-13,present,53,,,,36,11018,2026-09-21 13:42:20.897635+05:30,2026-09-21 13:42:20.897635+05:30
386,2026-08-14,present,53,,,,36,11019,2026-09-21 13:42:20.897635+05:30,2026-09-21 13:42:20.897635+05:30
386,2026-08-15,present,53,,,,36,11020,2026-09-21 13:42:20.897635+05:30,2026-09-21 13:42:20.897635+05:30
386,2026-08-17,present,53,,,,36,11021,2026-09-21 13:42:20.897635+05:30,2026-09-21 13:42:20.897635+05:30
386,2026-08-18,present,53,,,,36,11022,2026-09-21 13:42:20.897635+05:30,2026-09-21 13:42:20.897635+05:30
386,2026-08-19,present,53,,,,36,11023,2026-09-21 13:42:20.897635+05:30,2026-09-21 13:42:20.897635+05:30
386,2026-08-20,present,53,,,,36,11024,2026-09-21 13:42:20.897635+05:30,2026-09-21 13:42:20.897635+05:30
386,2026-08-21,present,53,,,,36,11025,2026-09-21 13:42:20.897635+05:30,2026-09-21 13:42:20.897635+05:30
386,2026-08-22,present,53,,,,36,11026,2026-09-21 13:42:20.897635+05:30,2026-09-21 13:42:20.897635+05:30
386,2026-08-24,present,53,,,,36,11027,2026-09-21 13:42:20.897635+05:30,2026-09-21 13:42:20.897635+05:30
386,2026-08-25,present,53,,,,36,11028,2026-09-21 13:42:20.897635+05:30,2026-09-21 13:42:20.897635+05:30
386,2026-08-26,present,53,,,,36,11029,2026-09-21 13:42:20.897635+05:30,2026-09-21 13:42:20.897635+05:30
386,2026-08-27,present,53,,,,36,11030,2026-09-21 13:42:20.897635+05:30,2026-09-21 13:42:20.897635+05:30
386,2026-08-28,present,53,,,,36,11031,2026-09-21 13:42:20.897635+05:30,2026-09-21 13:42:20.897635+05:30
386,2026-08-29,present,53,,,,36,11032,2026-09-21 13:42:20.897635+05:30,2026-09-21 13:42:20.897635+05:30
386,2026-08-31,present,53,,,,36,11033,2026-09-21 13:42:20.897635+05:30,2026-09-21 13:42:20.897635+05:30
386,2026-09-01,present,53,,,,36,11034,2026-09-21 13:42:20.897635+05:30,2026-09-21 13:42:20.897635+05:30
387,2026-06-24,present,53,,,,36,11035,2026-09-21 13:42:20.897635+05:30,2026-09-21 13:42:20.897635+05:30
387,2026-06-25,present,53,,,,36,11036,2026-09-21 13:42:20.897635+05:30,2026-09-21 13:42:20.897635+05:30
387,2026-06-26,present,53,,,,36,11037,2026-09-21 13:42:20.897635+05:30,2026-09-21 13:42:20.897635+05:30
387,2026-06-27,present,53,,,,36,11038,2026-09-21 13:42:20.897635+05:30,2026-09-21 13:42:20.897635+05:30
387,2026-06-29,present,53,,,,36,11039,2026-09-21 13:42:20.897635+05:30,2026-09-21 13:42:20.897635+05:30
387,2026-06-30,present,53,,,,36,11040,2026-09-21 13:42:20.897635+05:30,2026-09-21 13:42:20.897635+05:30
387,2026-07-01,present,53,,,,36,11041,2026-09-21 13:42:20.897635+05:30,2026-09-21 13:42:20.897635+05:30
387,2026-07-02,present,53,,,,36,11042,2026-09-21 13:42:20.897635+05:30,2026-09-21 13:42:20.897635+05:30
387,2026-07-03,present,53,,,,36,11043,2026-09-21 13:42:20.897635+05:30,2026-09-21 13:42:20.897635+05:30
387,2026-07-04,present,53,,,,36,11044,2026-09-21 13:42:20.897635+05:30,2026-09-21 13:42:20.897635+05:30
387,2026-07-06,present,53,,,,36,11045,2026-09-21 13:42:20.897635+05:30,2026-09-21 13:42:20.897635+05:30
387,2026-07-07,absent,53,,,,36,11046,2026-09-21 13:42:20.897635+05:30,2026-09-21 13:42:20.897635+05:30
387,2026-07-08,present,53,,,,36,11047,2026-09-21 13:42:20.897635+05:30,2026-09-21 13:42:20.897635+05:30
387,2026-07-09,present,53,,,,36,11048,2026-09-21 13:42:20.897635+05:30,2026-09-21 13:42:20.897635+05:30
387,2026-07-10,absent,53,,,,36,11049,2026-09-21 13:42:20.897635+05:30,2026-09-21 13:42:20.897635+05:30
387,2026-07-11,present,53,,,,36,11050,2026-09-21 13:42:20.897635+05:30,2026-09-21 13:42:20.897635+05:30
387,2026-07-13,absent,53,,,,36,11051,2026-09-21 13:42:20.897635+05:30,2026-09-21 13:42:20.897635+05:30
387,2026-07-14,present,53,,,,36,11052,2026-09-21 13:42:20.897635+05:30,2026-09-21 13:42:20.897635+05:30
387,2026-07-15,present,53,,,,36,11053,2026-09-21 13:42:20.897635+05:30,2026-09-21 13:42:20.897635+05:30
387,2026-07-16,present,53,,,,36,11054,2026-09-21 13:42:20.897635+05:30,2026-09-21 13:42:20.897635+05:30
387,2026-07-17,present,53,,,,36,11055,2026-09-21 13:42:20.897635+05:30,2026-09-21 13:42:20.897635+05:30
387,2026-07-18,absent,53,,,,36,11056,2026-09-21 13:42:20.897635+05:30,2026-09-21 13:42:20.897635+05:30
387,2026-07-20,present,53,,,,36,11057,2026-09-21 13:42:20.897635+05:30,2026-09-21 13:42:20.897635+05:30
387,2026-07-21,present,53,,,,36,11058,2026-09-21 13:42:20.897635+05:30,2026-09-21 13:42:20.897635+05:30
387,2026-07-22,present,53,,,,36,11059,2026-09-21 13:42:20.897635+05:30,2026-09-21 13:42:20.897635+05:30
387,2026-07-24,present,53,,,,36,11060,2026-09-21 13:42:20.897635+05:30,2026-09-21 13:42:20.897635+05:30
387,2026-07-25,present,53,,,,36,11061,2026-09-21 13:42:20.897635+05:30,2026-09-21 13:42:20.897635+05:30
387,2026-07-27,present,53,,,,36,11062,2026-09-21 13:42:20.897635+05:30,2026-09-21 13:42:20.897635+05:30
387,2026-07-28,present,53,,,,36,11063,2026-09-21 13:42:20.897635+05:30,2026-09-21 13:42:20.897635+05:30
387,2026-07-29,present,53,,,,36,11064,2026-09-21 13:42:20.897635+05:30,2026-09-21 13:42:20.897635+05:30
387,2026-07-30,present,53,,,,36,11065,2026-09-21 13:42:20.897635+05:30,2026-09-21 13:42:20.897635+05:30
387,2026-07-31,present,53,,,,36,11066,2026-09-21 13:42:20.897635+05:30,2026-09-21 13:42:20.897635+05:30
387,2026-08-01,present,53,,,,36,11067,2026-09-21 13:42:20.897635+05:30,2026-09-21 13:42:20.897635+05:30
387,2026-08-03,present,53,,,,36,11068,2026-09-21 13:42:20.897635+05:30,2026-09-21 13:42:20.897635+05:30
387,2026-08-04,present,53,,,,36,11069,2026-09-21 13:42:20.897635+05:30,2026-09-21 13:42:20.897635+05:30
387,2026-08-05,present,53,,,,36,11070,2026-09-21 13:42:20.897635+05:30,2026-09-21 13:42:20.897635+05:30
387,2026-08-06,absent,53,,,,36,11071,2026-09-21 13:42:20.897635+05:30,2026-09-21 13:42:20.897635+05:30
387,2026-08-07,present,53,,,,36,11072,2026-09-21 13:42:20.897635+05:30,2026-09-21 13:42:20.897635+05:30
387,2026-08-08,present,53,,,,36,11073,2026-09-21 13:42:20.897635+05:30,2026-09-21 13:42:20.897635+05:30
387,2026-08-10,present,53,,,,36,11074,2026-09-21 13:42:20.897635+05:30,2026-09-21 13:42:20.897635+05:30
387,2026-08-12,present,53,,,,36,11075,2026-09-21 13:42:20.897635+05:30,2026-09-21 13:42:20.897635+05:30
387,2026-08-13,present,53,,,,36,11076,2026-09-21 13:42:20.897635+05:30,2026-09-21 13:42:20.897635+05:30
387,2026-08-14,present,53,,,,36,11077,2026-09-21 13:42:20.897635+05:30,2026-09-21 13:42:20.897635+05:30
387,2026-08-15,present,53,,,,36,11078,2026-09-21 13:42:20.897635+05:30,2026-09-21 13:42:20.897635+05:30
387,2026-08-17,present,53,,,,36,11079,2026-09-21 13:42:20.897635+05:30,2026-09-21 13:42:20.897635+05:30
387,2026-08-18,absent,53,,,,36,11080,2026-09-21 13:42:20.897635+05:30,2026-09-21 13:42:20.897635+05:30
387,2026-08-19,present,53,,,,36,11081,2026-09-21 13:42:20.897635+05:30,2026-09-21 13:42:20.897635+05:30
387,2026-08-20,present,53,,,,36,11082,2026-09-21 13:42:20.897635+05:30,2026-09-21 13:42:20.897635+05:30
387,2026-08-21,present,53,,,,36,11083,2026-09-21 13:42:20.897635+05:30,2026-09-21 13:42:20.897635+05:30
387,2026-08-22,present,53,,,,36,11084,2026-09-21 13:42:20.897635+05:30,2026-09-21 13:42:20.897635+05:30
387,2026-08-24,present,53,,,,36,11085,2026-09-21 13:42:20.897635+05:30,2026-09-21 13:42:20.897635+05:30
387,2026-08-25,present,53,,,,36,11086,2026-09-21 13:42:20.897635+05:30,2026-09-21 13:42:20.897635+05:30
387,2026-08-26,present,53,,,,36,11087,2026-09-21 13:42:20.897635+05:30,2026-09-21 13:42:20.897635+05:30
387,2026-08-27,present,53,,,,36,11088,2026-09-21 13:42:20.897635+05:30,2026-09-21 13:42:20.897635+05:30
387,2026-08-28,absent,53,,,,36,11089,2026-09-21 13:42:20.897635+05:30,2026-09-21 13:42:20.897635+05:30
387,2026-08-29,present,53,,,,36,11090,2026-09-21 13:42:20.897635+05:30,2026-09-21 13:42:20.897635+05:30
387,2026-08-31,present,53,,,,36,11091,2026-09-21 13:42:20.897635+05:30,2026-09-21 13:42:20.897635+05:30
387,2026-09-01,present,53,,,,36,11092,2026-09-21 13:42:20.897635+05:30,2026-09-21 13:42:20.897635+05:30
388,2026-06-24,present,54,,,,36,11093,2026-09-21 13:42:20.897635+05:30,2026-09-21 13:42:20.897635+05:30
388,2026-06-25,present,54,,,,36,11094,2026-09-21 13:42:20.897635+05:30,2026-09-21 13:42:20.897635+05:30
388,2026-06-26,present,54,,,,36,11095,2026-09-21 13:42:20.897635+05:30,2026-09-21 13:42:20.897635+05:30
388,2026-06-27,present,54,,,,36,11096,2026-09-21 13:42:20.897635+05:30,2026-09-21 13:42:20.897635+05:30
388,2026-06-29,present,54,,,,36,11097,2026-09-21 13:42:20.897635+05:30,2026-09-21 13:42:20.897635+05:30
388,2026-06-30,present,54,,,,36,11098,2026-09-21 13:42:20.897635+05:30,2026-09-21 13:42:20.897635+05:30
388,2026-07-01,present,54,,,,36,11099,2026-09-21 13:42:20.897635+05:30,2026-09-21 13:42:20.897635+05:30
388,2026-07-02,present,54,,,,36,11100,2026-09-21 13:42:20.897635+05:30,2026-09-21 13:42:20.897635+05:30
388,2026-07-03,present,54,,,,36,11101,2026-09-21 13:42:20.897635+05:30,2026-09-21 13:42:20.897635+05:30
388,2026-07-04,present,54,,,,36,11102,2026-09-21 13:42:20.897635+05:30,2026-09-21 13:42:20.897635+05:30
388,2026-07-06,leave,54,,,,36,11103,2026-09-21 13:42:20.897635+05:30,2026-09-21 13:42:20.897635+05:30
388,2026-07-07,present,54,,,,36,11104,2026-09-21 13:42:20.897635+05:30,2026-09-21 13:42:20.897635+05:30
388,2026-07-08,present,54,,,,36,11105,2026-09-21 13:42:20.897635+05:30,2026-09-21 13:42:20.897635+05:30
388,2026-07-09,present,54,,,,36,11106,2026-09-21 13:42:20.897635+05:30,2026-09-21 13:42:20.897635+05:30
388,2026-07-10,absent,54,,,,36,11107,2026-09-21 13:42:20.897635+05:30,2026-09-21 13:42:20.897635+05:30
388,2026-07-11,present,54,,,,36,11108,2026-09-21 13:42:20.897635+05:30,2026-09-21 13:42:20.897635+05:30
388,2026-07-13,present,54,,,,36,11109,2026-09-21 13:42:20.897635+05:30,2026-09-21 13:42:20.897635+05:30
388,2026-07-14,present,54,,,,36,11110,2026-09-21 13:42:20.897635+05:30,2026-09-21 13:42:20.897635+05:30
388,2026-07-15,present,54,,,,36,11111,2026-09-21 13:42:20.897635+05:30,2026-09-21 13:42:20.897635+05:30
388,2026-07-16,present,54,,,,36,11112,2026-09-21 13:42:20.897635+05:30,2026-09-21 13:42:20.897635+05:30
388,2026-07-17,present,54,,,,36,11113,2026-09-21 13:42:20.897635+05:30,2026-09-21 13:42:20.897635+05:30
388,2026-07-18,present,54,,,,36,11114,2026-09-21 13:42:20.897635+05:30,2026-09-21 13:42:20.897635+05:30
388,2026-07-20,leave,54,,,,36,11115,2026-09-21 13:42:20.897635+05:30,2026-09-21 13:42:20.897635+05:30
388,2026-07-21,present,54,,,,36,11116,2026-09-21 13:42:20.897635+05:30,2026-09-21 13:42:20.897635+05:30
388,2026-07-22,present,54,,,,36,11117,2026-09-21 13:42:20.897635+05:30,2026-09-21 13:42:20.897635+05:30
388,2026-07-24,present,54,,,,36,11118,2026-09-21 13:42:20.897635+05:30,2026-09-21 13:42:20.897635+05:30
388,2026-07-25,present,54,,,,36,11119,2026-09-21 13:42:20.897635+05:30,2026-09-21 13:42:20.897635+05:30
388,2026-07-27,present,54,,,,36,11120,2026-09-21 13:42:20.897635+05:30,2026-09-21 13:42:20.897635+05:30
388,2026-07-28,present,54,,,,36,11121,2026-09-21 13:42:20.897635+05:30,2026-09-21 13:42:20.897635+05:30
388,2026-07-29,present,54,,,,36,11122,2026-09-21 13:42:20.897635+05:30,2026-09-21 13:42:20.897635+05:30
388,2026-07-30,present,54,,,,36,11123,2026-09-21 13:42:20.897635+05:30,2026-09-21 13:42:20.897635+05:30
388,2026-07-31,present,54,,,,36,11124,2026-09-21 13:42:20.897635+05:30,2026-09-21 13:42:20.897635+05:30
388,2026-08-01,present,54,,,,36,11125,2026-09-21 13:42:20.897635+05:30,2026-09-21 13:42:20.897635+05:30
388,2026-08-03,present,54,,,,36,11126,2026-09-21 13:42:20.897635+05:30,2026-09-21 13:42:20.897635+05:30
388,2026-08-04,present,54,,,,36,11127,2026-09-21 13:42:20.897635+05:30,2026-09-21 13:42:20.897635+05:30
388,2026-08-05,present,54,,,,36,11128,2026-09-21 13:42:20.897635+05:30,2026-09-21 13:42:20.897635+05:30
388,2026-08-06,present,54,,,,36,11129,2026-09-21 13:42:20.897635+05:30,2026-09-21 13:42:20.897635+05:30
388,2026-08-07,present,54,,,,36,11130,2026-09-21 13:42:20.897635+05:30,2026-09-21 13:42:20.897635+05:30
388,2026-08-08,present,54,,,,36,11131,2026-09-21 13:42:20.897635+05:30,2026-09-21 13:42:20.897635+05:30
388,2026-08-10,leave,54,,,,36,11132,2026-09-21 13:42:20.897635+05:30,2026-09-21 13:42:20.897635+05:30
388,2026-08-12,present,54,,,,36,11133,2026-09-21 13:42:20.897635+05:30,2026-09-21 13:42:20.897635+05:30
388,2026-08-13,present,54,,,,36,11134,2026-09-21 13:42:20.897635+05:30,2026-09-21 13:42:20.897635+05:30
388,2026-08-14,present,54,,,,36,11135,2026-09-21 13:42:20.897635+05:30,2026-09-21 13:42:20.897635+05:30
388,2026-08-15,present,54,,,,36,11136,2026-09-21 13:42:20.897635+05:30,2026-09-21 13:42:20.897635+05:30
388,2026-08-17,present,54,,,,36,11137,2026-09-21 13:42:20.897635+05:30,2026-09-21 13:42:20.897635+05:30
388,2026-08-18,present,54,,,,36,11138,2026-09-21 13:42:20.897635+05:30,2026-09-21 13:42:20.897635+05:30
388,2026-08-19,present,54,,,,36,11139,2026-09-21 13:42:20.897635+05:30,2026-09-21 13:42:20.897635+05:30
388,2026-08-20,present,54,,,,36,11140,2026-09-21 13:42:20.897635+05:30,2026-09-21 13:42:20.897635+05:30
388,2026-08-21,present,54,,,,36,11141,2026-09-21 13:42:20.897635+05:30,2026-09-21 13:42:20.897635+05:30
388,2026-08-22,present,54,,,,36,11142,2026-09-21 13:42:20.897635+05:30,2026-09-21 13:42:20.897635+05:30
388,2026-08-24,present,54,,,,36,11143,2026-09-21 13:42:20.897635+05:30,2026-09-21 13:42:20.897635+05:30
388,2026-08-25,present,54,,,,36,11144,2026-09-21 13:42:20.897635+05:30,2026-09-21 13:42:20.897635+05:30
388,2026-08-26,present,54,,,,36,11145,2026-09-21 13:42:20.897635+05:30,2026-09-21 13:42:20.897635+05:30
388,2026-08-27,present,54,,,,36,11146,2026-09-21 13:42:20.897635+05:30,2026-09-21 13:42:20.897635+05:30
388,2026-08-28,present,54,,,,36,11147,2026-09-21 13:42:20.897635+05:30,2026-09-21 13:42:20.897635+05:30
388,2026-08-29,leave,54,,,,36,11148,2026-09-21 13:42:20.897635+05:30,2026-09-21 13:42:20.897635+05:30
388,2026-08-31,leave,54,,,,36,11149,2026-09-21 13:42:20.897635+05:30,2026-09-21 13:42:20.897635+05:30
388,2026-09-01,present,54,,,,36,11150,2026-09-21 13:42:20.897635+05:30,2026-09-21 13:42:20.897635+05:30
389,2026-06-24,present,54,,,,36,11151,2026-09-21 13:42:20.897635+05:30,2026-09-21 13:42:20.897635+05:30
389,2026-06-25,leave,54,,,,36,11152,2026-09-21 13:42:20.897635+05:30,2026-09-21 13:42:20.897635+05:30
389,2026-06-26,present,54,,,,36,11153,2026-09-21 13:42:20.897635+05:30,2026-09-21 13:42:20.897635+05:30
389,2026-06-27,present,54,,,,36,11154,2026-09-21 13:42:20.897635+05:30,2026-09-21 13:42:20.897635+05:30
389,2026-06-29,present,54,,,,36,11155,2026-09-21 13:42:20.897635+05:30,2026-09-21 13:42:20.897635+05:30
389,2026-06-30,present,54,,,,36,11156,2026-09-21 13:42:20.897635+05:30,2026-09-21 13:42:20.897635+05:30
389,2026-07-01,present,54,,,,36,11157,2026-09-21 13:42:20.897635+05:30,2026-09-21 13:42:20.897635+05:30
389,2026-07-02,present,54,,,,36,11158,2026-09-21 13:42:20.897635+05:30,2026-09-21 13:42:20.897635+05:30
389,2026-07-03,present,54,,,,36,11159,2026-09-21 13:42:20.897635+05:30,2026-09-21 13:42:20.897635+05:30
389,2026-07-04,present,54,,,,36,11160,2026-09-21 13:42:20.897635+05:30,2026-09-21 13:42:20.897635+05:30
389,2026-07-06,present,54,,,,36,11161,2026-09-21 13:42:20.897635+05:30,2026-09-21 13:42:20.897635+05:30
389,2026-07-07,present,54,,,,36,11162,2026-09-21 13:42:20.897635+05:30,2026-09-21 13:42:20.897635+05:30
389,2026-07-08,present,54,,,,36,11163,2026-09-21 13:42:20.897635+05:30,2026-09-21 13:42:20.897635+05:30
389,2026-07-09,present,54,,,,36,11164,2026-09-21 13:42:20.897635+05:30,2026-09-21 13:42:20.897635+05:30
389,2026-07-10,present,54,,,,36,11165,2026-09-21 13:42:20.897635+05:30,2026-09-21 13:42:20.897635+05:30
389,2026-07-11,present,54,,,,36,11166,2026-09-21 13:42:20.897635+05:30,2026-09-21 13:42:20.897635+05:30
389,2026-07-13,present,54,,,,36,11167,2026-09-21 13:42:20.897635+05:30,2026-09-21 13:42:20.897635+05:30
389,2026-07-14,present,54,,,,36,11168,2026-09-21 13:42:20.897635+05:30,2026-09-21 13:42:20.897635+05:30
389,2026-07-15,present,54,,,,36,11169,2026-09-21 13:42:20.897635+05:30,2026-09-21 13:42:20.897635+05:30
389,2026-07-16,present,54,,,,36,11170,2026-09-21 13:42:20.897635+05:30,2026-09-21 13:42:20.897635+05:30
389,2026-07-17,present,54,,,,36,11171,2026-09-21 13:42:20.897635+05:30,2026-09-21 13:42:20.897635+05:30
389,2026-07-18,present,54,,,,36,11172,2026-09-21 13:42:20.897635+05:30,2026-09-21 13:42:20.897635+05:30
389,2026-07-20,present,54,,,,36,11173,2026-09-21 13:42:20.897635+05:30,2026-09-21 13:42:20.897635+05:30
389,2026-07-21,present,54,,,,36,11174,2026-09-21 13:42:20.897635+05:30,2026-09-21 13:42:20.897635+05:30
389,2026-07-22,leave,54,,,,36,11175,2026-09-21 13:42:20.897635+05:30,2026-09-21 13:42:20.897635+05:30
389,2026-07-24,present,54,,,,36,11176,2026-09-21 13:42:20.897635+05:30,2026-09-21 13:42:20.897635+05:30
389,2026-07-25,present,54,,,,36,11177,2026-09-21 13:42:20.897635+05:30,2026-09-21 13:42:20.897635+05:30
389,2026-07-27,leave,54,,,,36,11178,2026-09-21 13:42:20.897635+05:30,2026-09-21 13:42:20.897635+05:30
389,2026-07-28,present,54,,,,36,11179,2026-09-21 13:42:20.897635+05:30,2026-09-21 13:42:20.897635+05:30
389,2026-07-29,present,54,,,,36,11180,2026-09-21 13:42:20.897635+05:30,2026-09-21 13:42:20.897635+05:30
389,2026-07-30,present,54,,,,36,11181,2026-09-21 13:42:20.897635+05:30,2026-09-21 13:42:20.897635+05:30
389,2026-07-31,present,54,,,,36,11182,2026-09-21 13:42:20.897635+05:30,2026-09-21 13:42:20.897635+05:30
389,2026-08-01,present,54,,,,36,11183,2026-09-21 13:42:20.897635+05:30,2026-09-21 13:42:20.897635+05:30
389,2026-08-03,present,54,,,,36,11184,2026-09-21 13:42:20.897635+05:30,2026-09-21 13:42:20.897635+05:30
389,2026-08-04,present,54,,,,36,11185,2026-09-21 13:42:20.897635+05:30,2026-09-21 13:42:20.897635+05:30
389,2026-08-05,present,54,,,,36,11186,2026-09-21 13:42:20.897635+05:30,2026-09-21 13:42:20.897635+05:30
389,2026-08-06,present,54,,,,36,11187,2026-09-21 13:42:20.897635+05:30,2026-09-21 13:42:20.897635+05:30
389,2026-08-07,present,54,,,,36,11188,2026-09-21 13:42:20.897635+05:30,2026-09-21 13:42:20.897635+05:30
389,2026-08-08,present,54,,,,36,11189,2026-09-21 13:42:20.897635+05:30,2026-09-21 13:42:20.897635+05:30
389,2026-08-10,present,54,,,,36,11190,2026-09-21 13:42:20.897635+05:30,2026-09-21 13:42:20.897635+05:30
389,2026-08-12,present,54,,,,36,11191,2026-09-21 13:42:20.897635+05:30,2026-09-21 13:42:20.897635+05:30
389,2026-08-13,present,54,,,,36,11192,2026-09-21 13:42:20.897635+05:30,2026-09-21 13:42:20.897635+05:30
389,2026-08-14,present,54,,,,36,11193,2026-09-21 13:42:20.897635+05:30,2026-09-21 13:42:20.897635+05:30
389,2026-08-15,present,54,,,,36,11194,2026-09-21 13:42:20.897635+05:30,2026-09-21 13:42:20.897635+05:30
389,2026-08-17,present,54,,,,36,11195,2026-09-21 13:42:20.897635+05:30,2026-09-21 13:42:20.897635+05:30
389,2026-08-18,present,54,,,,36,11196,2026-09-21 13:42:20.897635+05:30,2026-09-21 13:42:20.897635+05:30
389,2026-08-19,present,54,,,,36,11197,2026-09-21 13:42:20.897635+05:30,2026-09-21 13:42:20.897635+05:30
389,2026-08-20,present,54,,,,36,11198,2026-09-21 13:42:20.897635+05:30,2026-09-21 13:42:20.897635+05:30
389,2026-08-21,present,54,,,,36,11199,2026-09-21 13:42:20.897635+05:30,2026-09-21 13:42:20.897635+05:30
389,2026-08-22,absent,54,,,,36,11200,2026-09-21 13:42:20.897635+05:30,2026-09-21 13:42:20.897635+05:30
389,2026-08-24,present,54,,,,36,11201,2026-09-21 13:42:20.897635+05:30,2026-09-21 13:42:20.897635+05:30
389,2026-08-25,present,54,,,,36,11202,2026-09-21 13:42:20.897635+05:30,2026-09-21 13:42:20.897635+05:30
389,2026-08-26,present,54,,,,36,11203,2026-09-21 13:42:20.897635+05:30,2026-09-21 13:42:20.897635+05:30
389,2026-08-27,present,54,,,,36,11204,2026-09-21 13:42:20.897635+05:30,2026-09-21 13:42:20.897635+05:30
389,2026-08-28,present,54,,,,36,11205,2026-09-21 13:42:20.897635+05:30,2026-09-21 13:42:20.897635+05:30
389,2026-08-29,present,54,,,,36,11206,2026-09-21 13:42:20.897635+05:30,2026-09-21 13:42:20.897635+05:30
389,2026-08-31,present,54,,,,36,11207,2026-09-21 13:42:20.897635+05:30,2026-09-21 13:42:20.897635+05:30
389,2026-09-01,present,54,,,,36,11208,2026-09-21 13:42:20.897635+05:30,2026-09-21 13:42:20.897635+05:30
390,2026-06-24,present,54,,,,36,11209,2026-09-21 13:42:20.897635+05:30,2026-09-21 13:42:20.897635+05:30
390,2026-06-25,present,54,,,,36,11210,2026-09-21 13:42:20.897635+05:30,2026-09-21 13:42:20.897635+05:30
390,2026-06-26,absent,54,,,,36,11211,2026-09-21 13:42:20.897635+05:30,2026-09-21 13:42:20.897635+05:30
390,2026-06-27,present,54,,,,36,11212,2026-09-21 13:42:20.897635+05:30,2026-09-21 13:42:20.897635+05:30
390,2026-06-29,present,54,,,,36,11213,2026-09-21 13:42:20.897635+05:30,2026-09-21 13:42:20.897635+05:30
390,2026-06-30,present,54,,,,36,11214,2026-09-21 13:42:20.897635+05:30,2026-09-21 13:42:20.897635+05:30
390,2026-07-01,present,54,,,,36,11215,2026-09-21 13:42:20.897635+05:30,2026-09-21 13:42:20.897635+05:30
390,2026-07-02,present,54,,,,36,11216,2026-09-21 13:42:20.897635+05:30,2026-09-21 13:42:20.897635+05:30
390,2026-07-03,present,54,,,,36,11217,2026-09-21 13:42:20.897635+05:30,2026-09-21 13:42:20.897635+05:30
390,2026-07-04,present,54,,,,36,11218,2026-09-21 13:42:20.897635+05:30,2026-09-21 13:42:20.897635+05:30
390,2026-07-06,absent,54,,,,36,11219,2026-09-21 13:42:20.897635+05:30,2026-09-21 13:42:20.897635+05:30
390,2026-07-07,present,54,,,,36,11220,2026-09-21 13:42:20.897635+05:30,2026-09-21 13:42:20.897635+05:30
390,2026-07-08,present,54,,,,36,11221,2026-09-21 13:42:20.897635+05:30,2026-09-21 13:42:20.897635+05:30
390,2026-07-09,present,54,,,,36,11222,2026-09-21 13:42:20.897635+05:30,2026-09-21 13:42:20.897635+05:30
390,2026-07-10,present,54,,,,36,11223,2026-09-21 13:42:20.897635+05:30,2026-09-21 13:42:20.897635+05:30
390,2026-07-11,present,54,,,,36,11224,2026-09-21 13:42:20.897635+05:30,2026-09-21 13:42:20.897635+05:30
390,2026-07-13,absent,54,,,,36,11225,2026-09-21 13:42:20.897635+05:30,2026-09-21 13:42:20.897635+05:30
390,2026-07-14,present,54,,,,36,11226,2026-09-21 13:42:20.897635+05:30,2026-09-21 13:42:20.897635+05:30
390,2026-07-15,present,54,,,,36,11227,2026-09-21 13:42:20.897635+05:30,2026-09-21 13:42:20.897635+05:30
390,2026-07-16,present,54,,,,36,11228,2026-09-21 13:42:20.897635+05:30,2026-09-21 13:42:20.897635+05:30
390,2026-07-17,present,54,,,,36,11229,2026-09-21 13:42:20.897635+05:30,2026-09-21 13:42:20.897635+05:30
390,2026-07-18,present,54,,,,36,11230,2026-09-21 13:42:20.897635+05:30,2026-09-21 13:42:20.897635+05:30
390,2026-07-20,present,54,,,,36,11231,2026-09-21 13:42:20.897635+05:30,2026-09-21 13:42:20.897635+05:30
390,2026-07-21,present,54,,,,36,11232,2026-09-21 13:42:20.897635+05:30,2026-09-21 13:42:20.897635+05:30
390,2026-07-22,present,54,,,,36,11233,2026-09-21 13:42:20.897635+05:30,2026-09-21 13:42:20.897635+05:30
390,2026-07-24,present,54,,,,36,11234,2026-09-21 13:42:20.897635+05:30,2026-09-21 13:42:20.897635+05:30
390,2026-07-25,present,54,,,,36,11235,2026-09-21 13:42:20.897635+05:30,2026-09-21 13:42:20.897635+05:30
390,2026-07-27,present,54,,,,36,11236,2026-09-21 13:42:20.897635+05:30,2026-09-21 13:42:20.897635+05:30
390,2026-07-28,absent,54,,,,36,11237,2026-09-21 13:42:20.897635+05:30,2026-09-21 13:42:20.897635+05:30
390,2026-07-29,present,54,,,,36,11238,2026-09-21 13:42:20.897635+05:30,2026-09-21 13:42:20.897635+05:30
390,2026-07-30,present,54,,,,36,11239,2026-09-21 13:42:20.897635+05:30,2026-09-21 13:42:20.897635+05:30
390,2026-07-31,present,54,,,,36,11240,2026-09-21 13:42:20.897635+05:30,2026-09-21 13:42:20.897635+05:30
390,2026-08-01,present,54,,,,36,11241,2026-09-21 13:42:20.897635+05:30,2026-09-21 13:42:20.897635+05:30
390,2026-08-03,present,54,,,,36,11242,2026-09-21 13:42:20.897635+05:30,2026-09-21 13:42:20.897635+05:30
390,2026-08-04,present,54,,,,36,11243,2026-09-21 13:42:20.897635+05:30,2026-09-21 13:42:20.897635+05:30
390,2026-08-05,present,54,,,,36,11244,2026-09-21 13:42:20.897635+05:30,2026-09-21 13:42:20.897635+05:30
390,2026-08-06,present,54,,,,36,11245,2026-09-21 13:42:20.897635+05:30,2026-09-21 13:42:20.897635+05:30
390,2026-08-07,present,54,,,,36,11246,2026-09-21 13:42:20.897635+05:30,2026-09-21 13:42:20.897635+05:30
390,2026-08-08,present,54,,,,36,11247,2026-09-21 13:42:20.897635+05:30,2026-09-21 13:42:20.897635+05:30
390,2026-08-10,present,54,,,,36,11248,2026-09-21 13:42:20.897635+05:30,2026-09-21 13:42:20.897635+05:30
390,2026-08-12,present,54,,,,36,11249,2026-09-21 13:42:20.897635+05:30,2026-09-21 13:42:20.897635+05:30
390,2026-08-13,present,54,,,,36,11250,2026-09-21 13:42:20.897635+05:30,2026-09-21 13:42:20.897635+05:30
390,2026-08-14,present,54,,,,36,11251,2026-09-21 13:42:20.897635+05:30,2026-09-21 13:42:20.897635+05:30
390,2026-08-15,present,54,,,,36,11252,2026-09-21 13:42:20.897635+05:30,2026-09-21 13:42:20.897635+05:30
390,2026-08-17,present,54,,,,36,11253,2026-09-21 13:42:20.897635+05:30,2026-09-21 13:42:20.897635+05:30
390,2026-08-18,present,54,,,,36,11254,2026-09-21 13:42:20.897635+05:30,2026-09-21 13:42:20.897635+05:30
390,2026-08-19,present,54,,,,36,11255,2026-09-21 13:42:20.897635+05:30,2026-09-21 13:42:20.897635+05:30
390,2026-08-20,present,54,,,,36,11256,2026-09-21 13:42:20.897635+05:30,2026-09-21 13:42:20.897635+05:30
390,2026-08-21,present,54,,,,36,11257,2026-09-21 13:42:20.897635+05:30,2026-09-21 13:42:20.897635+05:30
390,2026-08-22,present,54,,,,36,11258,2026-09-21 13:42:20.897635+05:30,2026-09-21 13:42:20.897635+05:30
390,2026-08-24,present,54,,,,36,11259,2026-09-21 13:42:20.897635+05:30,2026-09-21 13:42:20.897635+05:30
390,2026-08-25,present,54,,,,36,11260,2026-09-21 13:42:20.897635+05:30,2026-09-21 13:42:20.897635+05:30
390,2026-08-26,present,54,,,,36,11261,2026-09-21 13:42:20.897635+05:30,2026-09-21 13:42:20.897635+05:30
390,2026-08-27,present,54,,,,36,11262,2026-09-21 13:42:20.897635+05:30,2026-09-21 13:42:20.897635+05:30
390,2026-08-28,present,54,,,,36,11263,2026-09-21 13:42:20.897635+05:30,2026-09-21 13:42:20.897635+05:30
390,2026-08-29,present,54,,,,36,11264,2026-09-21 13:42:20.897635+05:30,2026-09-21 13:42:20.897635+05:30
390,2026-08-31,present,54,,,,36,11265,2026-09-21 13:42:20.897635+05:30,2026-09-21 13:42:20.897635+05:30
390,2026-09-01,present,54,,,,36,11266,2026-09-21 13:42:20.897635+05:30,2026-09-21 13:42:20.897635+05:30
391,2026-06-24,present,54,,,,36,11267,2026-09-21 13:42:20.897635+05:30,2026-09-21 13:42:20.897635+05:30
391,2026-06-25,present,54,,,,36,11268,2026-09-21 13:42:20.897635+05:30,2026-09-21 13:42:20.897635+05:30
391,2026-06-26,present,54,,,,36,11269,2026-09-21 13:42:20.897635+05:30,2026-09-21 13:42:20.897635+05:30
391,2026-06-27,present,54,,,,36,11270,2026-09-21 13:42:20.897635+05:30,2026-09-21 13:42:20.897635+05:30
391,2026-06-29,present,54,,,,36,11271,2026-09-21 13:42:20.897635+05:30,2026-09-21 13:42:20.897635+05:30
391,2026-06-30,present,54,,,,36,11272,2026-09-21 13:42:20.897635+05:30,2026-09-21 13:42:20.897635+05:30
391,2026-07-01,present,54,,,,36,11273,2026-09-21 13:42:20.897635+05:30,2026-09-21 13:42:20.897635+05:30
391,2026-07-02,present,54,,,,36,11274,2026-09-21 13:42:20.897635+05:30,2026-09-21 13:42:20.897635+05:30
391,2026-07-03,present,54,,,,36,11275,2026-09-21 13:42:20.897635+05:30,2026-09-21 13:42:20.897635+05:30
391,2026-07-04,present,54,,,,36,11276,2026-09-21 13:42:20.897635+05:30,2026-09-21 13:42:20.897635+05:30
391,2026-07-06,present,54,,,,36,11277,2026-09-21 13:42:20.897635+05:30,2026-09-21 13:42:20.897635+05:30
391,2026-07-07,present,54,,,,36,11278,2026-09-21 13:42:20.897635+05:30,2026-09-21 13:42:20.897635+05:30
391,2026-07-08,present,54,,,,36,11279,2026-09-21 13:42:20.897635+05:30,2026-09-21 13:42:20.897635+05:30
391,2026-07-09,present,54,,,,36,11280,2026-09-21 13:42:20.897635+05:30,2026-09-21 13:42:20.897635+05:30
391,2026-07-10,present,54,,,,36,11281,2026-09-21 13:42:20.897635+05:30,2026-09-21 13:42:20.897635+05:30
391,2026-07-11,present,54,,,,36,11282,2026-09-21 13:42:20.897635+05:30,2026-09-21 13:42:20.897635+05:30
391,2026-07-13,present,54,,,,36,11283,2026-09-21 13:42:20.897635+05:30,2026-09-21 13:42:20.897635+05:30
391,2026-07-14,present,54,,,,36,11284,2026-09-21 13:42:20.897635+05:30,2026-09-21 13:42:20.897635+05:30
391,2026-07-15,present,54,,,,36,11285,2026-09-21 13:42:20.897635+05:30,2026-09-21 13:42:20.897635+05:30
391,2026-07-16,present,54,,,,36,11286,2026-09-21 13:42:20.897635+05:30,2026-09-21 13:42:20.897635+05:30
391,2026-07-17,absent,54,,,,36,11287,2026-09-21 13:42:20.897635+05:30,2026-09-21 13:42:20.897635+05:30
391,2026-07-18,absent,54,,,,36,11288,2026-09-21 13:42:20.897635+05:30,2026-09-21 13:42:20.897635+05:30
391,2026-07-20,present,54,,,,36,11289,2026-09-21 13:42:20.897635+05:30,2026-09-21 13:42:20.897635+05:30
391,2026-07-21,present,54,,,,36,11290,2026-09-21 13:42:20.897635+05:30,2026-09-21 13:42:20.897635+05:30
391,2026-07-22,leave,54,,,,36,11291,2026-09-21 13:42:20.897635+05:30,2026-09-21 13:42:20.897635+05:30
391,2026-07-24,present,54,,,,36,11292,2026-09-21 13:42:20.897635+05:30,2026-09-21 13:42:20.897635+05:30
391,2026-07-25,present,54,,,,36,11293,2026-09-21 13:42:20.897635+05:30,2026-09-21 13:42:20.897635+05:30
391,2026-07-27,present,54,,,,36,11294,2026-09-21 13:42:20.897635+05:30,2026-09-21 13:42:20.897635+05:30
391,2026-07-28,present,54,,,,36,11295,2026-09-21 13:42:20.897635+05:30,2026-09-21 13:42:20.897635+05:30
391,2026-07-29,present,54,,,,36,11296,2026-09-21 13:42:20.897635+05:30,2026-09-21 13:42:20.897635+05:30
391,2026-07-30,present,54,,,,36,11297,2026-09-21 13:42:20.897635+05:30,2026-09-21 13:42:20.897635+05:30
391,2026-07-31,present,54,,,,36,11298,2026-09-21 13:42:20.897635+05:30,2026-09-21 13:42:20.897635+05:30
391,2026-08-01,present,54,,,,36,11299,2026-09-21 13:42:20.897635+05:30,2026-09-21 13:42:20.897635+05:30
391,2026-08-03,present,54,,,,36,11300,2026-09-21 13:42:20.897635+05:30,2026-09-21 13:42:20.897635+05:30
391,2026-08-04,present,54,,,,36,11301,2026-09-21 13:42:20.897635+05:30,2026-09-21 13:42:20.897635+05:30
391,2026-08-05,present,54,,,,36,11302,2026-09-21 13:42:20.897635+05:30,2026-09-21 13:42:20.897635+05:30
391,2026-08-06,present,54,,,,36,11303,2026-09-21 13:42:20.897635+05:30,2026-09-21 13:42:20.897635+05:30
391,2026-08-07,present,54,,,,36,11304,2026-09-21 13:42:20.897635+05:30,2026-09-21 13:42:20.897635+05:30
391,2026-08-08,present,54,,,,36,11305,2026-09-21 13:42:20.897635+05:30,2026-09-21 13:42:20.897635+05:30
391,2026-08-10,present,54,,,,36,11306,2026-09-21 13:42:20.897635+05:30,2026-09-21 13:42:20.897635+05:30
391,2026-08-12,present,54,,,,36,11307,2026-09-21 13:42:20.897635+05:30,2026-09-21 13:42:20.897635+05:30
391,2026-08-13,present,54,,,,36,11308,2026-09-21 13:42:20.897635+05:30,2026-09-21 13:42:20.897635+05:30
391,2026-08-14,present,54,,,,36,11309,2026-09-21 13:42:20.897635+05:30,2026-09-21 13:42:20.897635+05:30
391,2026-08-15,present,54,,,,36,11310,2026-09-21 13:42:20.897635+05:30,2026-09-21 13:42:20.897635+05:30
391,2026-08-17,present,54,,,,36,11311,2026-09-21 13:42:20.897635+05:30,2026-09-21 13:42:20.897635+05:30
391,2026-08-18,present,54,,,,36,11312,2026-09-21 13:42:20.897635+05:30,2026-09-21 13:42:20.897635+05:30
391,2026-08-19,leave,54,,,,36,11313,2026-09-21 13:42:20.897635+05:30,2026-09-21 13:42:20.897635+05:30
391,2026-08-20,present,54,,,,36,11314,2026-09-21 13:42:20.897635+05:30,2026-09-21 13:42:20.897635+05:30
391,2026-08-21,present,54,,,,36,11315,2026-09-21 13:42:20.897635+05:30,2026-09-21 13:42:20.897635+05:30
391,2026-08-22,present,54,,,,36,11316,2026-09-21 13:42:20.897635+05:30,2026-09-21 13:42:20.897635+05:30
391,2026-08-24,present,54,,,,36,11317,2026-09-21 13:42:20.897635+05:30,2026-09-21 13:42:20.897635+05:30
391,2026-08-25,present,54,,,,36,11318,2026-09-21 13:42:20.897635+05:30,2026-09-21 13:42:20.897635+05:30
391,2026-08-26,present,54,,,,36,11319,2026-09-21 13:42:20.897635+05:30,2026-09-21 13:42:20.897635+05:30
391,2026-08-27,leave,54,,,,36,11320,2026-09-21 13:42:20.897635+05:30,2026-09-21 13:42:20.897635+05:30
391,2026-08-28,present,54,,,,36,11321,2026-09-21 13:42:20.897635+05:30,2026-09-21 13:42:20.897635+05:30
391,2026-08-29,present,54,,,,36,11322,2026-09-21 13:42:20.897635+05:30,2026-09-21 13:42:20.897635+05:30
391,2026-08-31,present,54,,,,36,11323,2026-09-21 13:42:20.897635+05:30,2026-09-21 13:42:20.897635+05:30
391,2026-09-01,present,54,,,,36,11324,2026-09-21 13:42:20.897635+05:30,2026-09-21 13:42:20.897635+05:30
392,2026-06-24,present,54,,,,36,11325,2026-09-21 13:42:20.897635+05:30,2026-09-21 13:42:20.897635+05:30
392,2026-06-25,present,54,,,,36,11326,2026-09-21 13:42:20.897635+05:30,2026-09-21 13:42:20.897635+05:30
392,2026-06-26,present,54,,,,36,11327,2026-09-21 13:42:20.897635+05:30,2026-09-21 13:42:20.897635+05:30
392,2026-06-27,present,54,,,,36,11328,2026-09-21 13:42:20.897635+05:30,2026-09-21 13:42:20.897635+05:30
392,2026-06-29,present,54,,,,36,11329,2026-09-21 13:42:20.897635+05:30,2026-09-21 13:42:20.897635+05:30
392,2026-06-30,present,54,,,,36,11330,2026-09-21 13:42:20.897635+05:30,2026-09-21 13:42:20.897635+05:30
392,2026-07-01,present,54,,,,36,11331,2026-09-21 13:42:20.897635+05:30,2026-09-21 13:42:20.897635+05:30
392,2026-07-02,absent,54,,,,36,11332,2026-09-21 13:42:20.897635+05:30,2026-09-21 13:42:20.897635+05:30
392,2026-07-03,present,54,,,,36,11333,2026-09-21 13:42:20.897635+05:30,2026-09-21 13:42:20.897635+05:30
392,2026-07-04,present,54,,,,36,11334,2026-09-21 13:42:20.897635+05:30,2026-09-21 13:42:20.897635+05:30
392,2026-07-06,present,54,,,,36,11335,2026-09-21 13:42:20.897635+05:30,2026-09-21 13:42:20.897635+05:30
392,2026-07-07,present,54,,,,36,11336,2026-09-21 13:42:20.897635+05:30,2026-09-21 13:42:20.897635+05:30
392,2026-07-08,present,54,,,,36,11337,2026-09-21 13:42:20.897635+05:30,2026-09-21 13:42:20.897635+05:30
392,2026-07-09,present,54,,,,36,11338,2026-09-21 13:42:20.897635+05:30,2026-09-21 13:42:20.897635+05:30
392,2026-07-10,absent,54,,,,36,11339,2026-09-21 13:42:20.897635+05:30,2026-09-21 13:42:20.897635+05:30
392,2026-07-11,present,54,,,,36,11340,2026-09-21 13:42:20.897635+05:30,2026-09-21 13:42:20.897635+05:30
392,2026-07-13,present,54,,,,36,11341,2026-09-21 13:42:20.897635+05:30,2026-09-21 13:42:20.897635+05:30
392,2026-07-14,present,54,,,,36,11342,2026-09-21 13:42:20.897635+05:30,2026-09-21 13:42:20.897635+05:30
392,2026-07-15,present,54,,,,36,11343,2026-09-21 13:42:20.897635+05:30,2026-09-21 13:42:20.897635+05:30
392,2026-07-16,absent,54,,,,36,11344,2026-09-21 13:42:20.897635+05:30,2026-09-21 13:42:20.897635+05:30
392,2026-07-17,present,54,,,,36,11345,2026-09-21 13:42:20.897635+05:30,2026-09-21 13:42:20.897635+05:30
392,2026-07-18,present,54,,,,36,11346,2026-09-21 13:42:20.897635+05:30,2026-09-21 13:42:20.897635+05:30
392,2026-07-20,leave,54,,,,36,11347,2026-09-21 13:42:20.897635+05:30,2026-09-21 13:42:20.897635+05:30
392,2026-07-21,leave,54,,,,36,11348,2026-09-21 13:42:20.897635+05:30,2026-09-21 13:42:20.897635+05:30
392,2026-07-22,absent,54,,,,36,11349,2026-09-21 13:42:20.897635+05:30,2026-09-21 13:42:20.897635+05:30
392,2026-07-24,present,54,,,,36,11350,2026-09-21 13:42:20.897635+05:30,2026-09-21 13:42:20.897635+05:30
392,2026-07-25,present,54,,,,36,11351,2026-09-21 13:42:20.897635+05:30,2026-09-21 13:42:20.897635+05:30
392,2026-07-27,present,54,,,,36,11352,2026-09-21 13:42:20.897635+05:30,2026-09-21 13:42:20.897635+05:30
392,2026-07-28,present,54,,,,36,11353,2026-09-21 13:42:20.897635+05:30,2026-09-21 13:42:20.897635+05:30
392,2026-07-29,present,54,,,,36,11354,2026-09-21 13:42:20.897635+05:30,2026-09-21 13:42:20.897635+05:30
392,2026-07-30,present,54,,,,36,11355,2026-09-21 13:42:20.897635+05:30,2026-09-21 13:42:20.897635+05:30
392,2026-07-31,present,54,,,,36,11356,2026-09-21 13:42:20.897635+05:30,2026-09-21 13:42:20.897635+05:30
392,2026-08-01,present,54,,,,36,11357,2026-09-21 13:42:20.897635+05:30,2026-09-21 13:42:20.897635+05:30
392,2026-08-03,present,54,,,,36,11358,2026-09-21 13:42:20.897635+05:30,2026-09-21 13:42:20.897635+05:30
392,2026-08-04,present,54,,,,36,11359,2026-09-21 13:42:20.897635+05:30,2026-09-21 13:42:20.897635+05:30
392,2026-08-05,present,54,,,,36,11360,2026-09-21 13:42:20.897635+05:30,2026-09-21 13:42:20.897635+05:30
392,2026-08-06,present,54,,,,36,11361,2026-09-21 13:42:20.897635+05:30,2026-09-21 13:42:20.897635+05:30
392,2026-08-07,absent,54,,,,36,11362,2026-09-21 13:42:20.897635+05:30,2026-09-21 13:42:20.897635+05:30
392,2026-08-08,present,54,,,,36,11363,2026-09-21 13:42:20.897635+05:30,2026-09-21 13:42:20.897635+05:30
392,2026-08-10,present,54,,,,36,11364,2026-09-21 13:42:20.897635+05:30,2026-09-21 13:42:20.897635+05:30
392,2026-08-12,present,54,,,,36,11365,2026-09-21 13:42:20.897635+05:30,2026-09-21 13:42:20.897635+05:30
392,2026-08-13,present,54,,,,36,11366,2026-09-21 13:42:20.897635+05:30,2026-09-21 13:42:20.897635+05:30
392,2026-08-14,present,54,,,,36,11367,2026-09-21 13:42:20.897635+05:30,2026-09-21 13:42:20.897635+05:30
392,2026-08-15,present,54,,,,36,11368,2026-09-21 13:42:20.897635+05:30,2026-09-21 13:42:20.897635+05:30
392,2026-08-17,present,54,,,,36,11369,2026-09-21 13:42:20.897635+05:30,2026-09-21 13:42:20.897635+05:30
392,2026-08-18,present,54,,,,36,11370,2026-09-21 13:42:20.897635+05:30,2026-09-21 13:42:20.897635+05:30
392,2026-08-19,present,54,,,,36,11371,2026-09-21 13:42:20.897635+05:30,2026-09-21 13:42:20.897635+05:30
392,2026-08-20,present,54,,,,36,11372,2026-09-21 13:42:20.897635+05:30,2026-09-21 13:42:20.897635+05:30
392,2026-08-21,present,54,,,,36,11373,2026-09-21 13:42:20.897635+05:30,2026-09-21 13:42:20.897635+05:30
392,2026-08-22,present,54,,,,36,11374,2026-09-21 13:42:20.897635+05:30,2026-09-21 13:42:20.897635+05:30
392,2026-08-24,present,54,,,,36,11375,2026-09-21 13:42:20.897635+05:30,2026-09-21 13:42:20.897635+05:30
392,2026-08-25,absent,54,,,,36,11376,2026-09-21 13:42:20.897635+05:30,2026-09-21 13:42:20.897635+05:30
392,2026-08-26,present,54,,,,36,11377,2026-09-21 13:42:20.897635+05:30,2026-09-21 13:42:20.897635+05:30
392,2026-08-27,present,54,,,,36,11378,2026-09-21 13:42:20.897635+05:30,2026-09-21 13:42:20.897635+05:30
392,2026-08-28,present,54,,,,36,11379,2026-09-21 13:42:20.897635+05:30,2026-09-21 13:42:20.897635+05:30
392,2026-08-29,present,54,,,,36,11380,2026-09-21 13:42:20.897635+05:30,2026-09-21 13:42:20.897635+05:30
392,2026-08-31,present,54,,,,36,11381,2026-09-21 13:42:20.897635+05:30,2026-09-21 13:42:20.897635+05:30
392,2026-09-01,present,54,,,,36,11382,2026-09-21 13:42:20.897635+05:30,2026-09-21 13:42:20.897635+05:30
393,2026-06-24,present,54,,,,36,11383,2026-09-21 13:42:20.897635+05:30,2026-09-21 13:42:20.897635+05:30
393,2026-06-25,present,54,,,,36,11384,2026-09-21 13:42:20.897635+05:30,2026-09-21 13:42:20.897635+05:30
393,2026-06-26,present,54,,,,36,11385,2026-09-21 13:42:20.897635+05:30,2026-09-21 13:42:20.897635+05:30
393,2026-06-27,present,54,,,,36,11386,2026-09-21 13:42:20.897635+05:30,2026-09-21 13:42:20.897635+05:30
393,2026-06-29,present,54,,,,36,11387,2026-09-21 13:42:20.897635+05:30,2026-09-21 13:42:20.897635+05:30
393,2026-06-30,present,54,,,,36,11388,2026-09-21 13:42:20.897635+05:30,2026-09-21 13:42:20.897635+05:30
393,2026-07-01,present,54,,,,36,11389,2026-09-21 13:42:20.897635+05:30,2026-09-21 13:42:20.897635+05:30
393,2026-07-02,leave,54,,,,36,11390,2026-09-21 13:42:20.897635+05:30,2026-09-21 13:42:20.897635+05:30
393,2026-07-03,present,54,,,,36,11391,2026-09-21 13:42:20.897635+05:30,2026-09-21 13:42:20.897635+05:30
393,2026-07-04,present,54,,,,36,11392,2026-09-21 13:42:20.897635+05:30,2026-09-21 13:42:20.897635+05:30
393,2026-07-06,present,54,,,,36,11393,2026-09-21 13:42:20.897635+05:30,2026-09-21 13:42:20.897635+05:30
393,2026-07-07,present,54,,,,36,11394,2026-09-21 13:42:20.897635+05:30,2026-09-21 13:42:20.897635+05:30
393,2026-07-08,present,54,,,,36,11395,2026-09-21 13:42:20.897635+05:30,2026-09-21 13:42:20.897635+05:30
393,2026-07-09,present,54,,,,36,11396,2026-09-21 13:42:20.897635+05:30,2026-09-21 13:42:20.897635+05:30
393,2026-07-10,present,54,,,,36,11397,2026-09-21 13:42:20.897635+05:30,2026-09-21 13:42:20.897635+05:30
393,2026-07-11,present,54,,,,36,11398,2026-09-21 13:42:20.897635+05:30,2026-09-21 13:42:20.897635+05:30
393,2026-07-13,present,54,,,,36,11399,2026-09-21 13:42:20.897635+05:30,2026-09-21 13:42:20.897635+05:30
393,2026-07-14,present,54,,,,36,11400,2026-09-21 13:42:20.897635+05:30,2026-09-21 13:42:20.897635+05:30
393,2026-07-15,present,54,,,,36,11401,2026-09-21 13:42:20.897635+05:30,2026-09-21 13:42:20.897635+05:30
393,2026-07-16,present,54,,,,36,11402,2026-09-21 13:42:20.897635+05:30,2026-09-21 13:42:20.897635+05:30
393,2026-07-17,present,54,,,,36,11403,2026-09-21 13:42:20.897635+05:30,2026-09-21 13:42:20.897635+05:30
393,2026-07-18,present,54,,,,36,11404,2026-09-21 13:42:20.897635+05:30,2026-09-21 13:42:20.897635+05:30
393,2026-07-20,present,54,,,,36,11405,2026-09-21 13:42:20.897635+05:30,2026-09-21 13:42:20.897635+05:30
393,2026-07-21,present,54,,,,36,11406,2026-09-21 13:42:20.897635+05:30,2026-09-21 13:42:20.897635+05:30
393,2026-07-22,present,54,,,,36,11407,2026-09-21 13:42:20.897635+05:30,2026-09-21 13:42:20.897635+05:30
393,2026-07-24,present,54,,,,36,11408,2026-09-21 13:42:20.897635+05:30,2026-09-21 13:42:20.897635+05:30
393,2026-07-25,present,54,,,,36,11409,2026-09-21 13:42:20.897635+05:30,2026-09-21 13:42:20.897635+05:30
393,2026-07-27,absent,54,,,,36,11410,2026-09-21 13:42:20.897635+05:30,2026-09-21 13:42:20.897635+05:30
393,2026-07-28,absent,54,,,,36,11411,2026-09-21 13:42:20.897635+05:30,2026-09-21 13:42:20.897635+05:30
393,2026-07-29,present,54,,,,36,11412,2026-09-21 13:42:20.897635+05:30,2026-09-21 13:42:20.897635+05:30
393,2026-07-30,present,54,,,,36,11413,2026-09-21 13:42:20.897635+05:30,2026-09-21 13:42:20.897635+05:30
393,2026-07-31,present,54,,,,36,11414,2026-09-21 13:42:20.897635+05:30,2026-09-21 13:42:20.897635+05:30
393,2026-08-01,present,54,,,,36,11415,2026-09-21 13:42:20.897635+05:30,2026-09-21 13:42:20.897635+05:30
393,2026-08-03,present,54,,,,36,11416,2026-09-21 13:42:20.897635+05:30,2026-09-21 13:42:20.897635+05:30
393,2026-08-04,present,54,,,,36,11417,2026-09-21 13:42:20.897635+05:30,2026-09-21 13:42:20.897635+05:30
393,2026-08-05,present,54,,,,36,11418,2026-09-21 13:42:20.897635+05:30,2026-09-21 13:42:20.897635+05:30
393,2026-08-06,present,54,,,,36,11419,2026-09-21 13:42:20.897635+05:30,2026-09-21 13:42:20.897635+05:30
393,2026-08-07,present,54,,,,36,11420,2026-09-21 13:42:20.897635+05:30,2026-09-21 13:42:20.897635+05:30
393,2026-08-08,present,54,,,,36,11421,2026-09-21 13:42:20.897635+05:30,2026-09-21 13:42:20.897635+05:30
393,2026-08-10,present,54,,,,36,11422,2026-09-21 13:42:20.897635+05:30,2026-09-21 13:42:20.897635+05:30
393,2026-08-12,present,54,,,,36,11423,2026-09-21 13:42:20.897635+05:30,2026-09-21 13:42:20.897635+05:30
393,2026-08-13,present,54,,,,36,11424,2026-09-21 13:42:20.897635+05:30,2026-09-21 13:42:20.897635+05:30
393,2026-08-14,present,54,,,,36,11425,2026-09-21 13:42:20.897635+05:30,2026-09-21 13:42:20.897635+05:30
393,2026-08-15,present,54,,,,36,11426,2026-09-21 13:42:20.897635+05:30,2026-09-21 13:42:20.897635+05:30
393,2026-08-17,present,54,,,,36,11427,2026-09-21 13:42:20.897635+05:30,2026-09-21 13:42:20.897635+05:30
393,2026-08-18,present,54,,,,36,11428,2026-09-21 13:42:20.897635+05:30,2026-09-21 13:42:20.897635+05:30
393,2026-08-19,present,54,,,,36,11429,2026-09-21 13:42:20.897635+05:30,2026-09-21 13:42:20.897635+05:30
393,2026-08-20,present,54,,,,36,11430,2026-09-21 13:42:20.897635+05:30,2026-09-21 13:42:20.897635+05:30
393,2026-08-21,present,54,,,,36,11431,2026-09-21 13:42:20.897635+05:30,2026-09-21 13:42:20.897635+05:30
393,2026-08-22,absent,54,,,,36,11432,2026-09-21 13:42:20.897635+05:30,2026-09-21 13:42:20.897635+05:30
393,2026-08-24,present,54,,,,36,11433,2026-09-21 13:42:20.897635+05:30,2026-09-21 13:42:20.897635+05:30
393,2026-08-25,present,54,,,,36,11434,2026-09-21 13:42:20.897635+05:30,2026-09-21 13:42:20.897635+05:30
393,2026-08-26,present,54,,,,36,11435,2026-09-21 13:42:20.897635+05:30,2026-09-21 13:42:20.897635+05:30
393,2026-08-27,present,54,,,,36,11436,2026-09-21 13:42:20.897635+05:30,2026-09-21 13:42:20.897635+05:30
393,2026-08-28,present,54,,,,36,11437,2026-09-21 13:42:20.897635+05:30,2026-09-21 13:42:20.897635+05:30
393,2026-08-29,absent,54,,,,36,11438,2026-09-21 13:42:20.897635+05:30,2026-09-21 13:42:20.897635+05:30
393,2026-08-31,present,54,,,,36,11439,2026-09-21 13:42:20.897635+05:30,2026-09-21 13:42:20.897635+05:30
393,2026-09-01,present,54,,,,36,11440,2026-09-21 13:42:20.897635+05:30,2026-09-21 13:42:20.897635+05:30
394,2026-06-24,present,54,,,,36,11441,2026-09-21 13:42:20.897635+05:30,2026-09-21 13:42:20.897635+05:30
394,2026-06-25,present,54,,,,36,11442,2026-09-21 13:42:20.897635+05:30,2026-09-21 13:42:20.897635+05:30
394,2026-06-26,present,54,,,,36,11443,2026-09-21 13:42:20.897635+05:30,2026-09-21 13:42:20.897635+05:30
394,2026-06-27,present,54,,,,36,11444,2026-09-21 13:42:20.897635+05:30,2026-09-21 13:42:20.897635+05:30
394,2026-06-29,present,54,,,,36,11445,2026-09-21 13:42:20.897635+05:30,2026-09-21 13:42:20.897635+05:30
394,2026-06-30,present,54,,,,36,11446,2026-09-21 13:42:20.897635+05:30,2026-09-21 13:42:20.897635+05:30
394,2026-07-01,present,54,,,,36,11447,2026-09-21 13:42:20.897635+05:30,2026-09-21 13:42:20.897635+05:30
394,2026-07-02,present,54,,,,36,11448,2026-09-21 13:42:20.897635+05:30,2026-09-21 13:42:20.897635+05:30
394,2026-07-03,present,54,,,,36,11449,2026-09-21 13:42:20.897635+05:30,2026-09-21 13:42:20.897635+05:30
394,2026-07-04,present,54,,,,36,11450,2026-09-21 13:42:20.897635+05:30,2026-09-21 13:42:20.897635+05:30
394,2026-07-06,present,54,,,,36,11451,2026-09-21 13:42:20.897635+05:30,2026-09-21 13:42:20.897635+05:30
394,2026-07-07,present,54,,,,36,11452,2026-09-21 13:42:20.897635+05:30,2026-09-21 13:42:20.897635+05:30
394,2026-07-08,present,54,,,,36,11453,2026-09-21 13:42:20.897635+05:30,2026-09-21 13:42:20.897635+05:30
394,2026-07-09,present,54,,,,36,11454,2026-09-21 13:42:20.897635+05:30,2026-09-21 13:42:20.897635+05:30
394,2026-07-10,present,54,,,,36,11455,2026-09-21 13:42:20.897635+05:30,2026-09-21 13:42:20.897635+05:30
394,2026-07-11,present,54,,,,36,11456,2026-09-21 13:42:20.897635+05:30,2026-09-21 13:42:20.897635+05:30
394,2026-07-13,present,54,,,,36,11457,2026-09-21 13:42:20.897635+05:30,2026-09-21 13:42:20.897635+05:30
394,2026-07-14,present,54,,,,36,11458,2026-09-21 13:42:20.897635+05:30,2026-09-21 13:42:20.897635+05:30
394,2026-07-15,present,54,,,,36,11459,2026-09-21 13:42:20.897635+05:30,2026-09-21 13:42:20.897635+05:30
394,2026-07-16,leave,54,,,,36,11460,2026-09-21 13:42:20.897635+05:30,2026-09-21 13:42:20.897635+05:30
394,2026-07-17,present,54,,,,36,11461,2026-09-21 13:42:20.897635+05:30,2026-09-21 13:42:20.897635+05:30
394,2026-07-18,present,54,,,,36,11462,2026-09-21 13:42:20.897635+05:30,2026-09-21 13:42:20.897635+05:30
394,2026-07-20,present,54,,,,36,11463,2026-09-21 13:42:20.897635+05:30,2026-09-21 13:42:20.897635+05:30
394,2026-07-21,present,54,,,,36,11464,2026-09-21 13:42:20.897635+05:30,2026-09-21 13:42:20.897635+05:30
394,2026-07-22,leave,54,,,,36,11465,2026-09-21 13:42:20.897635+05:30,2026-09-21 13:42:20.897635+05:30
394,2026-07-24,present,54,,,,36,11466,2026-09-21 13:42:20.897635+05:30,2026-09-21 13:42:20.897635+05:30
394,2026-07-25,present,54,,,,36,11467,2026-09-21 13:42:20.897635+05:30,2026-09-21 13:42:20.897635+05:30
394,2026-07-27,present,54,,,,36,11468,2026-09-21 13:42:20.897635+05:30,2026-09-21 13:42:20.897635+05:30
394,2026-07-28,present,54,,,,36,11469,2026-09-21 13:42:20.897635+05:30,2026-09-21 13:42:20.897635+05:30
394,2026-07-29,present,54,,,,36,11470,2026-09-21 13:42:20.897635+05:30,2026-09-21 13:42:20.897635+05:30
394,2026-07-30,present,54,,,,36,11471,2026-09-21 13:42:20.897635+05:30,2026-09-21 13:42:20.897635+05:30
394,2026-07-31,present,54,,,,36,11472,2026-09-21 13:42:20.897635+05:30,2026-09-21 13:42:20.897635+05:30
394,2026-08-01,present,54,,,,36,11473,2026-09-21 13:42:20.897635+05:30,2026-09-21 13:42:20.897635+05:30
394,2026-08-03,present,54,,,,36,11474,2026-09-21 13:42:20.897635+05:30,2026-09-21 13:42:20.897635+05:30
394,2026-08-04,present,54,,,,36,11475,2026-09-21 13:42:20.897635+05:30,2026-09-21 13:42:20.897635+05:30
394,2026-08-05,present,54,,,,36,11476,2026-09-21 13:42:20.897635+05:30,2026-09-21 13:42:20.897635+05:30
394,2026-08-06,present,54,,,,36,11477,2026-09-21 13:42:20.897635+05:30,2026-09-21 13:42:20.897635+05:30
394,2026-08-07,present,54,,,,36,11478,2026-09-21 13:42:20.897635+05:30,2026-09-21 13:42:20.897635+05:30
394,2026-08-08,present,54,,,,36,11479,2026-09-21 13:42:20.897635+05:30,2026-09-21 13:42:20.897635+05:30
394,2026-08-10,present,54,,,,36,11480,2026-09-21 13:42:20.897635+05:30,2026-09-21 13:42:20.897635+05:30
394,2026-08-12,present,54,,,,36,11481,2026-09-21 13:42:20.897635+05:30,2026-09-21 13:42:20.897635+05:30
394,2026-08-13,present,54,,,,36,11482,2026-09-21 13:42:20.897635+05:30,2026-09-21 13:42:20.897635+05:30
394,2026-08-14,present,54,,,,36,11483,2026-09-21 13:42:20.897635+05:30,2026-09-21 13:42:20.897635+05:30
394,2026-08-15,present,54,,,,36,11484,2026-09-21 13:42:20.897635+05:30,2026-09-21 13:42:20.897635+05:30
394,2026-08-17,present,54,,,,36,11485,2026-09-21 13:42:20.897635+05:30,2026-09-21 13:42:20.897635+05:30
394,2026-08-18,present,54,,,,36,11486,2026-09-21 13:42:20.897635+05:30,2026-09-21 13:42:20.897635+05:30
394,2026-08-19,present,54,,,,36,11487,2026-09-21 13:42:20.897635+05:30,2026-09-21 13:42:20.897635+05:30
394,2026-08-20,present,54,,,,36,11488,2026-09-21 13:42:20.897635+05:30,2026-09-21 13:42:20.897635+05:30
394,2026-08-21,absent,54,,,,36,11489,2026-09-21 13:42:20.897635+05:30,2026-09-21 13:42:20.897635+05:30
394,2026-08-22,present,54,,,,36,11490,2026-09-21 13:42:20.897635+05:30,2026-09-21 13:42:20.897635+05:30
394,2026-08-24,present,54,,,,36,11491,2026-09-21 13:42:20.897635+05:30,2026-09-21 13:42:20.897635+05:30
394,2026-08-25,present,54,,,,36,11492,2026-09-21 13:42:20.897635+05:30,2026-09-21 13:42:20.897635+05:30
394,2026-08-26,present,54,,,,36,11493,2026-09-21 13:42:20.897635+05:30,2026-09-21 13:42:20.897635+05:30
394,2026-08-27,present,54,,,,36,11494,2026-09-21 13:42:20.897635+05:30,2026-09-21 13:42:20.897635+05:30
394,2026-08-28,present,54,,,,36,11495,2026-09-21 13:42:20.897635+05:30,2026-09-21 13:42:20.897635+05:30
394,2026-08-29,present,54,,,,36,11496,2026-09-21 13:42:20.897635+05:30,2026-09-21 13:42:20.897635+05:30
394,2026-08-31,absent,54,,,,36,11497,2026-09-21 13:42:20.897635+05:30,2026-09-21 13:42:20.897635+05:30
394,2026-09-01,present,54,,,,36,11498,2026-09-21 13:42:20.897635+05:30,2026-09-21 13:42:20.897635+05:30
395,2026-06-24,present,54,,,,36,11499,2026-09-21 13:42:20.897635+05:30,2026-09-21 13:42:20.897635+05:30
395,2026-06-25,present,54,,,,36,11500,2026-09-21 13:42:20.897635+05:30,2026-09-21 13:42:20.897635+05:30
395,2026-06-26,present,54,,,,36,11501,2026-09-21 13:42:20.897635+05:30,2026-09-21 13:42:20.897635+05:30
395,2026-06-27,present,54,,,,36,11502,2026-09-21 13:42:20.897635+05:30,2026-09-21 13:42:20.897635+05:30
395,2026-06-29,present,54,,,,36,11503,2026-09-21 13:42:20.897635+05:30,2026-09-21 13:42:20.897635+05:30
395,2026-06-30,present,54,,,,36,11504,2026-09-21 13:42:20.897635+05:30,2026-09-21 13:42:20.897635+05:30
395,2026-07-01,present,54,,,,36,11505,2026-09-21 13:42:20.897635+05:30,2026-09-21 13:42:20.897635+05:30
395,2026-07-02,present,54,,,,36,11506,2026-09-21 13:42:20.897635+05:30,2026-09-21 13:42:20.897635+05:30
395,2026-07-03,present,54,,,,36,11507,2026-09-21 13:42:20.897635+05:30,2026-09-21 13:42:20.897635+05:30
395,2026-07-04,present,54,,,,36,11508,2026-09-21 13:42:20.897635+05:30,2026-09-21 13:42:20.897635+05:30
395,2026-07-06,present,54,,,,36,11509,2026-09-21 13:42:20.897635+05:30,2026-09-21 13:42:20.897635+05:30
395,2026-07-07,present,54,,,,36,11510,2026-09-21 13:42:20.897635+05:30,2026-09-21 13:42:20.897635+05:30
395,2026-07-08,present,54,,,,36,11511,2026-09-21 13:42:20.897635+05:30,2026-09-21 13:42:20.897635+05:30
395,2026-07-09,present,54,,,,36,11512,2026-09-21 13:42:20.897635+05:30,2026-09-21 13:42:20.897635+05:30
395,2026-07-10,present,54,,,,36,11513,2026-09-21 13:42:20.897635+05:30,2026-09-21 13:42:20.897635+05:30
395,2026-07-11,present,54,,,,36,11514,2026-09-21 13:42:20.897635+05:30,2026-09-21 13:42:20.897635+05:30
395,2026-07-13,present,54,,,,36,11515,2026-09-21 13:42:20.897635+05:30,2026-09-21 13:42:20.897635+05:30
395,2026-07-14,present,54,,,,36,11516,2026-09-21 13:42:20.897635+05:30,2026-09-21 13:42:20.897635+05:30
395,2026-07-15,present,54,,,,36,11517,2026-09-21 13:42:20.897635+05:30,2026-09-21 13:42:20.897635+05:30
395,2026-07-16,present,54,,,,36,11518,2026-09-21 13:42:20.897635+05:30,2026-09-21 13:42:20.897635+05:30
395,2026-07-17,present,54,,,,36,11519,2026-09-21 13:42:20.897635+05:30,2026-09-21 13:42:20.897635+05:30
395,2026-07-18,present,54,,,,36,11520,2026-09-21 13:42:20.897635+05:30,2026-09-21 13:42:20.897635+05:30
395,2026-07-20,present,54,,,,36,11521,2026-09-21 13:42:20.897635+05:30,2026-09-21 13:42:20.897635+05:30
395,2026-07-21,present,54,,,,36,11522,2026-09-21 13:42:20.897635+05:30,2026-09-21 13:42:20.897635+05:30
395,2026-07-22,present,54,,,,36,11523,2026-09-21 13:42:20.897635+05:30,2026-09-21 13:42:20.897635+05:30
395,2026-07-24,present,54,,,,36,11524,2026-09-21 13:42:20.897635+05:30,2026-09-21 13:42:20.897635+05:30
395,2026-07-25,present,54,,,,36,11525,2026-09-21 13:42:20.897635+05:30,2026-09-21 13:42:20.897635+05:30
395,2026-07-27,present,54,,,,36,11526,2026-09-21 13:42:20.897635+05:30,2026-09-21 13:42:20.897635+05:30
395,2026-07-28,leave,54,,,,36,11527,2026-09-21 13:42:20.897635+05:30,2026-09-21 13:42:20.897635+05:30
395,2026-07-29,present,54,,,,36,11528,2026-09-21 13:42:20.897635+05:30,2026-09-21 13:42:20.897635+05:30
395,2026-07-30,present,54,,,,36,11529,2026-09-21 13:42:20.897635+05:30,2026-09-21 13:42:20.897635+05:30
395,2026-07-31,present,54,,,,36,11530,2026-09-21 13:42:20.897635+05:30,2026-09-21 13:42:20.897635+05:30
395,2026-08-01,leave,54,,,,36,11531,2026-09-21 13:42:20.897635+05:30,2026-09-21 13:42:20.897635+05:30
395,2026-08-03,present,54,,,,36,11532,2026-09-21 13:42:20.897635+05:30,2026-09-21 13:42:20.897635+05:30
395,2026-08-04,present,54,,,,36,11533,2026-09-21 13:42:20.897635+05:30,2026-09-21 13:42:20.897635+05:30
395,2026-08-05,present,54,,,,36,11534,2026-09-21 13:42:20.897635+05:30,2026-09-21 13:42:20.897635+05:30
395,2026-08-06,present,54,,,,36,11535,2026-09-21 13:42:20.897635+05:30,2026-09-21 13:42:20.897635+05:30
395,2026-08-07,present,54,,,,36,11536,2026-09-21 13:42:20.897635+05:30,2026-09-21 13:42:20.897635+05:30
395,2026-08-08,present,54,,,,36,11537,2026-09-21 13:42:20.897635+05:30,2026-09-21 13:42:20.897635+05:30
395,2026-08-10,present,54,,,,36,11538,2026-09-21 13:42:20.897635+05:30,2026-09-21 13:42:20.897635+05:30
395,2026-08-12,present,54,,,,36,11539,2026-09-21 13:42:20.897635+05:30,2026-09-21 13:42:20.897635+05:30
395,2026-08-13,present,54,,,,36,11540,2026-09-21 13:42:20.897635+05:30,2026-09-21 13:42:20.897635+05:30
395,2026-08-14,present,54,,,,36,11541,2026-09-21 13:42:20.897635+05:30,2026-09-21 13:42:20.897635+05:30
395,2026-08-15,present,54,,,,36,11542,2026-09-21 13:42:20.897635+05:30,2026-09-21 13:42:20.897635+05:30
395,2026-08-17,present,54,,,,36,11543,2026-09-21 13:42:20.897635+05:30,2026-09-21 13:42:20.897635+05:30
395,2026-08-18,present,54,,,,36,11544,2026-09-21 13:42:20.897635+05:30,2026-09-21 13:42:20.897635+05:30
395,2026-08-19,present,54,,,,36,11545,2026-09-21 13:42:20.897635+05:30,2026-09-21 13:42:20.897635+05:30
395,2026-08-20,present,54,,,,36,11546,2026-09-21 13:42:20.897635+05:30,2026-09-21 13:42:20.897635+05:30
395,2026-08-21,present,54,,,,36,11547,2026-09-21 13:42:20.897635+05:30,2026-09-21 13:42:20.897635+05:30
395,2026-08-22,present,54,,,,36,11548,2026-09-21 13:42:20.897635+05:30,2026-09-21 13:42:20.897635+05:30
395,2026-08-24,absent,54,,,,36,11549,2026-09-21 13:42:20.897635+05:30,2026-09-21 13:42:20.897635+05:30
395,2026-08-25,absent,54,,,,36,11550,2026-09-21 13:42:20.897635+05:30,2026-09-21 13:42:20.897635+05:30
395,2026-08-26,present,54,,,,36,11551,2026-09-21 13:42:20.897635+05:30,2026-09-21 13:42:20.897635+05:30
395,2026-08-27,present,54,,,,36,11552,2026-09-21 13:42:20.897635+05:30,2026-09-21 13:42:20.897635+05:30
395,2026-08-28,present,54,,,,36,11553,2026-09-21 13:42:20.897635+05:30,2026-09-21 13:42:20.897635+05:30
395,2026-08-29,present,54,,,,36,11554,2026-09-21 13:42:20.897635+05:30,2026-09-21 13:42:20.897635+05:30
395,2026-08-31,present,54,,,,36,11555,2026-09-21 13:42:20.897635+05:30,2026-09-21 13:42:20.897635+05:30
395,2026-09-01,present,54,,,,36,11556,2026-09-21 13:42:20.897635+05:30,2026-09-21 13:42:20.897635+05:30
396,2026-06-24,present,54,,,,36,11557,2026-09-21 13:42:20.897635+05:30,2026-09-21 13:42:20.897635+05:30
396,2026-06-25,present,54,,,,36,11558,2026-09-21 13:42:20.897635+05:30,2026-09-21 13:42:20.897635+05:30
396,2026-06-26,present,54,,,,36,11559,2026-09-21 13:42:20.897635+05:30,2026-09-21 13:42:20.897635+05:30
396,2026-06-27,present,54,,,,36,11560,2026-09-21 13:42:20.897635+05:30,2026-09-21 13:42:20.897635+05:30
396,2026-06-29,present,54,,,,36,11561,2026-09-21 13:42:20.897635+05:30,2026-09-21 13:42:20.897635+05:30
396,2026-06-30,present,54,,,,36,11562,2026-09-21 13:42:20.897635+05:30,2026-09-21 13:42:20.897635+05:30
396,2026-07-01,present,54,,,,36,11563,2026-09-21 13:42:20.897635+05:30,2026-09-21 13:42:20.897635+05:30
396,2026-07-02,present,54,,,,36,11564,2026-09-21 13:42:20.897635+05:30,2026-09-21 13:42:20.897635+05:30
396,2026-07-03,present,54,,,,36,11565,2026-09-21 13:42:20.897635+05:30,2026-09-21 13:42:20.897635+05:30
396,2026-07-04,present,54,,,,36,11566,2026-09-21 13:42:20.897635+05:30,2026-09-21 13:42:20.897635+05:30
396,2026-07-06,present,54,,,,36,11567,2026-09-21 13:42:20.897635+05:30,2026-09-21 13:42:20.897635+05:30
396,2026-07-07,present,54,,,,36,11568,2026-09-21 13:42:20.897635+05:30,2026-09-21 13:42:20.897635+05:30
396,2026-07-08,present,54,,,,36,11569,2026-09-21 13:42:20.897635+05:30,2026-09-21 13:42:20.897635+05:30
396,2026-07-09,present,54,,,,36,11570,2026-09-21 13:42:20.897635+05:30,2026-09-21 13:42:20.897635+05:30
396,2026-07-10,present,54,,,,36,11571,2026-09-21 13:42:20.897635+05:30,2026-09-21 13:42:20.897635+05:30
396,2026-07-11,leave,54,,,,36,11572,2026-09-21 13:42:20.897635+05:30,2026-09-21 13:42:20.897635+05:30
396,2026-07-13,present,54,,,,36,11573,2026-09-21 13:42:20.897635+05:30,2026-09-21 13:42:20.897635+05:30
396,2026-07-14,present,54,,,,36,11574,2026-09-21 13:42:20.897635+05:30,2026-09-21 13:42:20.897635+05:30
396,2026-07-15,present,54,,,,36,11575,2026-09-21 13:42:20.897635+05:30,2026-09-21 13:42:20.897635+05:30
396,2026-07-16,present,54,,,,36,11576,2026-09-21 13:42:20.897635+05:30,2026-09-21 13:42:20.897635+05:30
396,2026-07-17,present,54,,,,36,11577,2026-09-21 13:42:20.897635+05:30,2026-09-21 13:42:20.897635+05:30
396,2026-07-18,present,54,,,,36,11578,2026-09-21 13:42:20.897635+05:30,2026-09-21 13:42:20.897635+05:30
396,2026-07-20,present,54,,,,36,11579,2026-09-21 13:42:20.897635+05:30,2026-09-21 13:42:20.897635+05:30
396,2026-07-21,present,54,,,,36,11580,2026-09-21 13:42:20.897635+05:30,2026-09-21 13:42:20.897635+05:30
396,2026-07-22,present,54,,,,36,11581,2026-09-21 13:42:20.897635+05:30,2026-09-21 13:42:20.897635+05:30
396,2026-07-24,present,54,,,,36,11582,2026-09-21 13:42:20.897635+05:30,2026-09-21 13:42:20.897635+05:30
396,2026-07-25,present,54,,,,36,11583,2026-09-21 13:42:20.897635+05:30,2026-09-21 13:42:20.897635+05:30
396,2026-07-27,present,54,,,,36,11584,2026-09-21 13:42:20.897635+05:30,2026-09-21 13:42:20.897635+05:30
396,2026-07-28,present,54,,,,36,11585,2026-09-21 13:42:20.897635+05:30,2026-09-21 13:42:20.897635+05:30
396,2026-07-29,present,54,,,,36,11586,2026-09-21 13:42:20.897635+05:30,2026-09-21 13:42:20.897635+05:30
396,2026-07-30,present,54,,,,36,11587,2026-09-21 13:42:20.897635+05:30,2026-09-21 13:42:20.897635+05:30
396,2026-07-31,present,54,,,,36,11588,2026-09-21 13:42:20.897635+05:30,2026-09-21 13:42:20.897635+05:30
396,2026-08-01,present,54,,,,36,11589,2026-09-21 13:42:20.897635+05:30,2026-09-21 13:42:20.897635+05:30
396,2026-08-03,present,54,,,,36,11590,2026-09-21 13:42:20.897635+05:30,2026-09-21 13:42:20.897635+05:30
396,2026-08-04,present,54,,,,36,11591,2026-09-21 13:42:20.897635+05:30,2026-09-21 13:42:20.897635+05:30
396,2026-08-05,present,54,,,,36,11592,2026-09-21 13:42:20.897635+05:30,2026-09-21 13:42:20.897635+05:30
396,2026-08-06,present,54,,,,36,11593,2026-09-21 13:42:20.897635+05:30,2026-09-21 13:42:20.897635+05:30
396,2026-08-07,present,54,,,,36,11594,2026-09-21 13:42:20.897635+05:30,2026-09-21 13:42:20.897635+05:30
396,2026-08-08,present,54,,,,36,11595,2026-09-21 13:42:20.897635+05:30,2026-09-21 13:42:20.897635+05:30
396,2026-08-10,present,54,,,,36,11596,2026-09-21 13:42:20.897635+05:30,2026-09-21 13:42:20.897635+05:30
396,2026-08-12,present,54,,,,36,11597,2026-09-21 13:42:20.897635+05:30,2026-09-21 13:42:20.897635+05:30
396,2026-08-13,present,54,,,,36,11598,2026-09-21 13:42:20.897635+05:30,2026-09-21 13:42:20.897635+05:30
396,2026-08-14,present,54,,,,36,11599,2026-09-21 13:42:20.897635+05:30,2026-09-21 13:42:20.897635+05:30
396,2026-08-15,present,54,,,,36,11600,2026-09-21 13:42:20.897635+05:30,2026-09-21 13:42:20.897635+05:30
396,2026-08-17,present,54,,,,36,11601,2026-09-21 13:42:20.897635+05:30,2026-09-21 13:42:20.897635+05:30
396,2026-08-18,present,54,,,,36,11602,2026-09-21 13:42:20.897635+05:30,2026-09-21 13:42:20.897635+05:30
396,2026-08-19,present,54,,,,36,11603,2026-09-21 13:42:20.897635+05:30,2026-09-21 13:42:20.897635+05:30
396,2026-08-20,present,54,,,,36,11604,2026-09-21 13:42:20.897635+05:30,2026-09-21 13:42:20.897635+05:30
396,2026-08-21,present,54,,,,36,11605,2026-09-21 13:42:20.897635+05:30,2026-09-21 13:42:20.897635+05:30
396,2026-08-22,absent,54,,,,36,11606,2026-09-21 13:42:20.897635+05:30,2026-09-21 13:42:20.897635+05:30
396,2026-08-24,present,54,,,,36,11607,2026-09-21 13:42:20.897635+05:30,2026-09-21 13:42:20.897635+05:30
396,2026-08-25,present,54,,,,36,11608,2026-09-21 13:42:20.897635+05:30,2026-09-21 13:42:20.897635+05:30
396,2026-08-26,leave,54,,,,36,11609,2026-09-21 13:42:20.897635+05:30,2026-09-21 13:42:20.897635+05:30
396,2026-08-27,present,54,,,,36,11610,2026-09-21 13:42:20.897635+05:30,2026-09-21 13:42:20.897635+05:30
396,2026-08-28,present,54,,,,36,11611,2026-09-21 13:42:20.897635+05:30,2026-09-21 13:42:20.897635+05:30
396,2026-08-29,present,54,,,,36,11612,2026-09-21 13:42:20.897635+05:30,2026-09-21 13:42:20.897635+05:30
396,2026-08-31,present,54,,,,36,11613,2026-09-21 13:42:20.897635+05:30,2026-09-21 13:42:20.897635+05:30
396,2026-09-01,present,54,,,,36,11614,2026-09-21 13:42:20.897635+05:30,2026-09-21 13:42:20.897635+05:30
397,2026-06-24,present,54,,,,36,11615,2026-09-21 13:42:20.897635+05:30,2026-09-21 13:42:20.897635+05:30
397,2026-06-25,present,54,,,,36,11616,2026-09-21 13:42:20.897635+05:30,2026-09-21 13:42:20.897635+05:30
397,2026-06-26,present,54,,,,36,11617,2026-09-21 13:42:20.897635+05:30,2026-09-21 13:42:20.897635+05:30
397,2026-06-27,present,54,,,,36,11618,2026-09-21 13:42:20.897635+05:30,2026-09-21 13:42:20.897635+05:30
397,2026-06-29,present,54,,,,36,11619,2026-09-21 13:42:20.897635+05:30,2026-09-21 13:42:20.897635+05:30
397,2026-06-30,present,54,,,,36,11620,2026-09-21 13:42:20.897635+05:30,2026-09-21 13:42:20.897635+05:30
397,2026-07-01,present,54,,,,36,11621,2026-09-21 13:42:20.897635+05:30,2026-09-21 13:42:20.897635+05:30
397,2026-07-02,present,54,,,,36,11622,2026-09-21 13:42:20.897635+05:30,2026-09-21 13:42:20.897635+05:30
397,2026-07-03,absent,54,,,,36,11623,2026-09-21 13:42:20.897635+05:30,2026-09-21 13:42:20.897635+05:30
397,2026-07-04,present,54,,,,36,11624,2026-09-21 13:42:20.897635+05:30,2026-09-21 13:42:20.897635+05:30
397,2026-07-06,leave,54,,,,36,11625,2026-09-21 13:42:20.897635+05:30,2026-09-21 13:42:20.897635+05:30
397,2026-07-07,present,54,,,,36,11626,2026-09-21 13:42:20.897635+05:30,2026-09-21 13:42:20.897635+05:30
397,2026-07-08,present,54,,,,36,11627,2026-09-21 13:42:20.897635+05:30,2026-09-21 13:42:20.897635+05:30
397,2026-07-09,present,54,,,,36,11628,2026-09-21 13:42:20.897635+05:30,2026-09-21 13:42:20.897635+05:30
397,2026-07-10,present,54,,,,36,11629,2026-09-21 13:42:20.897635+05:30,2026-09-21 13:42:20.897635+05:30
397,2026-07-11,present,54,,,,36,11630,2026-09-21 13:42:20.897635+05:30,2026-09-21 13:42:20.897635+05:30
397,2026-07-13,present,54,,,,36,11631,2026-09-21 13:42:20.897635+05:30,2026-09-21 13:42:20.897635+05:30
397,2026-07-14,present,54,,,,36,11632,2026-09-21 13:42:20.897635+05:30,2026-09-21 13:42:20.897635+05:30
397,2026-07-15,present,54,,,,36,11633,2026-09-21 13:42:20.897635+05:30,2026-09-21 13:42:20.897635+05:30
397,2026-07-16,present,54,,,,36,11634,2026-09-21 13:42:20.897635+05:30,2026-09-21 13:42:20.897635+05:30
397,2026-07-17,present,54,,,,36,11635,2026-09-21 13:42:20.897635+05:30,2026-09-21 13:42:20.897635+05:30
397,2026-07-18,absent,54,,,,36,11636,2026-09-21 13:42:20.897635+05:30,2026-09-21 13:42:20.897635+05:30
397,2026-07-20,present,54,,,,36,11637,2026-09-21 13:42:20.897635+05:30,2026-09-21 13:42:20.897635+05:30
397,2026-07-21,present,54,,,,36,11638,2026-09-21 13:42:20.897635+05:30,2026-09-21 13:42:20.897635+05:30
397,2026-07-22,present,54,,,,36,11639,2026-09-21 13:42:20.897635+05:30,2026-09-21 13:42:20.897635+05:30
397,2026-07-24,present,54,,,,36,11640,2026-09-21 13:42:20.897635+05:30,2026-09-21 13:42:20.897635+05:30
397,2026-07-25,present,54,,,,36,11641,2026-09-21 13:42:20.897635+05:30,2026-09-21 13:42:20.897635+05:30
397,2026-07-27,present,54,,,,36,11642,2026-09-21 13:42:20.897635+05:30,2026-09-21 13:42:20.897635+05:30
397,2026-07-28,absent,54,,,,36,11643,2026-09-21 13:42:20.897635+05:30,2026-09-21 13:42:20.897635+05:30
397,2026-07-29,present,54,,,,36,11644,2026-09-21 13:42:20.897635+05:30,2026-09-21 13:42:20.897635+05:30
397,2026-07-30,present,54,,,,36,11645,2026-09-21 13:42:20.897635+05:30,2026-09-21 13:42:20.897635+05:30
397,2026-07-31,present,54,,,,36,11646,2026-09-21 13:42:20.897635+05:30,2026-09-21 13:42:20.897635+05:30
397,2026-08-01,present,54,,,,36,11647,2026-09-21 13:42:20.897635+05:30,2026-09-21 13:42:20.897635+05:30
397,2026-08-03,present,54,,,,36,11648,2026-09-21 13:42:20.897635+05:30,2026-09-21 13:42:20.897635+05:30
397,2026-08-04,present,54,,,,36,11649,2026-09-21 13:42:20.897635+05:30,2026-09-21 13:42:20.897635+05:30
397,2026-08-05,present,54,,,,36,11650,2026-09-21 13:42:20.897635+05:30,2026-09-21 13:42:20.897635+05:30
397,2026-08-06,present,54,,,,36,11651,2026-09-21 13:42:20.897635+05:30,2026-09-21 13:42:20.897635+05:30
397,2026-08-07,present,54,,,,36,11652,2026-09-21 13:42:20.897635+05:30,2026-09-21 13:42:20.897635+05:30
397,2026-08-08,present,54,,,,36,11653,2026-09-21 13:42:20.897635+05:30,2026-09-21 13:42:20.897635+05:30
397,2026-08-10,present,54,,,,36,11654,2026-09-21 13:42:20.897635+05:30,2026-09-21 13:42:20.897635+05:30
397,2026-08-12,present,54,,,,36,11655,2026-09-21 13:42:20.897635+05:30,2026-09-21 13:42:20.897635+05:30
397,2026-08-13,present,54,,,,36,11656,2026-09-21 13:42:20.897635+05:30,2026-09-21 13:42:20.897635+05:30
397,2026-08-14,present,54,,,,36,11657,2026-09-21 13:42:20.897635+05:30,2026-09-21 13:42:20.897635+05:30
397,2026-08-15,present,54,,,,36,11658,2026-09-21 13:42:20.897635+05:30,2026-09-21 13:42:20.897635+05:30
397,2026-08-17,present,54,,,,36,11659,2026-09-21 13:42:20.897635+05:30,2026-09-21 13:42:20.897635+05:30
397,2026-08-18,present,54,,,,36,11660,2026-09-21 13:42:20.897635+05:30,2026-09-21 13:42:20.897635+05:30
397,2026-08-19,present,54,,,,36,11661,2026-09-21 13:42:20.897635+05:30,2026-09-21 13:42:20.897635+05:30
397,2026-08-20,present,54,,,,36,11662,2026-09-21 13:42:20.897635+05:30,2026-09-21 13:42:20.897635+05:30
397,2026-08-21,present,54,,,,36,11663,2026-09-21 13:42:20.897635+05:30,2026-09-21 13:42:20.897635+05:30
397,2026-08-22,present,54,,,,36,11664,2026-09-21 13:42:20.897635+05:30,2026-09-21 13:42:20.897635+05:30
397,2026-08-24,present,54,,,,36,11665,2026-09-21 13:42:20.897635+05:30,2026-09-21 13:42:20.897635+05:30
397,2026-08-25,present,54,,,,36,11666,2026-09-21 13:42:20.897635+05:30,2026-09-21 13:42:20.897635+05:30
397,2026-08-26,present,54,,,,36,11667,2026-09-21 13:42:20.897635+05:30,2026-09-21 13:42:20.897635+05:30
397,2026-08-27,present,54,,,,36,11668,2026-09-21 13:42:20.897635+05:30,2026-09-21 13:42:20.897635+05:30
397,2026-08-28,present,54,,,,36,11669,2026-09-21 13:42:20.897635+05:30,2026-09-21 13:42:20.897635+05:30
397,2026-08-29,present,54,,,,36,11670,2026-09-21 13:42:20.897635+05:30,2026-09-21 13:42:20.897635+05:30
397,2026-08-31,present,54,,,,36,11671,2026-09-21 13:42:20.897635+05:30,2026-09-21 13:42:20.897635+05:30
397,2026-09-01,present,54,,,,36,11672,2026-09-21 13:42:20.897635+05:30,2026-09-21 13:42:20.897635+05:30
