invoice_id,fee_head_id,description,amount,discount,school_id,id,created_at,updated_at
3903,8,Tuition Fee,2240.00,0.00,36,9651,2026-09-21 13:43:20.249531+05:30,2026-09-21 13:43:20.249531+05:30
3903,9,Development Fee,560.00,0.00,36,9652,2026-09-21 13:43:20.249531+05:30,2026-09-21 13:43:20.249531+05:30
3903,10,Transport Fee,800.00,0.00,36,9653,2026-09-21 13:43:20.249531+05:30,2026-09-21 13:43:20.249531+05:30
3904,8,Tuition Fee,2240.00,224.00,36,9654,2026-09-21 13:43:20.249531+05:30,2026-09-21 13:43:20.249531+05:30
3904,9,Development Fee,560.00,56.00,36,9655,2026-09-21 13:43:20.249531+05:30,2026-09-21 13:43:20.249531+05:30
3905,8,Tuition Fee,2240.00,0.00,36,9656,2026-09-21 13:43:20.249531+05:30,2026-09-21 13:43:20.249531+05:30
3905,9,Development Fee,560.00,0.00,36,9657,2026-09-21 13:43:20.249531+05:30,2026-09-21 13:43:20.249531+05:30
3906,8,Tuition Fee,2240.00,224.00,36,9658,2026-09-21 13:43:20.249531+05:30,2026-09-21 13:43:20.249531+05:30
3906,9,Development Fee,560.00,56.00,36,9659,2026-09-21 13:43:20.249531+05:30,2026-09-21 13:43:20.249531+05:30
3907,8,Tuition Fee,2240.00,0.00,36,9660,2026-09-21 13:43:20.249531+05:30,2026-09-21 13:43:20.249531+05:30
3907,9,Development Fee,560.00,0.00,36,9661,2026-09-21 13:43:20.249531+05:30,2026-09-21 13:43:20.249531+05:30
3907,10,Transport Fee,800.00,0.00,36,9662,2026-09-21 13:43:20.249531+05:30,2026-09-21 13:43:20.249531+05:30
3908,8,Tuition Fee,2240.00,0.00,36,9663,2026-09-21 13:43:20.249531+05:30,2026-09-21 13:43:20.249531+05:30
3908,9,Development Fee,560.00,0.00,36,9664,2026-09-21 13:43:20.249531+05:30,2026-09-21 13:43:20.249531+05:30
3909,8,Tuition Fee,2240.00,0.00,36,9665,2026-09-21 13:43:20.249531+05:30,2026-09-21 13:43:20.249531+05:30
3909,9,Development Fee,560.00,0.00,36,9666,2026-09-21 13:43:20.249531+05:30,2026-09-21 13:43:20.249531+05:30
3910,8,Tuition Fee,2240.00,0.00,36,9667,2026-09-21 13:43:20.249531+05:30,2026-09-21 13:43:20.249531+05:30
3910,9,Development Fee,560.00,0.00,36,9668,2026-09-21 13:43:20.249531+05:30,2026-09-21 13:43:20.249531+05:30
3911,8,Tuition Fee,2240.00,0.00,36,9669,2026-09-21 13:43:20.249531+05:30,2026-09-21 13:43:20.249531+05:30
3911,9,Development Fee,560.00,0.00,36,9670,2026-09-21 13:43:20.249531+05:30,2026-09-21 13:43:20.249531+05:30
3911,10,Transport Fee,1100.00,0.00,36,9671,2026-09-21 13:43:20.249531+05:30,2026-09-21 13:43:20.249531+05:30
3912,8,Tuition Fee,2240.00,0.00,36,9672,2026-09-21 13:43:20.249531+05:30,2026-09-21 13:43:20.249531+05:30
3912,9,Development Fee,560.00,0.00,36,9673,2026-09-21 13:43:20.249531+05:30,2026-09-21 13:43:20.249531+05:30
3913,8,Tuition Fee,2112.00,0.00,36,9674,2026-09-21 13:43:20.249531+05:30,2026-09-21 13:43:20.249531+05:30
3913,9,Development Fee,528.00,0.00,36,9675,2026-09-21 13:43:20.249531+05:30,2026-09-21 13:43:20.249531+05:30
3913,10,Transport Fee,1500.00,0.00,36,9676,2026-09-21 13:43:20.249531+05:30,2026-09-21 13:43:20.249531+05:30
3914,8,Tuition Fee,2112.00,0.00,36,9677,2026-09-21 13:43:20.249531+05:30,2026-09-21 13:43:20.249531+05:30
3914,9,Development Fee,528.00,0.00,36,9678,2026-09-21 13:43:20.249531+05:30,2026-09-21 13:43:20.249531+05:30
3915,8,Tuition Fee,2112.00,0.00,36,9679,2026-09-21 13:43:20.249531+05:30,2026-09-21 13:43:20.249531+05:30
3915,9,Development Fee,528.00,0.00,36,9680,2026-09-21 13:43:20.249531+05:30,2026-09-21 13:43:20.249531+05:30
3916,8,Tuition Fee,2112.00,0.00,36,9681,2026-09-21 13:43:20.249531+05:30,2026-09-21 13:43:20.249531+05:30
3916,9,Development Fee,528.00,0.00,36,9682,2026-09-21 13:43:20.249531+05:30,2026-09-21 13:43:20.249531+05:30
3917,8,Tuition Fee,2112.00,0.00,36,9683,2026-09-21 13:43:20.249531+05:30,2026-09-21 13:43:20.249531+05:30
3917,9,Development Fee,528.00,0.00,36,9684,2026-09-21 13:43:20.249531+05:30,2026-09-21 13:43:20.249531+05:30
3917,10,Transport Fee,1100.00,0.00,36,9685,2026-09-21 13:43:20.249531+05:30,2026-09-21 13:43:20.249531+05:30
3918,8,Tuition Fee,2112.00,0.00,36,9686,2026-09-21 13:43:20.249531+05:30,2026-09-21 13:43:20.249531+05:30
3918,9,Development Fee,528.00,0.00,36,9687,2026-09-21 13:43:20.249531+05:30,2026-09-21 13:43:20.249531+05:30
3919,8,Tuition Fee,2112.00,0.00,36,9688,2026-09-21 13:43:20.249531+05:30,2026-09-21 13:43:20.249531+05:30
3919,9,Development Fee,528.00,0.00,36,9689,2026-09-21 13:43:20.249531+05:30,2026-09-21 13:43:20.249531+05:30
3920,8,Tuition Fee,2112.00,0.00,36,9690,2026-09-21 13:43:20.249531+05:30,2026-09-21 13:43:20.249531+05:30
3920,9,Development Fee,528.00,0.00,36,9691,2026-09-21 13:43:20.249531+05:30,2026-09-21 13:43:20.249531+05:30
3921,8,Tuition Fee,2112.00,0.00,36,9692,2026-09-21 13:43:20.249531+05:30,2026-09-21 13:43:20.249531+05:30
3921,9,Development Fee,528.00,0.00,36,9693,2026-09-21 13:43:20.249531+05:30,2026-09-21 13:43:20.249531+05:30
3921,10,Transport Fee,1100.00,0.00,36,9694,2026-09-21 13:43:20.249531+05:30,2026-09-21 13:43:20.249531+05:30
3922,8,Tuition Fee,2112.00,0.00,36,9695,2026-09-21 13:43:20.249531+05:30,2026-09-21 13:43:20.249531+05:30
3922,9,Development Fee,528.00,0.00,36,9696,2026-09-21 13:43:20.249531+05:30,2026-09-21 13:43:20.249531+05:30
3923,8,Tuition Fee,1984.00,0.00,36,9697,2026-09-21 13:43:20.249531+05:30,2026-09-21 13:43:20.249531+05:30
3923,9,Development Fee,496.00,0.00,36,9698,2026-09-21 13:43:20.249531+05:30,2026-09-21 13:43:20.249531+05:30
3923,10,Transport Fee,1500.00,0.00,36,9699,2026-09-21 13:43:20.249531+05:30,2026-09-21 13:43:20.249531+05:30
3924,8,Tuition Fee,1984.00,0.00,36,9700,2026-09-21 13:43:20.249531+05:30,2026-09-21 13:43:20.249531+05:30
3924,9,Development Fee,496.00,0.00,36,9701,2026-09-21 13:43:20.249531+05:30,2026-09-21 13:43:20.249531+05:30
3925,8,Tuition Fee,1984.00,0.00,36,9702,2026-09-21 13:43:20.249531+05:30,2026-09-21 13:43:20.249531+05:30
3925,9,Development Fee,496.00,0.00,36,9703,2026-09-21 13:43:20.249531+05:30,2026-09-21 13:43:20.249531+05:30
3926,8,Tuition Fee,1984.00,0.00,36,9704,2026-09-21 13:43:20.249531+05:30,2026-09-21 13:43:20.249531+05:30
3926,9,Development Fee,496.00,0.00,36,9705,2026-09-21 13:43:20.249531+05:30,2026-09-21 13:43:20.249531+05:30
3927,8,Tuition Fee,1984.00,0.00,36,9706,2026-09-21 13:43:20.249531+05:30,2026-09-21 13:43:20.249531+05:30
3927,9,Development Fee,496.00,0.00,36,9707,2026-09-21 13:43:20.249531+05:30,2026-09-21 13:43:20.249531+05:30
3927,10,Transport Fee,800.00,0.00,36,9708,2026-09-21 13:43:20.249531+05:30,2026-09-21 13:43:20.249531+05:30
3928,8,Tuition Fee,1984.00,0.00,36,9709,2026-09-21 13:43:20.249531+05:30,2026-09-21 13:43:20.249531+05:30
3928,9,Development Fee,496.00,0.00,36,9710,2026-09-21 13:43:20.249531+05:30,2026-09-21 13:43:20.249531+05:30
3929,8,Tuition Fee,1984.00,0.00,36,9711,2026-09-21 13:43:20.249531+05:30,2026-09-21 13:43:20.249531+05:30
3929,9,Development Fee,496.00,0.00,36,9712,2026-09-21 13:43:20.249531+05:30,2026-09-21 13:43:20.249531+05:30
3930,8,Tuition Fee,1984.00,0.00,36,9713,2026-09-21 13:43:20.249531+05:30,2026-09-21 13:43:20.249531+05:30
3930,9,Development Fee,496.00,0.00,36,9714,2026-09-21 13:43:20.249531+05:30,2026-09-21 13:43:20.249531+05:30
3931,8,Tuition Fee,1984.00,0.00,36,9715,2026-09-21 13:43:20.249531+05:30,2026-09-21 13:43:20.249531+05:30
3931,9,Development Fee,496.00,0.00,36,9716,2026-09-21 13:43:20.249531+05:30,2026-09-21 13:43:20.249531+05:30
3931,10,Transport Fee,800.00,0.00,36,9717,2026-09-21 13:43:20.249531+05:30,2026-09-21 13:43:20.249531+05:30
3932,8,Tuition Fee,1984.00,0.00,36,9718,2026-09-21 13:43:20.249531+05:30,2026-09-21 13:43:20.249531+05:30
3932,9,Development Fee,496.00,0.00,36,9719,2026-09-21 13:43:20.249531+05:30,2026-09-21 13:43:20.249531+05:30
3933,8,Tuition Fee,1856.00,0.00,36,9720,2026-09-21 13:43:20.249531+05:30,2026-09-21 13:43:20.249531+05:30
3933,9,Development Fee,464.00,0.00,36,9721,2026-09-21 13:43:20.249531+05:30,2026-09-21 13:43:20.249531+05:30
3933,10,Transport Fee,1100.00,0.00,36,9722,2026-09-21 13:43:20.249531+05:30,2026-09-21 13:43:20.249531+05:30
3934,8,Tuition Fee,1856.00,0.00,36,9723,2026-09-21 13:43:20.249531+05:30,2026-09-21 13:43:20.249531+05:30
3934,9,Development Fee,464.00,0.00,36,9724,2026-09-21 13:43:20.249531+05:30,2026-09-21 13:43:20.249531+05:30
3935,8,Tuition Fee,1856.00,0.00,36,9725,2026-09-21 13:43:20.249531+05:30,2026-09-21 13:43:20.249531+05:30
3935,9,Development Fee,464.00,0.00,36,9726,2026-09-21 13:43:20.249531+05:30,2026-09-21 13:43:20.249531+05:30
3936,8,Tuition Fee,1856.00,0.00,36,9727,2026-09-21 13:43:20.249531+05:30,2026-09-21 13:43:20.249531+05:30
3936,9,Development Fee,464.00,0.00,36,9728,2026-09-21 13:43:20.249531+05:30,2026-09-21 13:43:20.249531+05:30
3937,8,Tuition Fee,1856.00,0.00,36,9729,2026-09-21 13:43:20.249531+05:30,2026-09-21 13:43:20.249531+05:30
3937,9,Development Fee,464.00,0.00,36,9730,2026-09-21 13:43:20.249531+05:30,2026-09-21 13:43:20.249531+05:30
3937,10,Transport Fee,1500.00,0.00,36,9731,2026-09-21 13:43:20.249531+05:30,2026-09-21 13:43:20.249531+05:30
3938,8,Tuition Fee,1856.00,0.00,36,9732,2026-09-21 13:43:20.249531+05:30,2026-09-21 13:43:20.249531+05:30
3938,9,Development Fee,464.00,0.00,36,9733,2026-09-21 13:43:20.249531+05:30,2026-09-21 13:43:20.249531+05:30
3939,8,Tuition Fee,1856.00,0.00,36,9734,2026-09-21 13:43:20.249531+05:30,2026-09-21 13:43:20.249531+05:30
3939,9,Development Fee,464.00,0.00,36,9735,2026-09-21 13:43:20.249531+05:30,2026-09-21 13:43:20.249531+05:30
3940,8,Tuition Fee,1856.00,0.00,36,9736,2026-09-21 13:43:20.249531+05:30,2026-09-21 13:43:20.249531+05:30
3940,9,Development Fee,464.00,0.00,36,9737,2026-09-21 13:43:20.249531+05:30,2026-09-21 13:43:20.249531+05:30
3941,8,Tuition Fee,1856.00,0.00,36,9738,2026-09-21 13:43:20.249531+05:30,2026-09-21 13:43:20.249531+05:30
3941,9,Development Fee,464.00,0.00,36,9739,2026-09-21 13:43:20.249531+05:30,2026-09-21 13:43:20.249531+05:30
3941,10,Transport Fee,1100.00,0.00,36,9740,2026-09-21 13:43:20.249531+05:30,2026-09-21 13:43:20.249531+05:30
3942,8,Tuition Fee,1856.00,0.00,36,9741,2026-09-21 13:43:20.249531+05:30,2026-09-21 13:43:20.249531+05:30
3942,9,Development Fee,464.00,0.00,36,9742,2026-09-21 13:43:20.249531+05:30,2026-09-21 13:43:20.249531+05:30
3943,8,Tuition Fee,1728.00,0.00,36,9743,2026-09-21 13:43:20.249531+05:30,2026-09-21 13:43:20.249531+05:30
3943,9,Development Fee,432.00,0.00,36,9744,2026-09-21 13:43:20.249531+05:30,2026-09-21 13:43:20.249531+05:30
3943,10,Transport Fee,1100.00,0.00,36,9745,2026-09-21 13:43:20.249531+05:30,2026-09-21 13:43:20.249531+05:30
3944,8,Tuition Fee,1728.00,0.00,36,9746,2026-09-21 13:43:20.249531+05:30,2026-09-21 13:43:20.249531+05:30
3944,9,Development Fee,432.00,0.00,36,9747,2026-09-21 13:43:20.249531+05:30,2026-09-21 13:43:20.249531+05:30
3945,8,Tuition Fee,1728.00,0.00,36,9748,2026-09-21 13:43:20.249531+05:30,2026-09-21 13:43:20.249531+05:30
3945,9,Development Fee,432.00,0.00,36,9749,2026-09-21 13:43:20.249531+05:30,2026-09-21 13:43:20.249531+05:30
3946,8,Tuition Fee,1728.00,0.00,36,9750,2026-09-21 13:43:20.249531+05:30,2026-09-21 13:43:20.249531+05:30
3946,9,Development Fee,432.00,0.00,36,9751,2026-09-21 13:43:20.249531+05:30,2026-09-21 13:43:20.249531+05:30
3947,8,Tuition Fee,1728.00,0.00,36,9752,2026-09-21 13:43:20.249531+05:30,2026-09-21 13:43:20.249531+05:30
3947,9,Development Fee,432.00,0.00,36,9753,2026-09-21 13:43:20.249531+05:30,2026-09-21 13:43:20.249531+05:30
3947,10,Transport Fee,1500.00,0.00,36,9754,2026-09-21 13:43:20.249531+05:30,2026-09-21 13:43:20.249531+05:30
3948,8,Tuition Fee,1728.00,0.00,36,9755,2026-09-21 13:43:20.249531+05:30,2026-09-21 13:43:20.249531+05:30
3948,9,Development Fee,432.00,0.00,36,9756,2026-09-21 13:43:20.249531+05:30,2026-09-21 13:43:20.249531+05:30
3949,8,Tuition Fee,1728.00,0.00,36,9757,2026-09-21 13:43:20.249531+05:30,2026-09-21 13:43:20.249531+05:30
3949,9,Development Fee,432.00,0.00,36,9758,2026-09-21 13:43:20.249531+05:30,2026-09-21 13:43:20.249531+05:30
3950,8,Tuition Fee,1728.00,0.00,36,9759,2026-09-21 13:43:20.249531+05:30,2026-09-21 13:43:20.249531+05:30
3950,9,Development Fee,432.00,0.00,36,9760,2026-09-21 13:43:20.249531+05:30,2026-09-21 13:43:20.249531+05:30
3951,8,Tuition Fee,1728.00,0.00,36,9761,2026-09-21 13:43:20.249531+05:30,2026-09-21 13:43:20.249531+05:30
3951,9,Development Fee,432.00,0.00,36,9762,2026-09-21 13:43:20.249531+05:30,2026-09-21 13:43:20.249531+05:30
3951,10,Transport Fee,800.00,0.00,36,9763,2026-09-21 13:43:20.249531+05:30,2026-09-21 13:43:20.249531+05:30
3952,8,Tuition Fee,1728.00,0.00,36,9764,2026-09-21 13:43:20.249531+05:30,2026-09-21 13:43:20.249531+05:30
3952,9,Development Fee,432.00,0.00,36,9765,2026-09-21 13:43:20.249531+05:30,2026-09-21 13:43:20.249531+05:30
3953,8,Tuition Fee,1600.00,0.00,36,9766,2026-09-21 13:43:20.249531+05:30,2026-09-21 13:43:20.249531+05:30
3953,9,Development Fee,400.00,0.00,36,9767,2026-09-21 13:43:20.249531+05:30,2026-09-21 13:43:20.249531+05:30
3953,10,Transport Fee,800.00,0.00,36,9768,2026-09-21 13:43:20.249531+05:30,2026-09-21 13:43:20.249531+05:30
3954,8,Tuition Fee,1600.00,0.00,36,9769,2026-09-21 13:43:20.249531+05:30,2026-09-21 13:43:20.249531+05:30
3954,9,Development Fee,400.00,0.00,36,9770,2026-09-21 13:43:20.249531+05:30,2026-09-21 13:43:20.249531+05:30
3955,8,Tuition Fee,1600.00,0.00,36,9771,2026-09-21 13:43:20.249531+05:30,2026-09-21 13:43:20.249531+05:30
3955,9,Development Fee,400.00,0.00,36,9772,2026-09-21 13:43:20.249531+05:30,2026-09-21 13:43:20.249531+05:30
3956,8,Tuition Fee,1600.00,0.00,36,9773,2026-09-21 13:43:20.249531+05:30,2026-09-21 13:43:20.249531+05:30
3956,9,Development Fee,400.00,0.00,36,9774,2026-09-21 13:43:20.249531+05:30,2026-09-21 13:43:20.249531+05:30
3957,8,Tuition Fee,1600.00,0.00,36,9775,2026-09-21 13:43:20.249531+05:30,2026-09-21 13:43:20.249531+05:30
3957,9,Development Fee,400.00,0.00,36,9776,2026-09-21 13:43:20.249531+05:30,2026-09-21 13:43:20.249531+05:30
3957,10,Transport Fee,1100.00,0.00,36,9777,2026-09-21 13:43:20.249531+05:30,2026-09-21 13:43:20.249531+05:30
3958,8,Tuition Fee,1600.00,0.00,36,9778,2026-09-21 13:43:20.249531+05:30,2026-09-21 13:43:20.249531+05:30
3958,9,Development Fee,400.00,0.00,36,9779,2026-09-21 13:43:20.249531+05:30,2026-09-21 13:43:20.249531+05:30
3959,8,Tuition Fee,1600.00,0.00,36,9780,2026-09-21 13:43:20.249531+05:30,2026-09-21 13:43:20.249531+05:30
3959,9,Development Fee,400.00,0.00,36,9781,2026-09-21 13:43:20.249531+05:30,2026-09-21 13:43:20.249531+05:30
3960,8,Tuition Fee,1600.00,0.00,36,9782,2026-09-21 13:43:20.249531+05:30,2026-09-21 13:43:20.249531+05:30
3960,9,Development Fee,400.00,0.00,36,9783,2026-09-21 13:43:20.249531+05:30,2026-09-21 13:43:20.249531+05:30
3961,8,Tuition Fee,1600.00,0.00,36,9784,2026-09-21 13:43:20.249531+05:30,2026-09-21 13:43:20.249531+05:30
3961,9,Development Fee,400.00,0.00,36,9785,2026-09-21 13:43:20.249531+05:30,2026-09-21 13:43:20.249531+05:30
3961,10,Transport Fee,1500.00,0.00,36,9786,2026-09-21 13:43:20.249531+05:30,2026-09-21 13:43:20.249531+05:30
3962,8,Tuition Fee,1600.00,0.00,36,9787,2026-09-21 13:43:20.249531+05:30,2026-09-21 13:43:20.249531+05:30
3962,9,Development Fee,400.00,0.00,36,9788,2026-09-21 13:43:20.249531+05:30,2026-09-21 13:43:20.249531+05:30
3963,8,Tuition Fee,1472.00,0.00,36,9789,2026-09-21 13:43:20.249531+05:30,2026-09-21 13:43:20.249531+05:30
3963,9,Development Fee,368.00,0.00,36,9790,2026-09-21 13:43:20.249531+05:30,2026-09-21 13:43:20.249531+05:30
3963,10,Transport Fee,1100.00,0.00,36,9791,2026-09-21 13:43:20.249531+05:30,2026-09-21 13:43:20.249531+05:30
3964,8,Tuition Fee,1472.00,0.00,36,9792,2026-09-21 13:43:20.249531+05:30,2026-09-21 13:43:20.249531+05:30
3964,9,Development Fee,368.00,0.00,36,9793,2026-09-21 13:43:20.249531+05:30,2026-09-21 13:43:20.249531+05:30
3965,8,Tuition Fee,1472.00,0.00,36,9794,2026-09-21 13:43:20.249531+05:30,2026-09-21 13:43:20.249531+05:30
3965,9,Development Fee,368.00,0.00,36,9795,2026-09-21 13:43:20.249531+05:30,2026-09-21 13:43:20.249531+05:30
3966,8,Tuition Fee,1472.00,0.00,36,9796,2026-09-21 13:43:20.249531+05:30,2026-09-21 13:43:20.249531+05:30
3966,9,Development Fee,368.00,0.00,36,9797,2026-09-21 13:43:20.249531+05:30,2026-09-21 13:43:20.249531+05:30
3967,8,Tuition Fee,1472.00,0.00,36,9798,2026-09-21 13:43:20.249531+05:30,2026-09-21 13:43:20.249531+05:30
3967,9,Development Fee,368.00,0.00,36,9799,2026-09-21 13:43:20.249531+05:30,2026-09-21 13:43:20.249531+05:30
3967,10,Transport Fee,1100.00,0.00,36,9800,2026-09-21 13:43:20.249531+05:30,2026-09-21 13:43:20.249531+05:30
3968,8,Tuition Fee,1472.00,0.00,36,9801,2026-09-21 13:43:20.249531+05:30,2026-09-21 13:43:20.249531+05:30
3968,9,Development Fee,368.00,0.00,36,9802,2026-09-21 13:43:20.249531+05:30,2026-09-21 13:43:20.249531+05:30
3969,8,Tuition Fee,1472.00,0.00,36,9803,2026-09-21 13:43:20.249531+05:30,2026-09-21 13:43:20.249531+05:30
3969,9,Development Fee,368.00,0.00,36,9804,2026-09-21 13:43:20.249531+05:30,2026-09-21 13:43:20.249531+05:30
3970,8,Tuition Fee,1472.00,0.00,36,9805,2026-09-21 13:43:20.249531+05:30,2026-09-21 13:43:20.249531+05:30
3970,9,Development Fee,368.00,0.00,36,9806,2026-09-21 13:43:20.249531+05:30,2026-09-21 13:43:20.249531+05:30
3971,8,Tuition Fee,1472.00,0.00,36,9807,2026-09-21 13:43:20.249531+05:30,2026-09-21 13:43:20.249531+05:30
3971,9,Development Fee,368.00,0.00,36,9808,2026-09-21 13:43:20.249531+05:30,2026-09-21 13:43:20.249531+05:30
3971,10,Transport Fee,1500.00,0.00,36,9809,2026-09-21 13:43:20.249531+05:30,2026-09-21 13:43:20.249531+05:30
3972,8,Tuition Fee,1472.00,0.00,36,9810,2026-09-21 13:43:20.249531+05:30,2026-09-21 13:43:20.249531+05:30
3972,9,Development Fee,368.00,0.00,36,9811,2026-09-21 13:43:20.249531+05:30,2026-09-21 13:43:20.249531+05:30
3973,8,Tuition Fee,1344.00,0.00,36,9812,2026-09-21 13:43:20.249531+05:30,2026-09-21 13:43:20.249531+05:30
3973,9,Development Fee,336.00,0.00,36,9813,2026-09-21 13:43:20.249531+05:30,2026-09-21 13:43:20.249531+05:30
3973,10,Transport Fee,800.00,0.00,36,9814,2026-09-21 13:43:20.249531+05:30,2026-09-21 13:43:20.249531+05:30
3974,8,Tuition Fee,1344.00,0.00,36,9815,2026-09-21 13:43:20.249531+05:30,2026-09-21 13:43:20.249531+05:30
3974,9,Development Fee,336.00,0.00,36,9816,2026-09-21 13:43:20.249531+05:30,2026-09-21 13:43:20.249531+05:30
3975,8,Tuition Fee,1344.00,0.00,36,9817,2026-09-21 13:43:20.249531+05:30,2026-09-21 13:43:20.249531+05:30
3975,9,Development Fee,336.00,0.00,36,9818,2026-09-21 13:43:20.249531+05:30,2026-09-21 13:43:20.249531+05:30
3976,8,Tuition Fee,1344.00,0.00,36,9819,2026-09-21 13:43:20.249531+05:30,2026-09-21 13:43:20.249531+05:30
3976,9,Development Fee,336.00,0.00,36,9820,2026-09-21 13:43:20.249531+05:30,2026-09-21 13:43:20.249531+05:30
3977,8,Tuition Fee,1344.00,0.00,36,9821,2026-09-21 13:43:20.249531+05:30,2026-09-21 13:43:20.249531+05:30
3977,9,Development Fee,336.00,0.00,36,9822,2026-09-21 13:43:20.249531+05:30,2026-09-21 13:43:20.249531+05:30
3977,10,Transport Fee,800.00,0.00,36,9823,2026-09-21 13:43:20.249531+05:30,2026-09-21 13:43:20.249531+05:30
3978,8,Tuition Fee,1344.00,0.00,36,9824,2026-09-21 13:43:20.249531+05:30,2026-09-21 13:43:20.249531+05:30
3978,9,Development Fee,336.00,0.00,36,9825,2026-09-21 13:43:20.249531+05:30,2026-09-21 13:43:20.249531+05:30
3979,8,Tuition Fee,1344.00,0.00,36,9826,2026-09-21 13:43:20.249531+05:30,2026-09-21 13:43:20.249531+05:30
3979,9,Development Fee,336.00,0.00,36,9827,2026-09-21 13:43:20.249531+05:30,2026-09-21 13:43:20.249531+05:30
3980,8,Tuition Fee,1344.00,0.00,36,9828,2026-09-21 13:43:20.249531+05:30,2026-09-21 13:43:20.249531+05:30
3980,9,Development Fee,336.00,0.00,36,9829,2026-09-21 13:43:20.249531+05:30,2026-09-21 13:43:20.249531+05:30
3981,8,Tuition Fee,1344.00,0.00,36,9830,2026-09-21 13:43:20.249531+05:30,2026-09-21 13:43:20.249531+05:30
3981,9,Development Fee,336.00,0.00,36,9831,2026-09-21 13:43:20.249531+05:30,2026-09-21 13:43:20.249531+05:30
3981,10,Transport Fee,1100.00,0.00,36,9832,2026-09-21 13:43:20.249531+05:30,2026-09-21 13:43:20.249531+05:30
3982,8,Tuition Fee,1344.00,0.00,36,9833,2026-09-21 13:43:20.249531+05:30,2026-09-21 13:43:20.249531+05:30
3982,9,Development Fee,336.00,0.00,36,9834,2026-09-21 13:43:20.249531+05:30,2026-09-21 13:43:20.249531+05:30
3983,8,Tuition Fee,1216.00,0.00,36,9835,2026-09-21 13:43:20.249531+05:30,2026-09-21 13:43:20.249531+05:30
3983,9,Development Fee,304.00,0.00,36,9836,2026-09-21 13:43:20.249531+05:30,2026-09-21 13:43:20.249531+05:30
3983,10,Transport Fee,1500.00,0.00,36,9837,2026-09-21 13:43:20.249531+05:30,2026-09-21 13:43:20.249531+05:30
3984,8,Tuition Fee,1216.00,0.00,36,9838,2026-09-21 13:43:20.249531+05:30,2026-09-21 13:43:20.249531+05:30
3984,9,Development Fee,304.00,0.00,36,9839,2026-09-21 13:43:20.249531+05:30,2026-09-21 13:43:20.249531+05:30
3985,8,Tuition Fee,1216.00,0.00,36,9840,2026-09-21 13:43:20.249531+05:30,2026-09-21 13:43:20.249531+05:30
3985,9,Development Fee,304.00,0.00,36,9841,2026-09-21 13:43:20.249531+05:30,2026-09-21 13:43:20.249531+05:30
3986,8,Tuition Fee,1216.00,0.00,36,9842,2026-09-21 13:43:20.249531+05:30,2026-09-21 13:43:20.249531+05:30
3986,9,Development Fee,304.00,0.00,36,9843,2026-09-21 13:43:20.249531+05:30,2026-09-21 13:43:20.249531+05:30
3987,8,Tuition Fee,1216.00,0.00,36,9844,2026-09-21 13:43:20.249531+05:30,2026-09-21 13:43:20.249531+05:30
3987,9,Development Fee,304.00,0.00,36,9845,2026-09-21 13:43:20.249531+05:30,2026-09-21 13:43:20.249531+05:30
3987,10,Transport Fee,1100.00,0.00,36,9846,2026-09-21 13:43:20.249531+05:30,2026-09-21 13:43:20.249531+05:30
3988,8,Tuition Fee,1216.00,0.00,36,9847,2026-09-21 13:43:20.249531+05:30,2026-09-21 13:43:20.249531+05:30
3988,9,Development Fee,304.00,0.00,36,9848,2026-09-21 13:43:20.249531+05:30,2026-09-21 13:43:20.249531+05:30
3989,8,Tuition Fee,1216.00,0.00,36,9849,2026-09-21 13:43:20.249531+05:30,2026-09-21 13:43:20.249531+05:30
3989,9,Development Fee,304.00,0.00,36,9850,2026-09-21 13:43:20.249531+05:30,2026-09-21 13:43:20.249531+05:30
3990,8,Tuition Fee,1216.00,0.00,36,9851,2026-09-21 13:43:20.249531+05:30,2026-09-21 13:43:20.249531+05:30
3990,9,Development Fee,304.00,0.00,36,9852,2026-09-21 13:43:20.249531+05:30,2026-09-21 13:43:20.249531+05:30
3991,8,Tuition Fee,1216.00,0.00,36,9853,2026-09-21 13:43:20.249531+05:30,2026-09-21 13:43:20.249531+05:30
3991,9,Development Fee,304.00,0.00,36,9854,2026-09-21 13:43:20.249531+05:30,2026-09-21 13:43:20.249531+05:30
3991,10,Transport Fee,1100.00,0.00,36,9855,2026-09-21 13:43:20.249531+05:30,2026-09-21 13:43:20.249531+05:30
3992,8,Tuition Fee,1216.00,0.00,36,9856,2026-09-21 13:43:20.249531+05:30,2026-09-21 13:43:20.249531+05:30
3992,9,Development Fee,304.00,0.00,36,9857,2026-09-21 13:43:20.249531+05:30,2026-09-21 13:43:20.249531+05:30
3993,8,Tuition Fee,1088.00,0.00,36,9858,2026-09-21 13:43:20.249531+05:30,2026-09-21 13:43:20.249531+05:30
3993,9,Development Fee,272.00,0.00,36,9859,2026-09-21 13:43:20.249531+05:30,2026-09-21 13:43:20.249531+05:30
3993,10,Transport Fee,1500.00,0.00,36,9860,2026-09-21 13:43:20.249531+05:30,2026-09-21 13:43:20.249531+05:30
3994,8,Tuition Fee,1088.00,0.00,36,9861,2026-09-21 13:43:20.249531+05:30,2026-09-21 13:43:20.249531+05:30
3994,9,Development Fee,272.00,0.00,36,9862,2026-09-21 13:43:20.249531+05:30,2026-09-21 13:43:20.249531+05:30
3995,8,Tuition Fee,1088.00,0.00,36,9863,2026-09-21 13:43:20.249531+05:30,2026-09-21 13:43:20.249531+05:30
3995,9,Development Fee,272.00,0.00,36,9864,2026-09-21 13:43:20.249531+05:30,2026-09-21 13:43:20.249531+05:30
3996,8,Tuition Fee,1088.00,0.00,36,9865,2026-09-21 13:43:20.249531+05:30,2026-09-21 13:43:20.249531+05:30
3996,9,Development Fee,272.00,0.00,36,9866,2026-09-21 13:43:20.249531+05:30,2026-09-21 13:43:20.249531+05:30
3997,8,Tuition Fee,1088.00,0.00,36,9867,2026-09-21 13:43:20.249531+05:30,2026-09-21 13:43:20.249531+05:30
3997,9,Development Fee,272.00,0.00,36,9868,2026-09-21 13:43:20.249531+05:30,2026-09-21 13:43:20.249531+05:30
3997,10,Transport Fee,800.00,0.00,36,9869,2026-09-21 13:43:20.249531+05:30,2026-09-21 13:43:20.249531+05:30
3998,8,Tuition Fee,1088.00,0.00,36,9870,2026-09-21 13:43:20.249531+05:30,2026-09-21 13:43:20.249531+05:30
3998,9,Development Fee,272.00,0.00,36,9871,2026-09-21 13:43:20.249531+05:30,2026-09-21 13:43:20.249531+05:30
3999,8,Tuition Fee,1088.00,0.00,36,9872,2026-09-21 13:43:20.249531+05:30,2026-09-21 13:43:20.249531+05:30
3999,9,Development Fee,272.00,0.00,36,9873,2026-09-21 13:43:20.249531+05:30,2026-09-21 13:43:20.249531+05:30
4000,8,Tuition Fee,1088.00,0.00,36,9874,2026-09-21 13:43:20.249531+05:30,2026-09-21 13:43:20.249531+05:30
4000,9,Development Fee,272.00,0.00,36,9875,2026-09-21 13:43:20.249531+05:30,2026-09-21 13:43:20.249531+05:30
4001,8,Tuition Fee,1088.00,0.00,36,9876,2026-09-21 13:43:20.249531+05:30,2026-09-21 13:43:20.249531+05:30
4001,9,Development Fee,272.00,0.00,36,9877,2026-09-21 13:43:20.249531+05:30,2026-09-21 13:43:20.249531+05:30
4001,10,Transport Fee,800.00,0.00,36,9878,2026-09-21 13:43:20.249531+05:30,2026-09-21 13:43:20.249531+05:30
4002,8,Tuition Fee,1088.00,0.00,36,9879,2026-09-21 13:43:20.249531+05:30,2026-09-21 13:43:20.249531+05:30
4002,9,Development Fee,272.00,0.00,36,9880,2026-09-21 13:43:20.249531+05:30,2026-09-21 13:43:20.249531+05:30
4003,8,Tuition Fee,2240.00,0.00,36,9881,2026-09-21 13:43:20.941994+05:30,2026-09-21 13:43:20.941994+05:30
4003,9,Development Fee,560.00,0.00,36,9882,2026-09-21 13:43:20.941994+05:30,2026-09-21 13:43:20.941994+05:30
4003,10,Transport Fee,800.00,0.00,36,9883,2026-09-21 13:43:20.941994+05:30,2026-09-21 13:43:20.941994+05:30
4004,8,Tuition Fee,2240.00,224.00,36,9884,2026-09-21 13:43:20.941994+05:30,2026-09-21 13:43:20.941994+05:30
4004,9,Development Fee,560.00,56.00,36,9885,2026-09-21 13:43:20.941994+05:30,2026-09-21 13:43:20.941994+05:30
4005,8,Tuition Fee,2240.00,0.00,36,9886,2026-09-21 13:43:20.941994+05:30,2026-09-21 13:43:20.941994+05:30
4005,9,Development Fee,560.00,0.00,36,9887,2026-09-21 13:43:20.941994+05:30,2026-09-21 13:43:20.941994+05:30
4006,8,Tuition Fee,2240.00,224.00,36,9888,2026-09-21 13:43:20.941994+05:30,2026-09-21 13:43:20.941994+05:30
4006,9,Development Fee,560.00,56.00,36,9889,2026-09-21 13:43:20.941994+05:30,2026-09-21 13:43:20.941994+05:30
4007,8,Tuition Fee,2240.00,0.00,36,9890,2026-09-21 13:43:20.941994+05:30,2026-09-21 13:43:20.941994+05:30
4007,9,Development Fee,560.00,0.00,36,9891,2026-09-21 13:43:20.941994+05:30,2026-09-21 13:43:20.941994+05:30
4007,10,Transport Fee,800.00,0.00,36,9892,2026-09-21 13:43:20.941994+05:30,2026-09-21 13:43:20.941994+05:30
4008,8,Tuition Fee,2240.00,0.00,36,9893,2026-09-21 13:43:20.941994+05:30,2026-09-21 13:43:20.941994+05:30
4008,9,Development Fee,560.00,0.00,36,9894,2026-09-21 13:43:20.941994+05:30,2026-09-21 13:43:20.941994+05:30
4009,8,Tuition Fee,2240.00,0.00,36,9895,2026-09-21 13:43:20.941994+05:30,2026-09-21 13:43:20.941994+05:30
4009,9,Development Fee,560.00,0.00,36,9896,2026-09-21 13:43:20.941994+05:30,2026-09-21 13:43:20.941994+05:30
4010,8,Tuition Fee,2240.00,0.00,36,9897,2026-09-21 13:43:20.941994+05:30,2026-09-21 13:43:20.941994+05:30
4010,9,Development Fee,560.00,0.00,36,9898,2026-09-21 13:43:20.941994+05:30,2026-09-21 13:43:20.941994+05:30
4011,8,Tuition Fee,2240.00,0.00,36,9899,2026-09-21 13:43:20.941994+05:30,2026-09-21 13:43:20.941994+05:30
4011,9,Development Fee,560.00,0.00,36,9900,2026-09-21 13:43:20.941994+05:30,2026-09-21 13:43:20.941994+05:30
4011,10,Transport Fee,1100.00,0.00,36,9901,2026-09-21 13:43:20.941994+05:30,2026-09-21 13:43:20.941994+05:30
4012,8,Tuition Fee,2240.00,0.00,36,9902,2026-09-21 13:43:20.941994+05:30,2026-09-21 13:43:20.941994+05:30
4012,9,Development Fee,560.00,0.00,36,9903,2026-09-21 13:43:20.941994+05:30,2026-09-21 13:43:20.941994+05:30
4013,8,Tuition Fee,2112.00,0.00,36,9904,2026-09-21 13:43:20.941994+05:30,2026-09-21 13:43:20.941994+05:30
4013,9,Development Fee,528.00,0.00,36,9905,2026-09-21 13:43:20.941994+05:30,2026-09-21 13:43:20.941994+05:30
4013,10,Transport Fee,1500.00,0.00,36,9906,2026-09-21 13:43:20.941994+05:30,2026-09-21 13:43:20.941994+05:30
4014,8,Tuition Fee,2112.00,0.00,36,9907,2026-09-21 13:43:20.941994+05:30,2026-09-21 13:43:20.941994+05:30
4014,9,Development Fee,528.00,0.00,36,9908,2026-09-21 13:43:20.941994+05:30,2026-09-21 13:43:20.941994+05:30
4015,8,Tuition Fee,2112.00,0.00,36,9909,2026-09-21 13:43:20.941994+05:30,2026-09-21 13:43:20.941994+05:30
4015,9,Development Fee,528.00,0.00,36,9910,2026-09-21 13:43:20.941994+05:30,2026-09-21 13:43:20.941994+05:30
4016,8,Tuition Fee,2112.00,0.00,36,9911,2026-09-21 13:43:20.941994+05:30,2026-09-21 13:43:20.941994+05:30
4016,9,Development Fee,528.00,0.00,36,9912,2026-09-21 13:43:20.941994+05:30,2026-09-21 13:43:20.941994+05:30
4017,8,Tuition Fee,2112.00,0.00,36,9913,2026-09-21 13:43:20.941994+05:30,2026-09-21 13:43:20.941994+05:30
4017,9,Development Fee,528.00,0.00,36,9914,2026-09-21 13:43:20.941994+05:30,2026-09-21 13:43:20.941994+05:30
4017,10,Transport Fee,1100.00,0.00,36,9915,2026-09-21 13:43:20.941994+05:30,2026-09-21 13:43:20.941994+05:30
4018,8,Tuition Fee,2112.00,0.00,36,9916,2026-09-21 13:43:20.941994+05:30,2026-09-21 13:43:20.941994+05:30
4018,9,Development Fee,528.00,0.00,36,9917,2026-09-21 13:43:20.941994+05:30,2026-09-21 13:43:20.941994+05:30
4019,8,Tuition Fee,2112.00,0.00,36,9918,2026-09-21 13:43:20.941994+05:30,2026-09-21 13:43:20.941994+05:30
4019,9,Development Fee,528.00,0.00,36,9919,2026-09-21 13:43:20.941994+05:30,2026-09-21 13:43:20.941994+05:30
4020,8,Tuition Fee,2112.00,0.00,36,9920,2026-09-21 13:43:20.941994+05:30,2026-09-21 13:43:20.941994+05:30
4020,9,Development Fee,528.00,0.00,36,9921,2026-09-21 13:43:20.941994+05:30,2026-09-21 13:43:20.941994+05:30
4021,8,Tuition Fee,2112.00,0.00,36,9922,2026-09-21 13:43:20.941994+05:30,2026-09-21 13:43:20.941994+05:30
4021,9,Development Fee,528.00,0.00,36,9923,2026-09-21 13:43:20.941994+05:30,2026-09-21 13:43:20.941994+05:30
4021,10,Transport Fee,1100.00,0.00,36,9924,2026-09-21 13:43:20.941994+05:30,2026-09-21 13:43:20.941994+05:30
4022,8,Tuition Fee,2112.00,0.00,36,9925,2026-09-21 13:43:20.941994+05:30,2026-09-21 13:43:20.941994+05:30
4022,9,Development Fee,528.00,0.00,36,9926,2026-09-21 13:43:20.941994+05:30,2026-09-21 13:43:20.941994+05:30
4023,8,Tuition Fee,1984.00,0.00,36,9927,2026-09-21 13:43:20.941994+05:30,2026-09-21 13:43:20.941994+05:30
4023,9,Development Fee,496.00,0.00,36,9928,2026-09-21 13:43:20.941994+05:30,2026-09-21 13:43:20.941994+05:30
4023,10,Transport Fee,1500.00,0.00,36,9929,2026-09-21 13:43:20.941994+05:30,2026-09-21 13:43:20.941994+05:30
4024,8,Tuition Fee,1984.00,0.00,36,9930,2026-09-21 13:43:20.941994+05:30,2026-09-21 13:43:20.941994+05:30
4024,9,Development Fee,496.00,0.00,36,9931,2026-09-21 13:43:20.941994+05:30,2026-09-21 13:43:20.941994+05:30
4025,8,Tuition Fee,1984.00,0.00,36,9932,2026-09-21 13:43:20.941994+05:30,2026-09-21 13:43:20.941994+05:30
4025,9,Development Fee,496.00,0.00,36,9933,2026-09-21 13:43:20.941994+05:30,2026-09-21 13:43:20.941994+05:30
4026,8,Tuition Fee,1984.00,0.00,36,9934,2026-09-21 13:43:20.941994+05:30,2026-09-21 13:43:20.941994+05:30
4026,9,Development Fee,496.00,0.00,36,9935,2026-09-21 13:43:20.941994+05:30,2026-09-21 13:43:20.941994+05:30
4027,8,Tuition Fee,1984.00,0.00,36,9936,2026-09-21 13:43:20.941994+05:30,2026-09-21 13:43:20.941994+05:30
4027,9,Development Fee,496.00,0.00,36,9937,2026-09-21 13:43:20.941994+05:30,2026-09-21 13:43:20.941994+05:30
4027,10,Transport Fee,800.00,0.00,36,9938,2026-09-21 13:43:20.941994+05:30,2026-09-21 13:43:20.941994+05:30
4028,8,Tuition Fee,1984.00,0.00,36,9939,2026-09-21 13:43:20.941994+05:30,2026-09-21 13:43:20.941994+05:30
4028,9,Development Fee,496.00,0.00,36,9940,2026-09-21 13:43:20.941994+05:30,2026-09-21 13:43:20.941994+05:30
4029,8,Tuition Fee,1984.00,0.00,36,9941,2026-09-21 13:43:20.941994+05:30,2026-09-21 13:43:20.941994+05:30
4029,9,Development Fee,496.00,0.00,36,9942,2026-09-21 13:43:20.941994+05:30,2026-09-21 13:43:20.941994+05:30
4030,8,Tuition Fee,1984.00,0.00,36,9943,2026-09-21 13:43:20.941994+05:30,2026-09-21 13:43:20.941994+05:30
4030,9,Development Fee,496.00,0.00,36,9944,2026-09-21 13:43:20.941994+05:30,2026-09-21 13:43:20.941994+05:30
4031,8,Tuition Fee,1984.00,0.00,36,9945,2026-09-21 13:43:20.941994+05:30,2026-09-21 13:43:20.941994+05:30
4031,9,Development Fee,496.00,0.00,36,9946,2026-09-21 13:43:20.941994+05:30,2026-09-21 13:43:20.941994+05:30
4031,10,Transport Fee,800.00,0.00,36,9947,2026-09-21 13:43:20.941994+05:30,2026-09-21 13:43:20.941994+05:30
4032,8,Tuition Fee,1984.00,0.00,36,9948,2026-09-21 13:43:20.941994+05:30,2026-09-21 13:43:20.941994+05:30
4032,9,Development Fee,496.00,0.00,36,9949,2026-09-21 13:43:20.941994+05:30,2026-09-21 13:43:20.941994+05:30
4033,8,Tuition Fee,1856.00,0.00,36,9950,2026-09-21 13:43:20.941994+05:30,2026-09-21 13:43:20.941994+05:30
4033,9,Development Fee,464.00,0.00,36,9951,2026-09-21 13:43:20.941994+05:30,2026-09-21 13:43:20.941994+05:30
4033,10,Transport Fee,1100.00,0.00,36,9952,2026-09-21 13:43:20.941994+05:30,2026-09-21 13:43:20.941994+05:30
4034,8,Tuition Fee,1856.00,0.00,36,9953,2026-09-21 13:43:20.941994+05:30,2026-09-21 13:43:20.941994+05:30
4034,9,Development Fee,464.00,0.00,36,9954,2026-09-21 13:43:20.941994+05:30,2026-09-21 13:43:20.941994+05:30
4035,8,Tuition Fee,1856.00,0.00,36,9955,2026-09-21 13:43:20.941994+05:30,2026-09-21 13:43:20.941994+05:30
4035,9,Development Fee,464.00,0.00,36,9956,2026-09-21 13:43:20.941994+05:30,2026-09-21 13:43:20.941994+05:30
4036,8,Tuition Fee,1856.00,0.00,36,9957,2026-09-21 13:43:20.941994+05:30,2026-09-21 13:43:20.941994+05:30
4036,9,Development Fee,464.00,0.00,36,9958,2026-09-21 13:43:20.941994+05:30,2026-09-21 13:43:20.941994+05:30
4037,8,Tuition Fee,1856.00,0.00,36,9959,2026-09-21 13:43:20.941994+05:30,2026-09-21 13:43:20.941994+05:30
4037,9,Development Fee,464.00,0.00,36,9960,2026-09-21 13:43:20.941994+05:30,2026-09-21 13:43:20.941994+05:30
4037,10,Transport Fee,1500.00,0.00,36,9961,2026-09-21 13:43:20.941994+05:30,2026-09-21 13:43:20.941994+05:30
4038,8,Tuition Fee,1856.00,0.00,36,9962,2026-09-21 13:43:20.941994+05:30,2026-09-21 13:43:20.941994+05:30
4038,9,Development Fee,464.00,0.00,36,9963,2026-09-21 13:43:20.941994+05:30,2026-09-21 13:43:20.941994+05:30
4039,8,Tuition Fee,1856.00,0.00,36,9964,2026-09-21 13:43:20.941994+05:30,2026-09-21 13:43:20.941994+05:30
4039,9,Development Fee,464.00,0.00,36,9965,2026-09-21 13:43:20.941994+05:30,2026-09-21 13:43:20.941994+05:30
4040,8,Tuition Fee,1856.00,0.00,36,9966,2026-09-21 13:43:20.941994+05:30,2026-09-21 13:43:20.941994+05:30
4040,9,Development Fee,464.00,0.00,36,9967,2026-09-21 13:43:20.941994+05:30,2026-09-21 13:43:20.941994+05:30
4041,8,Tuition Fee,1856.00,0.00,36,9968,2026-09-21 13:43:20.941994+05:30,2026-09-21 13:43:20.941994+05:30
4041,9,Development Fee,464.00,0.00,36,9969,2026-09-21 13:43:20.941994+05:30,2026-09-21 13:43:20.941994+05:30
4041,10,Transport Fee,1100.00,0.00,36,9970,2026-09-21 13:43:20.941994+05:30,2026-09-21 13:43:20.941994+05:30
4042,8,Tuition Fee,1856.00,0.00,36,9971,2026-09-21 13:43:20.941994+05:30,2026-09-21 13:43:20.941994+05:30
4042,9,Development Fee,464.00,0.00,36,9972,2026-09-21 13:43:20.941994+05:30,2026-09-21 13:43:20.941994+05:30
4043,8,Tuition Fee,1728.00,0.00,36,9973,2026-09-21 13:43:20.941994+05:30,2026-09-21 13:43:20.941994+05:30
4043,9,Development Fee,432.00,0.00,36,9974,2026-09-21 13:43:20.941994+05:30,2026-09-21 13:43:20.941994+05:30
4043,10,Transport Fee,1100.00,0.00,36,9975,2026-09-21 13:43:20.941994+05:30,2026-09-21 13:43:20.941994+05:30
4044,8,Tuition Fee,1728.00,0.00,36,9976,2026-09-21 13:43:20.941994+05:30,2026-09-21 13:43:20.941994+05:30
4044,9,Development Fee,432.00,0.00,36,9977,2026-09-21 13:43:20.941994+05:30,2026-09-21 13:43:20.941994+05:30
4045,8,Tuition Fee,1728.00,0.00,36,9978,2026-09-21 13:43:20.941994+05:30,2026-09-21 13:43:20.941994+05:30
4045,9,Development Fee,432.00,0.00,36,9979,2026-09-21 13:43:20.941994+05:30,2026-09-21 13:43:20.941994+05:30
4046,8,Tuition Fee,1728.00,0.00,36,9980,2026-09-21 13:43:20.941994+05:30,2026-09-21 13:43:20.941994+05:30
4046,9,Development Fee,432.00,0.00,36,9981,2026-09-21 13:43:20.941994+05:30,2026-09-21 13:43:20.941994+05:30
4047,8,Tuition Fee,1728.00,0.00,36,9982,2026-09-21 13:43:20.941994+05:30,2026-09-21 13:43:20.941994+05:30
4047,9,Development Fee,432.00,0.00,36,9983,2026-09-21 13:43:20.941994+05:30,2026-09-21 13:43:20.941994+05:30
4047,10,Transport Fee,1500.00,0.00,36,9984,2026-09-21 13:43:20.941994+05:30,2026-09-21 13:43:20.941994+05:30
4048,8,Tuition Fee,1728.00,0.00,36,9985,2026-09-21 13:43:20.941994+05:30,2026-09-21 13:43:20.941994+05:30
4048,9,Development Fee,432.00,0.00,36,9986,2026-09-21 13:43:20.941994+05:30,2026-09-21 13:43:20.941994+05:30
4049,8,Tuition Fee,1728.00,0.00,36,9987,2026-09-21 13:43:20.941994+05:30,2026-09-21 13:43:20.941994+05:30
4049,9,Development Fee,432.00,0.00,36,9988,2026-09-21 13:43:20.941994+05:30,2026-09-21 13:43:20.941994+05:30
4050,8,Tuition Fee,1728.00,0.00,36,9989,2026-09-21 13:43:20.941994+05:30,2026-09-21 13:43:20.941994+05:30
4050,9,Development Fee,432.00,0.00,36,9990,2026-09-21 13:43:20.941994+05:30,2026-09-21 13:43:20.941994+05:30
4051,8,Tuition Fee,1728.00,0.00,36,9991,2026-09-21 13:43:20.941994+05:30,2026-09-21 13:43:20.941994+05:30
4051,9,Development Fee,432.00,0.00,36,9992,2026-09-21 13:43:20.941994+05:30,2026-09-21 13:43:20.941994+05:30
4051,10,Transport Fee,800.00,0.00,36,9993,2026-09-21 13:43:20.941994+05:30,2026-09-21 13:43:20.941994+05:30
4052,8,Tuition Fee,1728.00,0.00,36,9994,2026-09-21 13:43:20.941994+05:30,2026-09-21 13:43:20.941994+05:30
4052,9,Development Fee,432.00,0.00,36,9995,2026-09-21 13:43:20.941994+05:30,2026-09-21 13:43:20.941994+05:30
4053,8,Tuition Fee,1600.00,0.00,36,9996,2026-09-21 13:43:20.941994+05:30,2026-09-21 13:43:20.941994+05:30
4053,9,Development Fee,400.00,0.00,36,9997,2026-09-21 13:43:20.941994+05:30,2026-09-21 13:43:20.941994+05:30
4053,10,Transport Fee,800.00,0.00,36,9998,2026-09-21 13:43:20.941994+05:30,2026-09-21 13:43:20.941994+05:30
4054,8,Tuition Fee,1600.00,0.00,36,9999,2026-09-21 13:43:20.941994+05:30,2026-09-21 13:43:20.941994+05:30
4054,9,Development Fee,400.00,0.00,36,10000,2026-09-21 13:43:20.941994+05:30,2026-09-21 13:43:20.941994+05:30
4055,8,Tuition Fee,1600.00,0.00,36,10001,2026-09-21 13:43:20.941994+05:30,2026-09-21 13:43:20.941994+05:30
4055,9,Development Fee,400.00,0.00,36,10002,2026-09-21 13:43:20.941994+05:30,2026-09-21 13:43:20.941994+05:30
4056,8,Tuition Fee,1600.00,0.00,36,10003,2026-09-21 13:43:20.941994+05:30,2026-09-21 13:43:20.941994+05:30
4056,9,Development Fee,400.00,0.00,36,10004,2026-09-21 13:43:20.941994+05:30,2026-09-21 13:43:20.941994+05:30
4057,8,Tuition Fee,1600.00,0.00,36,10005,2026-09-21 13:43:20.941994+05:30,2026-09-21 13:43:20.941994+05:30
4057,9,Development Fee,400.00,0.00,36,10006,2026-09-21 13:43:20.941994+05:30,2026-09-21 13:43:20.941994+05:30
4057,10,Transport Fee,1100.00,0.00,36,10007,2026-09-21 13:43:20.941994+05:30,2026-09-21 13:43:20.941994+05:30
4058,8,Tuition Fee,1600.00,0.00,36,10008,2026-09-21 13:43:20.941994+05:30,2026-09-21 13:43:20.941994+05:30
4058,9,Development Fee,400.00,0.00,36,10009,2026-09-21 13:43:20.941994+05:30,2026-09-21 13:43:20.941994+05:30
4059,8,Tuition Fee,1600.00,0.00,36,10010,2026-09-21 13:43:20.941994+05:30,2026-09-21 13:43:20.941994+05:30
4059,9,Development Fee,400.00,0.00,36,10011,2026-09-21 13:43:20.941994+05:30,2026-09-21 13:43:20.941994+05:30
4060,8,Tuition Fee,1600.00,0.00,36,10012,2026-09-21 13:43:20.941994+05:30,2026-09-21 13:43:20.941994+05:30
4060,9,Development Fee,400.00,0.00,36,10013,2026-09-21 13:43:20.941994+05:30,2026-09-21 13:43:20.941994+05:30
4061,8,Tuition Fee,1600.00,0.00,36,10014,2026-09-21 13:43:20.941994+05:30,2026-09-21 13:43:20.941994+05:30
4061,9,Development Fee,400.00,0.00,36,10015,2026-09-21 13:43:20.941994+05:30,2026-09-21 13:43:20.941994+05:30
4061,10,Transport Fee,1500.00,0.00,36,10016,2026-09-21 13:43:20.941994+05:30,2026-09-21 13:43:20.941994+05:30
4062,8,Tuition Fee,1600.00,0.00,36,10017,2026-09-21 13:43:20.941994+05:30,2026-09-21 13:43:20.941994+05:30
4062,9,Development Fee,400.00,0.00,36,10018,2026-09-21 13:43:20.941994+05:30,2026-09-21 13:43:20.941994+05:30
4063,8,Tuition Fee,1472.00,0.00,36,10019,2026-09-21 13:43:20.941994+05:30,2026-09-21 13:43:20.941994+05:30
4063,9,Development Fee,368.00,0.00,36,10020,2026-09-21 13:43:20.941994+05:30,2026-09-21 13:43:20.941994+05:30
4063,10,Transport Fee,1100.00,0.00,36,10021,2026-09-21 13:43:20.941994+05:30,2026-09-21 13:43:20.941994+05:30
4064,8,Tuition Fee,1472.00,0.00,36,10022,2026-09-21 13:43:20.941994+05:30,2026-09-21 13:43:20.941994+05:30
4064,9,Development Fee,368.00,0.00,36,10023,2026-09-21 13:43:20.941994+05:30,2026-09-21 13:43:20.941994+05:30
4065,8,Tuition Fee,1472.00,0.00,36,10024,2026-09-21 13:43:20.941994+05:30,2026-09-21 13:43:20.941994+05:30
4065,9,Development Fee,368.00,0.00,36,10025,2026-09-21 13:43:20.941994+05:30,2026-09-21 13:43:20.941994+05:30
4066,8,Tuition Fee,1472.00,0.00,36,10026,2026-09-21 13:43:20.941994+05:30,2026-09-21 13:43:20.941994+05:30
4066,9,Development Fee,368.00,0.00,36,10027,2026-09-21 13:43:20.941994+05:30,2026-09-21 13:43:20.941994+05:30
4067,8,Tuition Fee,1472.00,0.00,36,10028,2026-09-21 13:43:20.941994+05:30,2026-09-21 13:43:20.941994+05:30
4067,9,Development Fee,368.00,0.00,36,10029,2026-09-21 13:43:20.941994+05:30,2026-09-21 13:43:20.941994+05:30
4067,10,Transport Fee,1100.00,0.00,36,10030,2026-09-21 13:43:20.941994+05:30,2026-09-21 13:43:20.941994+05:30
4068,8,Tuition Fee,1472.00,0.00,36,10031,2026-09-21 13:43:20.941994+05:30,2026-09-21 13:43:20.941994+05:30
4068,9,Development Fee,368.00,0.00,36,10032,2026-09-21 13:43:20.941994+05:30,2026-09-21 13:43:20.941994+05:30
4069,8,Tuition Fee,1472.00,0.00,36,10033,2026-09-21 13:43:20.941994+05:30,2026-09-21 13:43:20.941994+05:30
4069,9,Development Fee,368.00,0.00,36,10034,2026-09-21 13:43:20.941994+05:30,2026-09-21 13:43:20.941994+05:30
4070,8,Tuition Fee,1472.00,0.00,36,10035,2026-09-21 13:43:20.941994+05:30,2026-09-21 13:43:20.941994+05:30
4070,9,Development Fee,368.00,0.00,36,10036,2026-09-21 13:43:20.941994+05:30,2026-09-21 13:43:20.941994+05:30
4071,8,Tuition Fee,1472.00,0.00,36,10037,2026-09-21 13:43:20.941994+05:30,2026-09-21 13:43:20.941994+05:30
4071,9,Development Fee,368.00,0.00,36,10038,2026-09-21 13:43:20.941994+05:30,2026-09-21 13:43:20.941994+05:30
4071,10,Transport Fee,1500.00,0.00,36,10039,2026-09-21 13:43:20.941994+05:30,2026-09-21 13:43:20.941994+05:30
4072,8,Tuition Fee,1472.00,0.00,36,10040,2026-09-21 13:43:20.941994+05:30,2026-09-21 13:43:20.941994+05:30
4072,9,Development Fee,368.00,0.00,36,10041,2026-09-21 13:43:20.941994+05:30,2026-09-21 13:43:20.941994+05:30
4073,8,Tuition Fee,1344.00,0.00,36,10042,2026-09-21 13:43:20.941994+05:30,2026-09-21 13:43:20.941994+05:30
4073,9,Development Fee,336.00,0.00,36,10043,2026-09-21 13:43:20.941994+05:30,2026-09-21 13:43:20.941994+05:30
4073,10,Transport Fee,800.00,0.00,36,10044,2026-09-21 13:43:20.941994+05:30,2026-09-21 13:43:20.941994+05:30
4074,8,Tuition Fee,1344.00,0.00,36,10045,2026-09-21 13:43:20.941994+05:30,2026-09-21 13:43:20.941994+05:30
4074,9,Development Fee,336.00,0.00,36,10046,2026-09-21 13:43:20.941994+05:30,2026-09-21 13:43:20.941994+05:30
4075,8,Tuition Fee,1344.00,0.00,36,10047,2026-09-21 13:43:20.941994+05:30,2026-09-21 13:43:20.941994+05:30
4075,9,Development Fee,336.00,0.00,36,10048,2026-09-21 13:43:20.941994+05:30,2026-09-21 13:43:20.941994+05:30
4076,8,Tuition Fee,1344.00,0.00,36,10049,2026-09-21 13:43:20.941994+05:30,2026-09-21 13:43:20.941994+05:30
4076,9,Development Fee,336.00,0.00,36,10050,2026-09-21 13:43:20.941994+05:30,2026-09-21 13:43:20.941994+05:30
4077,8,Tuition Fee,1344.00,0.00,36,10051,2026-09-21 13:43:20.941994+05:30,2026-09-21 13:43:20.941994+05:30
4077,9,Development Fee,336.00,0.00,36,10052,2026-09-21 13:43:20.941994+05:30,2026-09-21 13:43:20.941994+05:30
4077,10,Transport Fee,800.00,0.00,36,10053,2026-09-21 13:43:20.941994+05:30,2026-09-21 13:43:20.941994+05:30
4078,8,Tuition Fee,1344.00,0.00,36,10054,2026-09-21 13:43:20.941994+05:30,2026-09-21 13:43:20.941994+05:30
4078,9,Development Fee,336.00,0.00,36,10055,2026-09-21 13:43:20.941994+05:30,2026-09-21 13:43:20.941994+05:30
4079,8,Tuition Fee,1344.00,0.00,36,10056,2026-09-21 13:43:20.941994+05:30,2026-09-21 13:43:20.941994+05:30
4079,9,Development Fee,336.00,0.00,36,10057,2026-09-21 13:43:20.941994+05:30,2026-09-21 13:43:20.941994+05:30
4080,8,Tuition Fee,1344.00,0.00,36,10058,2026-09-21 13:43:20.941994+05:30,2026-09-21 13:43:20.941994+05:30
4080,9,Development Fee,336.00,0.00,36,10059,2026-09-21 13:43:20.941994+05:30,2026-09-21 13:43:20.941994+05:30
4081,8,Tuition Fee,1344.00,0.00,36,10060,2026-09-21 13:43:20.941994+05:30,2026-09-21 13:43:20.941994+05:30
4081,9,Development Fee,336.00,0.00,36,10061,2026-09-21 13:43:20.941994+05:30,2026-09-21 13:43:20.941994+05:30
4081,10,Transport Fee,1100.00,0.00,36,10062,2026-09-21 13:43:20.941994+05:30,2026-09-21 13:43:20.941994+05:30
4082,8,Tuition Fee,1344.00,0.00,36,10063,2026-09-21 13:43:20.941994+05:30,2026-09-21 13:43:20.941994+05:30
4082,9,Development Fee,336.00,0.00,36,10064,2026-09-21 13:43:20.941994+05:30,2026-09-21 13:43:20.941994+05:30
4083,8,Tuition Fee,1216.00,0.00,36,10065,2026-09-21 13:43:20.941994+05:30,2026-09-21 13:43:20.941994+05:30
4083,9,Development Fee,304.00,0.00,36,10066,2026-09-21 13:43:20.941994+05:30,2026-09-21 13:43:20.941994+05:30
4083,10,Transport Fee,1500.00,0.00,36,10067,2026-09-21 13:43:20.941994+05:30,2026-09-21 13:43:20.941994+05:30
4084,8,Tuition Fee,1216.00,0.00,36,10068,2026-09-21 13:43:20.941994+05:30,2026-09-21 13:43:20.941994+05:30
4084,9,Development Fee,304.00,0.00,36,10069,2026-09-21 13:43:20.941994+05:30,2026-09-21 13:43:20.941994+05:30
4085,8,Tuition Fee,1216.00,0.00,36,10070,2026-09-21 13:43:20.941994+05:30,2026-09-21 13:43:20.941994+05:30
4085,9,Development Fee,304.00,0.00,36,10071,2026-09-21 13:43:20.941994+05:30,2026-09-21 13:43:20.941994+05:30
4086,8,Tuition Fee,1216.00,0.00,36,10072,2026-09-21 13:43:20.941994+05:30,2026-09-21 13:43:20.941994+05:30
4086,9,Development Fee,304.00,0.00,36,10073,2026-09-21 13:43:20.941994+05:30,2026-09-21 13:43:20.941994+05:30
4087,8,Tuition Fee,1216.00,0.00,36,10074,2026-09-21 13:43:20.941994+05:30,2026-09-21 13:43:20.941994+05:30
4087,9,Development Fee,304.00,0.00,36,10075,2026-09-21 13:43:20.941994+05:30,2026-09-21 13:43:20.941994+05:30
4087,10,Transport Fee,1100.00,0.00,36,10076,2026-09-21 13:43:20.941994+05:30,2026-09-21 13:43:20.941994+05:30
4088,8,Tuition Fee,1216.00,0.00,36,10077,2026-09-21 13:43:20.941994+05:30,2026-09-21 13:43:20.941994+05:30
4088,9,Development Fee,304.00,0.00,36,10078,2026-09-21 13:43:20.941994+05:30,2026-09-21 13:43:20.941994+05:30
4089,8,Tuition Fee,1216.00,0.00,36,10079,2026-09-21 13:43:20.941994+05:30,2026-09-21 13:43:20.941994+05:30
4089,9,Development Fee,304.00,0.00,36,10080,2026-09-21 13:43:20.941994+05:30,2026-09-21 13:43:20.941994+05:30
4090,8,Tuition Fee,1216.00,0.00,36,10081,2026-09-21 13:43:20.941994+05:30,2026-09-21 13:43:20.941994+05:30
4090,9,Development Fee,304.00,0.00,36,10082,2026-09-21 13:43:20.941994+05:30,2026-09-21 13:43:20.941994+05:30
4091,8,Tuition Fee,1216.00,0.00,36,10083,2026-09-21 13:43:20.941994+05:30,2026-09-21 13:43:20.941994+05:30
4091,9,Development Fee,304.00,0.00,36,10084,2026-09-21 13:43:20.941994+05:30,2026-09-21 13:43:20.941994+05:30
4091,10,Transport Fee,1100.00,0.00,36,10085,2026-09-21 13:43:20.941994+05:30,2026-09-21 13:43:20.941994+05:30
4092,8,Tuition Fee,1216.00,0.00,36,10086,2026-09-21 13:43:20.941994+05:30,2026-09-21 13:43:20.941994+05:30
4092,9,Development Fee,304.00,0.00,36,10087,2026-09-21 13:43:20.941994+05:30,2026-09-21 13:43:20.941994+05:30
4093,8,Tuition Fee,1088.00,0.00,36,10088,2026-09-21 13:43:20.941994+05:30,2026-09-21 13:43:20.941994+05:30
4093,9,Development Fee,272.00,0.00,36,10089,2026-09-21 13:43:20.941994+05:30,2026-09-21 13:43:20.941994+05:30
4093,10,Transport Fee,1500.00,0.00,36,10090,2026-09-21 13:43:20.941994+05:30,2026-09-21 13:43:20.941994+05:30
4094,8,Tuition Fee,1088.00,0.00,36,10091,2026-09-21 13:43:20.941994+05:30,2026-09-21 13:43:20.941994+05:30
4094,9,Development Fee,272.00,0.00,36,10092,2026-09-21 13:43:20.941994+05:30,2026-09-21 13:43:20.941994+05:30
4095,8,Tuition Fee,1088.00,0.00,36,10093,2026-09-21 13:43:20.941994+05:30,2026-09-21 13:43:20.941994+05:30
4095,9,Development Fee,272.00,0.00,36,10094,2026-09-21 13:43:20.941994+05:30,2026-09-21 13:43:20.941994+05:30
4096,8,Tuition Fee,1088.00,0.00,36,10095,2026-09-21 13:43:20.941994+05:30,2026-09-21 13:43:20.941994+05:30
4096,9,Development Fee,272.00,0.00,36,10096,2026-09-21 13:43:20.941994+05:30,2026-09-21 13:43:20.941994+05:30
4097,8,Tuition Fee,1088.00,0.00,36,10097,2026-09-21 13:43:20.941994+05:30,2026-09-21 13:43:20.941994+05:30
4097,9,Development Fee,272.00,0.00,36,10098,2026-09-21 13:43:20.941994+05:30,2026-09-21 13:43:20.941994+05:30
4097,10,Transport Fee,800.00,0.00,36,10099,2026-09-21 13:43:20.941994+05:30,2026-09-21 13:43:20.941994+05:30
4098,8,Tuition Fee,1088.00,0.00,36,10100,2026-09-21 13:43:20.941994+05:30,2026-09-21 13:43:20.941994+05:30
4098,9,Development Fee,272.00,0.00,36,10101,2026-09-21 13:43:20.941994+05:30,2026-09-21 13:43:20.941994+05:30
4099,8,Tuition Fee,1088.00,0.00,36,10102,2026-09-21 13:43:20.941994+05:30,2026-09-21 13:43:20.941994+05:30
4099,9,Development Fee,272.00,0.00,36,10103,2026-09-21 13:43:20.941994+05:30,2026-09-21 13:43:20.941994+05:30
4100,8,Tuition Fee,1088.00,0.00,36,10104,2026-09-21 13:43:20.941994+05:30,2026-09-21 13:43:20.941994+05:30
4100,9,Development Fee,272.00,0.00,36,10105,2026-09-21 13:43:20.941994+05:30,2026-09-21 13:43:20.941994+05:30
4101,8,Tuition Fee,1088.00,0.00,36,10106,2026-09-21 13:43:20.941994+05:30,2026-09-21 13:43:20.941994+05:30
4101,9,Development Fee,272.00,0.00,36,10107,2026-09-21 13:43:20.941994+05:30,2026-09-21 13:43:20.941994+05:30
4101,10,Transport Fee,800.00,0.00,36,10108,2026-09-21 13:43:20.941994+05:30,2026-09-21 13:43:20.941994+05:30
4102,8,Tuition Fee,1088.00,0.00,36,10109,2026-09-21 13:43:20.941994+05:30,2026-09-21 13:43:20.941994+05:30
4102,9,Development Fee,272.00,0.00,36,10110,2026-09-21 13:43:20.941994+05:30,2026-09-21 13:43:20.941994+05:30
4103,8,Tuition Fee,2240.00,0.00,36,10111,2026-09-21 13:43:21.564512+05:30,2026-09-21 13:43:21.564512+05:30
4103,9,Development Fee,560.00,0.00,36,10112,2026-09-21 13:43:21.564512+05:30,2026-09-21 13:43:21.564512+05:30
4103,10,Transport Fee,800.00,0.00,36,10113,2026-09-21 13:43:21.564512+05:30,2026-09-21 13:43:21.564512+05:30
4104,8,Tuition Fee,2240.00,224.00,36,10114,2026-09-21 13:43:21.564512+05:30,2026-09-21 13:43:21.564512+05:30
4104,9,Development Fee,560.00,56.00,36,10115,2026-09-21 13:43:21.564512+05:30,2026-09-21 13:43:21.564512+05:30
4105,8,Tuition Fee,2240.00,0.00,36,10116,2026-09-21 13:43:21.564512+05:30,2026-09-21 13:43:21.564512+05:30
4105,9,Development Fee,560.00,0.00,36,10117,2026-09-21 13:43:21.564512+05:30,2026-09-21 13:43:21.564512+05:30
4106,8,Tuition Fee,2240.00,224.00,36,10118,2026-09-21 13:43:21.564512+05:30,2026-09-21 13:43:21.564512+05:30
4106,9,Development Fee,560.00,56.00,36,10119,2026-09-21 13:43:21.564512+05:30,2026-09-21 13:43:21.564512+05:30
4107,8,Tuition Fee,2240.00,0.00,36,10120,2026-09-21 13:43:21.564512+05:30,2026-09-21 13:43:21.564512+05:30
4107,9,Development Fee,560.00,0.00,36,10121,2026-09-21 13:43:21.564512+05:30,2026-09-21 13:43:21.564512+05:30
4107,10,Transport Fee,800.00,0.00,36,10122,2026-09-21 13:43:21.564512+05:30,2026-09-21 13:43:21.564512+05:30
4108,8,Tuition Fee,2240.00,0.00,36,10123,2026-09-21 13:43:21.564512+05:30,2026-09-21 13:43:21.564512+05:30
4108,9,Development Fee,560.00,0.00,36,10124,2026-09-21 13:43:21.564512+05:30,2026-09-21 13:43:21.564512+05:30
4109,8,Tuition Fee,2240.00,0.00,36,10125,2026-09-21 13:43:21.564512+05:30,2026-09-21 13:43:21.564512+05:30
4109,9,Development Fee,560.00,0.00,36,10126,2026-09-21 13:43:21.564512+05:30,2026-09-21 13:43:21.564512+05:30
4110,8,Tuition Fee,2240.00,0.00,36,10127,2026-09-21 13:43:21.564512+05:30,2026-09-21 13:43:21.564512+05:30
4110,9,Development Fee,560.00,0.00,36,10128,2026-09-21 13:43:21.564512+05:30,2026-09-21 13:43:21.564512+05:30
4111,8,Tuition Fee,2240.00,0.00,36,10129,2026-09-21 13:43:21.564512+05:30,2026-09-21 13:43:21.564512+05:30
4111,9,Development Fee,560.00,0.00,36,10130,2026-09-21 13:43:21.564512+05:30,2026-09-21 13:43:21.564512+05:30
4111,10,Transport Fee,1100.00,0.00,36,10131,2026-09-21 13:43:21.564512+05:30,2026-09-21 13:43:21.564512+05:30
4112,8,Tuition Fee,2240.00,0.00,36,10132,2026-09-21 13:43:21.564512+05:30,2026-09-21 13:43:21.564512+05:30
4112,9,Development Fee,560.00,0.00,36,10133,2026-09-21 13:43:21.564512+05:30,2026-09-21 13:43:21.564512+05:30
4113,8,Tuition Fee,2112.00,0.00,36,10134,2026-09-21 13:43:21.564512+05:30,2026-09-21 13:43:21.564512+05:30
4113,9,Development Fee,528.00,0.00,36,10135,2026-09-21 13:43:21.564512+05:30,2026-09-21 13:43:21.564512+05:30
4113,10,Transport Fee,1500.00,0.00,36,10136,2026-09-21 13:43:21.564512+05:30,2026-09-21 13:43:21.564512+05:30
4114,8,Tuition Fee,2112.00,0.00,36,10137,2026-09-21 13:43:21.564512+05:30,2026-09-21 13:43:21.564512+05:30
4114,9,Development Fee,528.00,0.00,36,10138,2026-09-21 13:43:21.564512+05:30,2026-09-21 13:43:21.564512+05:30
4115,8,Tuition Fee,2112.00,0.00,36,10139,2026-09-21 13:43:21.564512+05:30,2026-09-21 13:43:21.564512+05:30
4115,9,Development Fee,528.00,0.00,36,10140,2026-09-21 13:43:21.564512+05:30,2026-09-21 13:43:21.564512+05:30
4116,8,Tuition Fee,2112.00,0.00,36,10141,2026-09-21 13:43:21.564512+05:30,2026-09-21 13:43:21.564512+05:30
4116,9,Development Fee,528.00,0.00,36,10142,2026-09-21 13:43:21.564512+05:30,2026-09-21 13:43:21.564512+05:30
4117,8,Tuition Fee,2112.00,0.00,36,10143,2026-09-21 13:43:21.564512+05:30,2026-09-21 13:43:21.564512+05:30
4117,9,Development Fee,528.00,0.00,36,10144,2026-09-21 13:43:21.564512+05:30,2026-09-21 13:43:21.564512+05:30
4117,10,Transport Fee,1100.00,0.00,36,10145,2026-09-21 13:43:21.564512+05:30,2026-09-21 13:43:21.564512+05:30
4118,8,Tuition Fee,2112.00,0.00,36,10146,2026-09-21 13:43:21.564512+05:30,2026-09-21 13:43:21.564512+05:30
4118,9,Development Fee,528.00,0.00,36,10147,2026-09-21 13:43:21.564512+05:30,2026-09-21 13:43:21.564512+05:30
4119,8,Tuition Fee,2112.00,0.00,36,10148,2026-09-21 13:43:21.564512+05:30,2026-09-21 13:43:21.564512+05:30
4119,9,Development Fee,528.00,0.00,36,10149,2026-09-21 13:43:21.564512+05:30,2026-09-21 13:43:21.564512+05:30
4120,8,Tuition Fee,2112.00,0.00,36,10150,2026-09-21 13:43:21.564512+05:30,2026-09-21 13:43:21.564512+05:30
4120,9,Development Fee,528.00,0.00,36,10151,2026-09-21 13:43:21.564512+05:30,2026-09-21 13:43:21.564512+05:30
4121,8,Tuition Fee,2112.00,0.00,36,10152,2026-09-21 13:43:21.564512+05:30,2026-09-21 13:43:21.564512+05:30
4121,9,Development Fee,528.00,0.00,36,10153,2026-09-21 13:43:21.564512+05:30,2026-09-21 13:43:21.564512+05:30
4121,10,Transport Fee,1100.00,0.00,36,10154,2026-09-21 13:43:21.564512+05:30,2026-09-21 13:43:21.564512+05:30
4122,8,Tuition Fee,2112.00,0.00,36,10155,2026-09-21 13:43:21.564512+05:30,2026-09-21 13:43:21.564512+05:30
4122,9,Development Fee,528.00,0.00,36,10156,2026-09-21 13:43:21.564512+05:30,2026-09-21 13:43:21.564512+05:30
4123,8,Tuition Fee,1984.00,0.00,36,10157,2026-09-21 13:43:21.564512+05:30,2026-09-21 13:43:21.564512+05:30
4123,9,Development Fee,496.00,0.00,36,10158,2026-09-21 13:43:21.564512+05:30,2026-09-21 13:43:21.564512+05:30
4123,10,Transport Fee,1500.00,0.00,36,10159,2026-09-21 13:43:21.564512+05:30,2026-09-21 13:43:21.564512+05:30
4124,8,Tuition Fee,1984.00,0.00,36,10160,2026-09-21 13:43:21.564512+05:30,2026-09-21 13:43:21.564512+05:30
4124,9,Development Fee,496.00,0.00,36,10161,2026-09-21 13:43:21.564512+05:30,2026-09-21 13:43:21.564512+05:30
4125,8,Tuition Fee,1984.00,0.00,36,10162,2026-09-21 13:43:21.564512+05:30,2026-09-21 13:43:21.564512+05:30
4125,9,Development Fee,496.00,0.00,36,10163,2026-09-21 13:43:21.564512+05:30,2026-09-21 13:43:21.564512+05:30
4126,8,Tuition Fee,1984.00,0.00,36,10164,2026-09-21 13:43:21.564512+05:30,2026-09-21 13:43:21.564512+05:30
4126,9,Development Fee,496.00,0.00,36,10165,2026-09-21 13:43:21.564512+05:30,2026-09-21 13:43:21.564512+05:30
4127,8,Tuition Fee,1984.00,0.00,36,10166,2026-09-21 13:43:21.564512+05:30,2026-09-21 13:43:21.564512+05:30
4127,9,Development Fee,496.00,0.00,36,10167,2026-09-21 13:43:21.564512+05:30,2026-09-21 13:43:21.564512+05:30
4127,10,Transport Fee,800.00,0.00,36,10168,2026-09-21 13:43:21.564512+05:30,2026-09-21 13:43:21.564512+05:30
4128,8,Tuition Fee,1984.00,0.00,36,10169,2026-09-21 13:43:21.564512+05:30,2026-09-21 13:43:21.564512+05:30
4128,9,Development Fee,496.00,0.00,36,10170,2026-09-21 13:43:21.564512+05:30,2026-09-21 13:43:21.564512+05:30
4129,8,Tuition Fee,1984.00,0.00,36,10171,2026-09-21 13:43:21.564512+05:30,2026-09-21 13:43:21.564512+05:30
4129,9,Development Fee,496.00,0.00,36,10172,2026-09-21 13:43:21.564512+05:30,2026-09-21 13:43:21.564512+05:30
4130,8,Tuition Fee,1984.00,0.00,36,10173,2026-09-21 13:43:21.564512+05:30,2026-09-21 13:43:21.564512+05:30
4130,9,Development Fee,496.00,0.00,36,10174,2026-09-21 13:43:21.564512+05:30,2026-09-21 13:43:21.564512+05:30
4131,8,Tuition Fee,1984.00,0.00,36,10175,2026-09-21 13:43:21.564512+05:30,2026-09-21 13:43:21.564512+05:30
4131,9,Development Fee,496.00,0.00,36,10176,2026-09-21 13:43:21.564512+05:30,2026-09-21 13:43:21.564512+05:30
4131,10,Transport Fee,800.00,0.00,36,10177,2026-09-21 13:43:21.564512+05:30,2026-09-21 13:43:21.564512+05:30
4132,8,Tuition Fee,1984.00,0.00,36,10178,2026-09-21 13:43:21.564512+05:30,2026-09-21 13:43:21.564512+05:30
4132,9,Development Fee,496.00,0.00,36,10179,2026-09-21 13:43:21.564512+05:30,2026-09-21 13:43:21.564512+05:30
4133,8,Tuition Fee,1856.00,0.00,36,10180,2026-09-21 13:43:21.564512+05:30,2026-09-21 13:43:21.564512+05:30
4133,9,Development Fee,464.00,0.00,36,10181,2026-09-21 13:43:21.564512+05:30,2026-09-21 13:43:21.564512+05:30
4133,10,Transport Fee,1100.00,0.00,36,10182,2026-09-21 13:43:21.564512+05:30,2026-09-21 13:43:21.564512+05:30
4134,8,Tuition Fee,1856.00,0.00,36,10183,2026-09-21 13:43:21.564512+05:30,2026-09-21 13:43:21.564512+05:30
4134,9,Development Fee,464.00,0.00,36,10184,2026-09-21 13:43:21.564512+05:30,2026-09-21 13:43:21.564512+05:30
4135,8,Tuition Fee,1856.00,0.00,36,10185,2026-09-21 13:43:21.564512+05:30,2026-09-21 13:43:21.564512+05:30
4135,9,Development Fee,464.00,0.00,36,10186,2026-09-21 13:43:21.564512+05:30,2026-09-21 13:43:21.564512+05:30
4136,8,Tuition Fee,1856.00,0.00,36,10187,2026-09-21 13:43:21.564512+05:30,2026-09-21 13:43:21.564512+05:30
4136,9,Development Fee,464.00,0.00,36,10188,2026-09-21 13:43:21.564512+05:30,2026-09-21 13:43:21.564512+05:30
4137,8,Tuition Fee,1856.00,0.00,36,10189,2026-09-21 13:43:21.564512+05:30,2026-09-21 13:43:21.564512+05:30
4137,9,Development Fee,464.00,0.00,36,10190,2026-09-21 13:43:21.564512+05:30,2026-09-21 13:43:21.564512+05:30
4137,10,Transport Fee,1500.00,0.00,36,10191,2026-09-21 13:43:21.564512+05:30,2026-09-21 13:43:21.564512+05:30
4138,8,Tuition Fee,1856.00,0.00,36,10192,2026-09-21 13:43:21.564512+05:30,2026-09-21 13:43:21.564512+05:30
4138,9,Development Fee,464.00,0.00,36,10193,2026-09-21 13:43:21.564512+05:30,2026-09-21 13:43:21.564512+05:30
4139,8,Tuition Fee,1856.00,0.00,36,10194,2026-09-21 13:43:21.564512+05:30,2026-09-21 13:43:21.564512+05:30
4139,9,Development Fee,464.00,0.00,36,10195,2026-09-21 13:43:21.564512+05:30,2026-09-21 13:43:21.564512+05:30
4140,8,Tuition Fee,1856.00,0.00,36,10196,2026-09-21 13:43:21.564512+05:30,2026-09-21 13:43:21.564512+05:30
4140,9,Development Fee,464.00,0.00,36,10197,2026-09-21 13:43:21.564512+05:30,2026-09-21 13:43:21.564512+05:30
4141,8,Tuition Fee,1856.00,0.00,36,10198,2026-09-21 13:43:21.564512+05:30,2026-09-21 13:43:21.564512+05:30
4141,9,Development Fee,464.00,0.00,36,10199,2026-09-21 13:43:21.564512+05:30,2026-09-21 13:43:21.564512+05:30
4141,10,Transport Fee,1100.00,0.00,36,10200,2026-09-21 13:43:21.564512+05:30,2026-09-21 13:43:21.564512+05:30
4142,8,Tuition Fee,1856.00,0.00,36,10201,2026-09-21 13:43:21.564512+05:30,2026-09-21 13:43:21.564512+05:30
4142,9,Development Fee,464.00,0.00,36,10202,2026-09-21 13:43:21.564512+05:30,2026-09-21 13:43:21.564512+05:30
4143,8,Tuition Fee,1728.00,0.00,36,10203,2026-09-21 13:43:21.564512+05:30,2026-09-21 13:43:21.564512+05:30
4143,9,Development Fee,432.00,0.00,36,10204,2026-09-21 13:43:21.564512+05:30,2026-09-21 13:43:21.564512+05:30
4143,10,Transport Fee,1100.00,0.00,36,10205,2026-09-21 13:43:21.564512+05:30,2026-09-21 13:43:21.564512+05:30
4144,8,Tuition Fee,1728.00,0.00,36,10206,2026-09-21 13:43:21.564512+05:30,2026-09-21 13:43:21.564512+05:30
4144,9,Development Fee,432.00,0.00,36,10207,2026-09-21 13:43:21.564512+05:30,2026-09-21 13:43:21.564512+05:30
4145,8,Tuition Fee,1728.00,0.00,36,10208,2026-09-21 13:43:21.564512+05:30,2026-09-21 13:43:21.564512+05:30
4145,9,Development Fee,432.00,0.00,36,10209,2026-09-21 13:43:21.564512+05:30,2026-09-21 13:43:21.564512+05:30
4146,8,Tuition Fee,1728.00,0.00,36,10210,2026-09-21 13:43:21.564512+05:30,2026-09-21 13:43:21.564512+05:30
4146,9,Development Fee,432.00,0.00,36,10211,2026-09-21 13:43:21.564512+05:30,2026-09-21 13:43:21.564512+05:30
4147,8,Tuition Fee,1728.00,0.00,36,10212,2026-09-21 13:43:21.564512+05:30,2026-09-21 13:43:21.564512+05:30
4147,9,Development Fee,432.00,0.00,36,10213,2026-09-21 13:43:21.564512+05:30,2026-09-21 13:43:21.564512+05:30
4147,10,Transport Fee,1500.00,0.00,36,10214,2026-09-21 13:43:21.564512+05:30,2026-09-21 13:43:21.564512+05:30
4148,8,Tuition Fee,1728.00,0.00,36,10215,2026-09-21 13:43:21.564512+05:30,2026-09-21 13:43:21.564512+05:30
4148,9,Development Fee,432.00,0.00,36,10216,2026-09-21 13:43:21.564512+05:30,2026-09-21 13:43:21.564512+05:30
4149,8,Tuition Fee,1728.00,0.00,36,10217,2026-09-21 13:43:21.564512+05:30,2026-09-21 13:43:21.564512+05:30
4149,9,Development Fee,432.00,0.00,36,10218,2026-09-21 13:43:21.564512+05:30,2026-09-21 13:43:21.564512+05:30
4150,8,Tuition Fee,1728.00,0.00,36,10219,2026-09-21 13:43:21.564512+05:30,2026-09-21 13:43:21.564512+05:30
4150,9,Development Fee,432.00,0.00,36,10220,2026-09-21 13:43:21.564512+05:30,2026-09-21 13:43:21.564512+05:30
4151,8,Tuition Fee,1728.00,0.00,36,10221,2026-09-21 13:43:21.564512+05:30,2026-09-21 13:43:21.564512+05:30
4151,9,Development Fee,432.00,0.00,36,10222,2026-09-21 13:43:21.564512+05:30,2026-09-21 13:43:21.564512+05:30
4151,10,Transport Fee,800.00,0.00,36,10223,2026-09-21 13:43:21.564512+05:30,2026-09-21 13:43:21.564512+05:30
4152,8,Tuition Fee,1728.00,0.00,36,10224,2026-09-21 13:43:21.564512+05:30,2026-09-21 13:43:21.564512+05:30
4152,9,Development Fee,432.00,0.00,36,10225,2026-09-21 13:43:21.564512+05:30,2026-09-21 13:43:21.564512+05:30
4153,8,Tuition Fee,1600.00,0.00,36,10226,2026-09-21 13:43:21.564512+05:30,2026-09-21 13:43:21.564512+05:30
4153,9,Development Fee,400.00,0.00,36,10227,2026-09-21 13:43:21.564512+05:30,2026-09-21 13:43:21.564512+05:30
4153,10,Transport Fee,800.00,0.00,36,10228,2026-09-21 13:43:21.564512+05:30,2026-09-21 13:43:21.564512+05:30
4154,8,Tuition Fee,1600.00,0.00,36,10229,2026-09-21 13:43:21.564512+05:30,2026-09-21 13:43:21.564512+05:30
4154,9,Development Fee,400.00,0.00,36,10230,2026-09-21 13:43:21.564512+05:30,2026-09-21 13:43:21.564512+05:30
4155,8,Tuition Fee,1600.00,0.00,36,10231,2026-09-21 13:43:21.564512+05:30,2026-09-21 13:43:21.564512+05:30
4155,9,Development Fee,400.00,0.00,36,10232,2026-09-21 13:43:21.564512+05:30,2026-09-21 13:43:21.564512+05:30
4156,8,Tuition Fee,1600.00,0.00,36,10233,2026-09-21 13:43:21.564512+05:30,2026-09-21 13:43:21.564512+05:30
4156,9,Development Fee,400.00,0.00,36,10234,2026-09-21 13:43:21.564512+05:30,2026-09-21 13:43:21.564512+05:30
4157,8,Tuition Fee,1600.00,0.00,36,10235,2026-09-21 13:43:21.564512+05:30,2026-09-21 13:43:21.564512+05:30
4157,9,Development Fee,400.00,0.00,36,10236,2026-09-21 13:43:21.564512+05:30,2026-09-21 13:43:21.564512+05:30
4157,10,Transport Fee,1100.00,0.00,36,10237,2026-09-21 13:43:21.564512+05:30,2026-09-21 13:43:21.564512+05:30
4158,8,Tuition Fee,1600.00,0.00,36,10238,2026-09-21 13:43:21.564512+05:30,2026-09-21 13:43:21.564512+05:30
4158,9,Development Fee,400.00,0.00,36,10239,2026-09-21 13:43:21.564512+05:30,2026-09-21 13:43:21.564512+05:30
4159,8,Tuition Fee,1600.00,0.00,36,10240,2026-09-21 13:43:21.564512+05:30,2026-09-21 13:43:21.564512+05:30
4159,9,Development Fee,400.00,0.00,36,10241,2026-09-21 13:43:21.564512+05:30,2026-09-21 13:43:21.564512+05:30
4160,8,Tuition Fee,1600.00,0.00,36,10242,2026-09-21 13:43:21.564512+05:30,2026-09-21 13:43:21.564512+05:30
4160,9,Development Fee,400.00,0.00,36,10243,2026-09-21 13:43:21.564512+05:30,2026-09-21 13:43:21.564512+05:30
4161,8,Tuition Fee,1600.00,0.00,36,10244,2026-09-21 13:43:21.564512+05:30,2026-09-21 13:43:21.564512+05:30
4161,9,Development Fee,400.00,0.00,36,10245,2026-09-21 13:43:21.564512+05:30,2026-09-21 13:43:21.564512+05:30
4161,10,Transport Fee,1500.00,0.00,36,10246,2026-09-21 13:43:21.564512+05:30,2026-09-21 13:43:21.564512+05:30
4162,8,Tuition Fee,1600.00,0.00,36,10247,2026-09-21 13:43:21.564512+05:30,2026-09-21 13:43:21.564512+05:30
4162,9,Development Fee,400.00,0.00,36,10248,2026-09-21 13:43:21.564512+05:30,2026-09-21 13:43:21.564512+05:30
4163,8,Tuition Fee,1472.00,0.00,36,10249,2026-09-21 13:43:21.564512+05:30,2026-09-21 13:43:21.564512+05:30
4163,9,Development Fee,368.00,0.00,36,10250,2026-09-21 13:43:21.564512+05:30,2026-09-21 13:43:21.564512+05:30
4163,10,Transport Fee,1100.00,0.00,36,10251,2026-09-21 13:43:21.564512+05:30,2026-09-21 13:43:21.564512+05:30
4164,8,Tuition Fee,1472.00,0.00,36,10252,2026-09-21 13:43:21.564512+05:30,2026-09-21 13:43:21.564512+05:30
4164,9,Development Fee,368.00,0.00,36,10253,2026-09-21 13:43:21.564512+05:30,2026-09-21 13:43:21.564512+05:30
4165,8,Tuition Fee,1472.00,0.00,36,10254,2026-09-21 13:43:21.564512+05:30,2026-09-21 13:43:21.564512+05:30
4165,9,Development Fee,368.00,0.00,36,10255,2026-09-21 13:43:21.564512+05:30,2026-09-21 13:43:21.564512+05:30
4166,8,Tuition Fee,1472.00,0.00,36,10256,2026-09-21 13:43:21.564512+05:30,2026-09-21 13:43:21.564512+05:30
4166,9,Development Fee,368.00,0.00,36,10257,2026-09-21 13:43:21.564512+05:30,2026-09-21 13:43:21.564512+05:30
4167,8,Tuition Fee,1472.00,0.00,36,10258,2026-09-21 13:43:21.564512+05:30,2026-09-21 13:43:21.564512+05:30
4167,9,Development Fee,368.00,0.00,36,10259,2026-09-21 13:43:21.564512+05:30,2026-09-21 13:43:21.564512+05:30
4167,10,Transport Fee,1100.00,0.00,36,10260,2026-09-21 13:43:21.564512+05:30,2026-09-21 13:43:21.564512+05:30
4168,8,Tuition Fee,1472.00,0.00,36,10261,2026-09-21 13:43:21.564512+05:30,2026-09-21 13:43:21.564512+05:30
4168,9,Development Fee,368.00,0.00,36,10262,2026-09-21 13:43:21.564512+05:30,2026-09-21 13:43:21.564512+05:30
4169,8,Tuition Fee,1472.00,0.00,36,10263,2026-09-21 13:43:21.564512+05:30,2026-09-21 13:43:21.564512+05:30
4169,9,Development Fee,368.00,0.00,36,10264,2026-09-21 13:43:21.564512+05:30,2026-09-21 13:43:21.564512+05:30
4170,8,Tuition Fee,1472.00,0.00,36,10265,2026-09-21 13:43:21.564512+05:30,2026-09-21 13:43:21.564512+05:30
4170,9,Development Fee,368.00,0.00,36,10266,2026-09-21 13:43:21.564512+05:30,2026-09-21 13:43:21.564512+05:30
4171,8,Tuition Fee,1472.00,0.00,36,10267,2026-09-21 13:43:21.564512+05:30,2026-09-21 13:43:21.564512+05:30
4171,9,Development Fee,368.00,0.00,36,10268,2026-09-21 13:43:21.564512+05:30,2026-09-21 13:43:21.564512+05:30
4171,10,Transport Fee,1500.00,0.00,36,10269,2026-09-21 13:43:21.564512+05:30,2026-09-21 13:43:21.564512+05:30
4172,8,Tuition Fee,1472.00,0.00,36,10270,2026-09-21 13:43:21.564512+05:30,2026-09-21 13:43:21.564512+05:30
4172,9,Development Fee,368.00,0.00,36,10271,2026-09-21 13:43:21.564512+05:30,2026-09-21 13:43:21.564512+05:30
4173,8,Tuition Fee,1344.00,0.00,36,10272,2026-09-21 13:43:21.564512+05:30,2026-09-21 13:43:21.564512+05:30
4173,9,Development Fee,336.00,0.00,36,10273,2026-09-21 13:43:21.564512+05:30,2026-09-21 13:43:21.564512+05:30
4173,10,Transport Fee,800.00,0.00,36,10274,2026-09-21 13:43:21.564512+05:30,2026-09-21 13:43:21.564512+05:30
4174,8,Tuition Fee,1344.00,0.00,36,10275,2026-09-21 13:43:21.564512+05:30,2026-09-21 13:43:21.564512+05:30
4174,9,Development Fee,336.00,0.00,36,10276,2026-09-21 13:43:21.564512+05:30,2026-09-21 13:43:21.564512+05:30
4175,8,Tuition Fee,1344.00,0.00,36,10277,2026-09-21 13:43:21.564512+05:30,2026-09-21 13:43:21.564512+05:30
4175,9,Development Fee,336.00,0.00,36,10278,2026-09-21 13:43:21.564512+05:30,2026-09-21 13:43:21.564512+05:30
4176,8,Tuition Fee,1344.00,0.00,36,10279,2026-09-21 13:43:21.564512+05:30,2026-09-21 13:43:21.564512+05:30
4176,9,Development Fee,336.00,0.00,36,10280,2026-09-21 13:43:21.564512+05:30,2026-09-21 13:43:21.564512+05:30
4177,8,Tuition Fee,1344.00,0.00,36,10281,2026-09-21 13:43:21.564512+05:30,2026-09-21 13:43:21.564512+05:30
4177,9,Development Fee,336.00,0.00,36,10282,2026-09-21 13:43:21.564512+05:30,2026-09-21 13:43:21.564512+05:30
4177,10,Transport Fee,800.00,0.00,36,10283,2026-09-21 13:43:21.564512+05:30,2026-09-21 13:43:21.564512+05:30
4178,8,Tuition Fee,1344.00,0.00,36,10284,2026-09-21 13:43:21.564512+05:30,2026-09-21 13:43:21.564512+05:30
4178,9,Development Fee,336.00,0.00,36,10285,2026-09-21 13:43:21.564512+05:30,2026-09-21 13:43:21.564512+05:30
4179,8,Tuition Fee,1344.00,0.00,36,10286,2026-09-21 13:43:21.564512+05:30,2026-09-21 13:43:21.564512+05:30
4179,9,Development Fee,336.00,0.00,36,10287,2026-09-21 13:43:21.564512+05:30,2026-09-21 13:43:21.564512+05:30
4180,8,Tuition Fee,1344.00,0.00,36,10288,2026-09-21 13:43:21.564512+05:30,2026-09-21 13:43:21.564512+05:30
4180,9,Development Fee,336.00,0.00,36,10289,2026-09-21 13:43:21.564512+05:30,2026-09-21 13:43:21.564512+05:30
4181,8,Tuition Fee,1344.00,0.00,36,10290,2026-09-21 13:43:21.564512+05:30,2026-09-21 13:43:21.564512+05:30
4181,9,Development Fee,336.00,0.00,36,10291,2026-09-21 13:43:21.564512+05:30,2026-09-21 13:43:21.564512+05:30
4181,10,Transport Fee,1100.00,0.00,36,10292,2026-09-21 13:43:21.564512+05:30,2026-09-21 13:43:21.564512+05:30
4182,8,Tuition Fee,1344.00,0.00,36,10293,2026-09-21 13:43:21.564512+05:30,2026-09-21 13:43:21.564512+05:30
4182,9,Development Fee,336.00,0.00,36,10294,2026-09-21 13:43:21.564512+05:30,2026-09-21 13:43:21.564512+05:30
4183,8,Tuition Fee,1216.00,0.00,36,10295,2026-09-21 13:43:21.564512+05:30,2026-09-21 13:43:21.564512+05:30
4183,9,Development Fee,304.00,0.00,36,10296,2026-09-21 13:43:21.564512+05:30,2026-09-21 13:43:21.564512+05:30
4183,10,Transport Fee,1500.00,0.00,36,10297,2026-09-21 13:43:21.564512+05:30,2026-09-21 13:43:21.564512+05:30
4184,8,Tuition Fee,1216.00,0.00,36,10298,2026-09-21 13:43:21.564512+05:30,2026-09-21 13:43:21.564512+05:30
4184,9,Development Fee,304.00,0.00,36,10299,2026-09-21 13:43:21.564512+05:30,2026-09-21 13:43:21.564512+05:30
4185,8,Tuition Fee,1216.00,0.00,36,10300,2026-09-21 13:43:21.564512+05:30,2026-09-21 13:43:21.564512+05:30
4185,9,Development Fee,304.00,0.00,36,10301,2026-09-21 13:43:21.564512+05:30,2026-09-21 13:43:21.564512+05:30
4186,8,Tuition Fee,1216.00,0.00,36,10302,2026-09-21 13:43:21.564512+05:30,2026-09-21 13:43:21.564512+05:30
4186,9,Development Fee,304.00,0.00,36,10303,2026-09-21 13:43:21.564512+05:30,2026-09-21 13:43:21.564512+05:30
4187,8,Tuition Fee,1216.00,0.00,36,10304,2026-09-21 13:43:21.564512+05:30,2026-09-21 13:43:21.564512+05:30
4187,9,Development Fee,304.00,0.00,36,10305,2026-09-21 13:43:21.564512+05:30,2026-09-21 13:43:21.564512+05:30
4187,10,Transport Fee,1100.00,0.00,36,10306,2026-09-21 13:43:21.564512+05:30,2026-09-21 13:43:21.564512+05:30
4188,8,Tuition Fee,1216.00,0.00,36,10307,2026-09-21 13:43:21.564512+05:30,2026-09-21 13:43:21.564512+05:30
4188,9,Development Fee,304.00,0.00,36,10308,2026-09-21 13:43:21.564512+05:30,2026-09-21 13:43:21.564512+05:30
4189,8,Tuition Fee,1216.00,0.00,36,10309,2026-09-21 13:43:21.564512+05:30,2026-09-21 13:43:21.564512+05:30
4189,9,Development Fee,304.00,0.00,36,10310,2026-09-21 13:43:21.564512+05:30,2026-09-21 13:43:21.564512+05:30
4190,8,Tuition Fee,1216.00,0.00,36,10311,2026-09-21 13:43:21.564512+05:30,2026-09-21 13:43:21.564512+05:30
4190,9,Development Fee,304.00,0.00,36,10312,2026-09-21 13:43:21.564512+05:30,2026-09-21 13:43:21.564512+05:30
4191,8,Tuition Fee,1216.00,0.00,36,10313,2026-09-21 13:43:21.564512+05:30,2026-09-21 13:43:21.564512+05:30
4191,9,Development Fee,304.00,0.00,36,10314,2026-09-21 13:43:21.564512+05:30,2026-09-21 13:43:21.564512+05:30
4191,10,Transport Fee,1100.00,0.00,36,10315,2026-09-21 13:43:21.564512+05:30,2026-09-21 13:43:21.564512+05:30
4192,8,Tuition Fee,1216.00,0.00,36,10316,2026-09-21 13:43:21.564512+05:30,2026-09-21 13:43:21.564512+05:30
4192,9,Development Fee,304.00,0.00,36,10317,2026-09-21 13:43:21.564512+05:30,2026-09-21 13:43:21.564512+05:30
4193,8,Tuition Fee,1088.00,0.00,36,10318,2026-09-21 13:43:21.564512+05:30,2026-09-21 13:43:21.564512+05:30
4193,9,Development Fee,272.00,0.00,36,10319,2026-09-21 13:43:21.564512+05:30,2026-09-21 13:43:21.564512+05:30
4193,10,Transport Fee,1500.00,0.00,36,10320,2026-09-21 13:43:21.564512+05:30,2026-09-21 13:43:21.564512+05:30
4194,8,Tuition Fee,1088.00,0.00,36,10321,2026-09-21 13:43:21.564512+05:30,2026-09-21 13:43:21.564512+05:30
4194,9,Development Fee,272.00,0.00,36,10322,2026-09-21 13:43:21.564512+05:30,2026-09-21 13:43:21.564512+05:30
4195,8,Tuition Fee,1088.00,0.00,36,10323,2026-09-21 13:43:21.564512+05:30,2026-09-21 13:43:21.564512+05:30
4195,9,Development Fee,272.00,0.00,36,10324,2026-09-21 13:43:21.564512+05:30,2026-09-21 13:43:21.564512+05:30
4196,8,Tuition Fee,1088.00,0.00,36,10325,2026-09-21 13:43:21.564512+05:30,2026-09-21 13:43:21.564512+05:30
4196,9,Development Fee,272.00,0.00,36,10326,2026-09-21 13:43:21.564512+05:30,2026-09-21 13:43:21.564512+05:30
4197,8,Tuition Fee,1088.00,0.00,36,10327,2026-09-21 13:43:21.564512+05:30,2026-09-21 13:43:21.564512+05:30
4197,9,Development Fee,272.00,0.00,36,10328,2026-09-21 13:43:21.564512+05:30,2026-09-21 13:43:21.564512+05:30
4197,10,Transport Fee,800.00,0.00,36,10329,2026-09-21 13:43:21.564512+05:30,2026-09-21 13:43:21.564512+05:30
4198,8,Tuition Fee,1088.00,0.00,36,10330,2026-09-21 13:43:21.564512+05:30,2026-09-21 13:43:21.564512+05:30
4198,9,Development Fee,272.00,0.00,36,10331,2026-09-21 13:43:21.564512+05:30,2026-09-21 13:43:21.564512+05:30
4199,8,Tuition Fee,1088.00,0.00,36,10332,2026-09-21 13:43:21.564512+05:30,2026-09-21 13:43:21.564512+05:30
4199,9,Development Fee,272.00,0.00,36,10333,2026-09-21 13:43:21.564512+05:30,2026-09-21 13:43:21.564512+05:30
4200,8,Tuition Fee,1088.00,0.00,36,10334,2026-09-21 13:43:21.564512+05:30,2026-09-21 13:43:21.564512+05:30
4200,9,Development Fee,272.00,0.00,36,10335,2026-09-21 13:43:21.564512+05:30,2026-09-21 13:43:21.564512+05:30
4201,8,Tuition Fee,1088.00,0.00,36,10336,2026-09-21 13:43:21.564512+05:30,2026-09-21 13:43:21.564512+05:30
4201,9,Development Fee,272.00,0.00,36,10337,2026-09-21 13:43:21.564512+05:30,2026-09-21 13:43:21.564512+05:30
4201,10,Transport Fee,800.00,0.00,36,10338,2026-09-21 13:43:21.564512+05:30,2026-09-21 13:43:21.564512+05:30
4202,8,Tuition Fee,1088.00,0.00,36,10339,2026-09-21 13:43:21.564512+05:30,2026-09-21 13:43:21.564512+05:30
4202,9,Development Fee,272.00,0.00,36,10340,2026-09-21 13:43:21.564512+05:30,2026-09-21 13:43:21.564512+05:30
3903,12,Late fee (103 days overdue),1800.00,0.00,36,10341,2026-09-21 13:43:22.177303+05:30,2026-09-21 13:43:22.177303+05:30
4003,12,Late fee (73 days overdue),1800.00,0.00,36,10342,2026-09-21 13:43:22.177303+05:30,2026-09-21 13:43:22.177303+05:30
4103,12,Late fee (42 days overdue),1800.00,0.00,36,10343,2026-09-21 13:43:22.177303+05:30,2026-09-21 13:43:22.177303+05:30
3904,12,Late fee (103 days overdue),1260.00,0.00,36,10344,2026-09-21 13:43:22.293263+05:30,2026-09-21 13:43:22.293263+05:30
4004,12,Late fee (73 days overdue),1260.00,0.00,36,10345,2026-09-21 13:43:22.293263+05:30,2026-09-21 13:43:22.293263+05:30
4104,12,Late fee (42 days overdue),1260.00,0.00,36,10346,2026-09-21 13:43:22.293263+05:30,2026-09-21 13:43:22.293263+05:30
3906,12,Late fee (103 days overdue),1260.00,0.00,36,10347,2026-09-21 13:43:22.408397+05:30,2026-09-21 13:43:22.408397+05:30
4006,12,Late fee (73 days overdue),1260.00,0.00,36,10348,2026-09-21 13:43:22.408397+05:30,2026-09-21 13:43:22.408397+05:30
4106,12,Late fee (42 days overdue),1260.00,0.00,36,10349,2026-09-21 13:43:22.408397+05:30,2026-09-21 13:43:22.408397+05:30
3907,12,Late fee (103 days overdue),1800.00,0.00,36,10350,2026-09-21 13:43:22.481359+05:30,2026-09-21 13:43:22.481359+05:30
4007,12,Late fee (73 days overdue),1800.00,0.00,36,10351,2026-09-21 13:43:22.481359+05:30,2026-09-21 13:43:22.481359+05:30
4107,12,Late fee (42 days overdue),1800.00,0.00,36,10352,2026-09-21 13:43:22.481359+05:30,2026-09-21 13:43:22.481359+05:30
3909,12,Late fee (103 days overdue),1400.00,0.00,36,10353,2026-09-21 13:43:22.572473+05:30,2026-09-21 13:43:22.572473+05:30
4009,12,Late fee (73 days overdue),1400.00,0.00,36,10354,2026-09-21 13:43:22.572473+05:30,2026-09-21 13:43:22.572473+05:30
4109,12,Late fee (42 days overdue),1400.00,0.00,36,10355,2026-09-21 13:43:22.572473+05:30,2026-09-21 13:43:22.572473+05:30
3910,12,Late fee (103 days overdue),1400.00,0.00,36,10356,2026-09-21 13:43:22.637748+05:30,2026-09-21 13:43:22.637748+05:30
4010,12,Late fee (73 days overdue),1400.00,0.00,36,10357,2026-09-21 13:43:22.637748+05:30,2026-09-21 13:43:22.637748+05:30
4110,12,Late fee (42 days overdue),1400.00,0.00,36,10358,2026-09-21 13:43:22.637748+05:30,2026-09-21 13:43:22.637748+05:30
3912,12,Late fee (103 days overdue),1400.00,0.00,36,10359,2026-09-21 13:43:22.722163+05:30,2026-09-21 13:43:22.722163+05:30
4012,12,Late fee (73 days overdue),1400.00,0.00,36,10360,2026-09-21 13:43:22.722163+05:30,2026-09-21 13:43:22.722163+05:30
4112,12,Late fee (42 days overdue),1400.00,0.00,36,10361,2026-09-21 13:43:22.722163+05:30,2026-09-21 13:43:22.722163+05:30
3913,12,Late fee (103 days overdue),2070.00,0.00,36,10362,2026-09-21 13:43:22.783368+05:30,2026-09-21 13:43:22.783368+05:30
4013,12,Late fee (73 days overdue),2070.00,0.00,36,10363,2026-09-21 13:43:22.783368+05:30,2026-09-21 13:43:22.783368+05:30
4113,12,Late fee (42 days overdue),2070.00,0.00,36,10364,2026-09-21 13:43:22.783368+05:30,2026-09-21 13:43:22.783368+05:30
3914,12,Late fee (103 days overdue),1320.00,0.00,36,10365,2026-09-21 13:43:22.854552+05:30,2026-09-21 13:43:22.854552+05:30
4014,12,Late fee (73 days overdue),1320.00,0.00,36,10366,2026-09-21 13:43:22.854552+05:30,2026-09-21 13:43:22.854552+05:30
4114,12,Late fee (42 days overdue),1320.00,0.00,36,10367,2026-09-21 13:43:22.854552+05:30,2026-09-21 13:43:22.854552+05:30
3916,12,Late fee (103 days overdue),1320.00,0.00,36,10368,2026-09-21 13:43:22.984592+05:30,2026-09-21 13:43:22.984592+05:30
4016,12,Late fee (73 days overdue),1320.00,0.00,36,10369,2026-09-21 13:43:22.984592+05:30,2026-09-21 13:43:22.984592+05:30
4116,12,Late fee (42 days overdue),1320.00,0.00,36,10370,2026-09-21 13:43:22.984592+05:30,2026-09-21 13:43:22.984592+05:30
3917,12,Late fee (103 days overdue),1870.00,0.00,36,10371,2026-09-21 13:43:23.050046+05:30,2026-09-21 13:43:23.050046+05:30
4017,12,Late fee (73 days overdue),1870.00,0.00,36,10372,2026-09-21 13:43:23.050046+05:30,2026-09-21 13:43:23.050046+05:30
4117,12,Late fee (42 days overdue),1870.00,0.00,36,10373,2026-09-21 13:43:23.050046+05:30,2026-09-21 13:43:23.050046+05:30
3919,12,Late fee (103 days overdue),1320.00,0.00,36,10374,2026-09-21 13:43:23.136514+05:30,2026-09-21 13:43:23.136514+05:30
4019,12,Late fee (73 days overdue),1320.00,0.00,36,10375,2026-09-21 13:43:23.136514+05:30,2026-09-21 13:43:23.136514+05:30
4119,12,Late fee (42 days overdue),1320.00,0.00,36,10376,2026-09-21 13:43:23.136514+05:30,2026-09-21 13:43:23.136514+05:30
3920,12,Late fee (103 days overdue),1320.00,0.00,36,10377,2026-09-21 13:43:23.199052+05:30,2026-09-21 13:43:23.199052+05:30
4020,12,Late fee (73 days overdue),1320.00,0.00,36,10378,2026-09-21 13:43:23.199052+05:30,2026-09-21 13:43:23.199052+05:30
4120,12,Late fee (42 days overdue),1320.00,0.00,36,10379,2026-09-21 13:43:23.199052+05:30,2026-09-21 13:43:23.199052+05:30
3922,12,Late fee (103 days overdue),1320.00,0.00,36,10380,2026-09-21 13:43:23.286429+05:30,2026-09-21 13:43:23.286429+05:30
4022,12,Late fee (73 days overdue),1320.00,0.00,36,10381,2026-09-21 13:43:23.286429+05:30,2026-09-21 13:43:23.286429+05:30
4122,12,Late fee (42 days overdue),1320.00,0.00,36,10382,2026-09-21 13:43:23.286429+05:30,2026-09-21 13:43:23.286429+05:30
3923,12,Late fee (103 days overdue),1990.00,0.00,36,10383,2026-09-21 13:43:23.345827+05:30,2026-09-21 13:43:23.345827+05:30
4023,12,Late fee (73 days overdue),1990.00,0.00,36,10384,2026-09-21 13:43:23.345827+05:30,2026-09-21 13:43:23.345827+05:30
4123,12,Late fee (42 days overdue),1990.00,0.00,36,10385,2026-09-21 13:43:23.345827+05:30,2026-09-21 13:43:23.345827+05:30
3924,12,Late fee (103 days overdue),1240.00,0.00,36,10386,2026-09-21 13:43:23.405891+05:30,2026-09-21 13:43:23.405891+05:30
4024,12,Late fee (73 days overdue),1240.00,0.00,36,10387,2026-09-21 13:43:23.405891+05:30,2026-09-21 13:43:23.405891+05:30
4124,12,Late fee (42 days overdue),1240.00,0.00,36,10388,2026-09-21 13:43:23.405891+05:30,2026-09-21 13:43:23.405891+05:30
3926,12,Late fee (103 days overdue),1240.00,0.00,36,10389,2026-09-21 13:43:23.498156+05:30,2026-09-21 13:43:23.498156+05:30
4026,12,Late fee (73 days overdue),1240.00,0.00,36,10390,2026-09-21 13:43:23.498156+05:30,2026-09-21 13:43:23.498156+05:30
4126,12,Late fee (42 days overdue),1240.00,0.00,36,10391,2026-09-21 13:43:23.498156+05:30,2026-09-21 13:43:23.498156+05:30
3927,12,Late fee (103 days overdue),1640.00,0.00,36,10392,2026-09-21 13:43:23.561473+05:30,2026-09-21 13:43:23.561473+05:30
4027,12,Late fee (73 days overdue),1640.00,0.00,36,10393,2026-09-21 13:43:23.561473+05:30,2026-09-21 13:43:23.561473+05:30
4127,12,Late fee (42 days overdue),1640.00,0.00,36,10394,2026-09-21 13:43:23.561473+05:30,2026-09-21 13:43:23.561473+05:30
3929,12,Late fee (103 days overdue),1240.00,0.00,36,10395,2026-09-21 13:43:23.646554+05:30,2026-09-21 13:43:23.646554+05:30
4029,12,Late fee (73 days overdue),1240.00,0.00,36,10396,2026-09-21 13:43:23.646554+05:30,2026-09-21 13:43:23.646554+05:30
4129,12,Late fee (42 days overdue),1240.00,0.00,36,10397,2026-09-21 13:43:23.646554+05:30,2026-09-21 13:43:23.646554+05:30
3930,12,Late fee (103 days overdue),1240.00,0.00,36,10398,2026-09-21 13:43:23.710313+05:30,2026-09-21 13:43:23.710313+05:30
4030,12,Late fee (73 days overdue),1240.00,0.00,36,10399,2026-09-21 13:43:23.710313+05:30,2026-09-21 13:43:23.710313+05:30
4130,12,Late fee (42 days overdue),1240.00,0.00,36,10400,2026-09-21 13:43:23.710313+05:30,2026-09-21 13:43:23.710313+05:30
3932,12,Late fee (103 days overdue),1240.00,0.00,36,10401,2026-09-21 13:43:23.796257+05:30,2026-09-21 13:43:23.796257+05:30
4032,12,Late fee (73 days overdue),1240.00,0.00,36,10402,2026-09-21 13:43:23.796257+05:30,2026-09-21 13:43:23.796257+05:30
4132,12,Late fee (42 days overdue),1240.00,0.00,36,10403,2026-09-21 13:43:23.796257+05:30,2026-09-21 13:43:23.796257+05:30
3933,12,Late fee (103 days overdue),1710.00,0.00,36,10404,2026-09-21 13:43:23.858884+05:30,2026-09-21 13:43:23.858884+05:30
4033,12,Late fee (73 days overdue),1710.00,0.00,36,10405,2026-09-21 13:43:23.858884+05:30,2026-09-21 13:43:23.858884+05:30
4133,12,Late fee (42 days overdue),1710.00,0.00,36,10406,2026-09-21 13:43:23.858884+05:30,2026-09-21 13:43:23.858884+05:30
3934,12,Late fee (103 days overdue),1160.00,0.00,36,10407,2026-09-21 13:43:23.922786+05:30,2026-09-21 13:43:23.922786+05:30
4034,12,Late fee (73 days overdue),1160.00,0.00,36,10408,2026-09-21 13:43:23.922786+05:30,2026-09-21 13:43:23.922786+05:30
4134,12,Late fee (42 days overdue),1160.00,0.00,36,10409,2026-09-21 13:43:23.922786+05:30,2026-09-21 13:43:23.922786+05:30
3936,12,Late fee (103 days overdue),1160.00,0.00,36,10410,2026-09-21 13:43:24.007717+05:30,2026-09-21 13:43:24.007717+05:30
4036,12,Late fee (73 days overdue),1160.00,0.00,36,10411,2026-09-21 13:43:24.007717+05:30,2026-09-21 13:43:24.007717+05:30
4136,12,Late fee (42 days overdue),1160.00,0.00,36,10412,2026-09-21 13:43:24.007717+05:30,2026-09-21 13:43:24.007717+05:30
3937,12,Late fee (103 days overdue),1910.00,0.00,36,10413,2026-09-21 13:43:24.072615+05:30,2026-09-21 13:43:24.072615+05:30
4037,12,Late fee (73 days overdue),1910.00,0.00,36,10414,2026-09-21 13:43:24.072615+05:30,2026-09-21 13:43:24.072615+05:30
4137,12,Late fee (42 days overdue),1910.00,0.00,36,10415,2026-09-21 13:43:24.072615+05:30,2026-09-21 13:43:24.072615+05:30
3939,12,Late fee (103 days overdue),1160.00,0.00,36,10416,2026-09-21 13:43:24.160038+05:30,2026-09-21 13:43:24.160038+05:30
4039,12,Late fee (73 days overdue),1160.00,0.00,36,10417,2026-09-21 13:43:24.160038+05:30,2026-09-21 13:43:24.160038+05:30
4139,12,Late fee (42 days overdue),1160.00,0.00,36,10418,2026-09-21 13:43:24.160038+05:30,2026-09-21 13:43:24.160038+05:30
3940,12,Late fee (103 days overdue),1160.00,0.00,36,10419,2026-09-21 13:43:24.222241+05:30,2026-09-21 13:43:24.222241+05:30
4040,12,Late fee (73 days overdue),1160.00,0.00,36,10420,2026-09-21 13:43:24.222241+05:30,2026-09-21 13:43:24.222241+05:30
4140,12,Late fee (42 days overdue),1160.00,0.00,36,10421,2026-09-21 13:43:24.222241+05:30,2026-09-21 13:43:24.222241+05:30
3942,12,Late fee (103 days overdue),1160.00,0.00,36,10422,2026-09-21 13:43:24.308866+05:30,2026-09-21 13:43:24.308866+05:30
4042,12,Late fee (73 days overdue),1160.00,0.00,36,10423,2026-09-21 13:43:24.308866+05:30,2026-09-21 13:43:24.308866+05:30
4142,12,Late fee (42 days overdue),1160.00,0.00,36,10424,2026-09-21 13:43:24.308866+05:30,2026-09-21 13:43:24.308866+05:30
3943,12,Late fee (103 days overdue),1630.00,0.00,36,10425,2026-09-21 13:43:24.372917+05:30,2026-09-21 13:43:24.372917+05:30
4043,12,Late fee (73 days overdue),1630.00,0.00,36,10426,2026-09-21 13:43:24.372917+05:30,2026-09-21 13:43:24.372917+05:30
4143,12,Late fee (42 days overdue),1630.00,0.00,36,10427,2026-09-21 13:43:24.372917+05:30,2026-09-21 13:43:24.372917+05:30
3944,12,Late fee (103 days overdue),1080.00,0.00,36,10428,2026-09-21 13:43:24.437176+05:30,2026-09-21 13:43:24.437176+05:30
4044,12,Late fee (73 days overdue),1080.00,0.00,36,10429,2026-09-21 13:43:24.437176+05:30,2026-09-21 13:43:24.437176+05:30
4144,12,Late fee (42 days overdue),1080.00,0.00,36,10430,2026-09-21 13:43:24.437176+05:30,2026-09-21 13:43:24.437176+05:30
3946,12,Late fee (103 days overdue),1080.00,0.00,36,10431,2026-09-21 13:43:24.519526+05:30,2026-09-21 13:43:24.519526+05:30
4046,12,Late fee (73 days overdue),1080.00,0.00,36,10432,2026-09-21 13:43:24.519526+05:30,2026-09-21 13:43:24.519526+05:30
4146,12,Late fee (42 days overdue),1080.00,0.00,36,10433,2026-09-21 13:43:24.519526+05:30,2026-09-21 13:43:24.519526+05:30
3947,12,Late fee (103 days overdue),1830.00,0.00,36,10434,2026-09-21 13:43:24.579991+05:30,2026-09-21 13:43:24.579991+05:30
4047,12,Late fee (73 days overdue),1830.00,0.00,36,10435,2026-09-21 13:43:24.579991+05:30,2026-09-21 13:43:24.579991+05:30
4147,12,Late fee (42 days overdue),1830.00,0.00,36,10436,2026-09-21 13:43:24.579991+05:30,2026-09-21 13:43:24.579991+05:30
3949,12,Late fee (103 days overdue),1080.00,0.00,36,10437,2026-09-21 13:43:24.665352+05:30,2026-09-21 13:43:24.665352+05:30
4049,12,Late fee (73 days overdue),1080.00,0.00,36,10438,2026-09-21 13:43:24.665352+05:30,2026-09-21 13:43:24.665352+05:30
4149,12,Late fee (42 days overdue),1080.00,0.00,36,10439,2026-09-21 13:43:24.665352+05:30,2026-09-21 13:43:24.665352+05:30
3950,12,Late fee (103 days overdue),1080.00,0.00,36,10440,2026-09-21 13:43:24.737691+05:30,2026-09-21 13:43:24.737691+05:30
4050,12,Late fee (73 days overdue),1080.00,0.00,36,10441,2026-09-21 13:43:24.737691+05:30,2026-09-21 13:43:24.737691+05:30
4150,12,Late fee (42 days overdue),1080.00,0.00,36,10442,2026-09-21 13:43:24.737691+05:30,2026-09-21 13:43:24.737691+05:30
3952,12,Late fee (103 days overdue),1080.00,0.00,36,10443,2026-09-21 13:43:24.849658+05:30,2026-09-21 13:43:24.849658+05:30
4052,12,Late fee (73 days overdue),1080.00,0.00,36,10444,2026-09-21 13:43:24.849658+05:30,2026-09-21 13:43:24.849658+05:30
4152,12,Late fee (42 days overdue),1080.00,0.00,36,10445,2026-09-21 13:43:24.849658+05:30,2026-09-21 13:43:24.849658+05:30
3953,12,Late fee (103 days overdue),1400.00,0.00,36,10446,2026-09-21 13:43:24.961083+05:30,2026-09-21 13:43:24.961083+05:30
4053,12,Late fee (73 days overdue),1400.00,0.00,36,10447,2026-09-21 13:43:24.961083+05:30,2026-09-21 13:43:24.961083+05:30
4153,12,Late fee (42 days overdue),1400.00,0.00,36,10448,2026-09-21 13:43:24.961083+05:30,2026-09-21 13:43:24.961083+05:30
3954,12,Late fee (103 days overdue),1000.00,0.00,36,10449,2026-09-21 13:43:25.075313+05:30,2026-09-21 13:43:25.075313+05:30
4054,12,Late fee (73 days overdue),1000.00,0.00,36,10450,2026-09-21 13:43:25.075313+05:30,2026-09-21 13:43:25.075313+05:30
4154,12,Late fee (42 days overdue),1000.00,0.00,36,10451,2026-09-21 13:43:25.075313+05:30,2026-09-21 13:43:25.075313+05:30
3956,12,Late fee (103 days overdue),1000.00,0.00,36,10452,2026-09-21 13:43:25.163782+05:30,2026-09-21 13:43:25.163782+05:30
4056,12,Late fee (73 days overdue),1000.00,0.00,36,10453,2026-09-21 13:43:25.163782+05:30,2026-09-21 13:43:25.163782+05:30
4156,12,Late fee (42 days overdue),1000.00,0.00,36,10454,2026-09-21 13:43:25.163782+05:30,2026-09-21 13:43:25.163782+05:30
3957,12,Late fee (103 days overdue),1550.00,0.00,36,10455,2026-09-21 13:43:25.227457+05:30,2026-09-21 13:43:25.227457+05:30
4057,12,Late fee (73 days overdue),1550.00,0.00,36,10456,2026-09-21 13:43:25.227457+05:30,2026-09-21 13:43:25.227457+05:30
4157,12,Late fee (42 days overdue),1550.00,0.00,36,10457,2026-09-21 13:43:25.227457+05:30,2026-09-21 13:43:25.227457+05:30
3959,12,Late fee (103 days overdue),1000.00,0.00,36,10458,2026-09-21 13:43:25.314977+05:30,2026-09-21 13:43:25.314977+05:30
4059,12,Late fee (73 days overdue),1000.00,0.00,36,10459,2026-09-21 13:43:25.314977+05:30,2026-09-21 13:43:25.314977+05:30
4159,12,Late fee (42 days overdue),1000.00,0.00,36,10460,2026-09-21 13:43:25.314977+05:30,2026-09-21 13:43:25.314977+05:30
3960,12,Late fee (103 days overdue),1000.00,0.00,36,10461,2026-09-21 13:43:25.378609+05:30,2026-09-21 13:43:25.378609+05:30
4060,12,Late fee (73 days overdue),1000.00,0.00,36,10462,2026-09-21 13:43:25.378609+05:30,2026-09-21 13:43:25.378609+05:30
4160,12,Late fee (42 days overdue),1000.00,0.00,36,10463,2026-09-21 13:43:25.378609+05:30,2026-09-21 13:43:25.378609+05:30
3962,12,Late fee (103 days overdue),1000.00,0.00,36,10464,2026-09-21 13:43:25.462343+05:30,2026-09-21 13:43:25.462343+05:30
4062,12,Late fee (73 days overdue),1000.00,0.00,36,10465,2026-09-21 13:43:25.462343+05:30,2026-09-21 13:43:25.462343+05:30
4162,12,Late fee (42 days overdue),1000.00,0.00,36,10466,2026-09-21 13:43:25.462343+05:30,2026-09-21 13:43:25.462343+05:30
3963,12,Late fee (103 days overdue),1470.00,0.00,36,10467,2026-09-21 13:43:25.528641+05:30,2026-09-21 13:43:25.528641+05:30
4063,12,Late fee (73 days overdue),1470.00,0.00,36,10468,2026-09-21 13:43:25.528641+05:30,2026-09-21 13:43:25.528641+05:30
4163,12,Late fee (42 days overdue),1470.00,0.00,36,10469,2026-09-21 13:43:25.528641+05:30,2026-09-21 13:43:25.528641+05:30
3964,12,Late fee (103 days overdue),920.00,0.00,36,10470,2026-09-21 13:43:25.593695+05:30,2026-09-21 13:43:25.593695+05:30
4064,12,Late fee (73 days overdue),920.00,0.00,36,10471,2026-09-21 13:43:25.593695+05:30,2026-09-21 13:43:25.593695+05:30
4164,12,Late fee (42 days overdue),920.00,0.00,36,10472,2026-09-21 13:43:25.593695+05:30,2026-09-21 13:43:25.593695+05:30
3966,12,Late fee (103 days overdue),920.00,0.00,36,10473,2026-09-21 13:43:25.678624+05:30,2026-09-21 13:43:25.678624+05:30
4066,12,Late fee (73 days overdue),920.00,0.00,36,10474,2026-09-21 13:43:25.678624+05:30,2026-09-21 13:43:25.678624+05:30
4166,12,Late fee (42 days overdue),920.00,0.00,36,10475,2026-09-21 13:43:25.678624+05:30,2026-09-21 13:43:25.678624+05:30
3967,12,Late fee (103 days overdue),1470.00,0.00,36,10476,2026-09-21 13:43:25.746728+05:30,2026-09-21 13:43:25.746728+05:30
4067,12,Late fee (73 days overdue),1470.00,0.00,36,10477,2026-09-21 13:43:25.746728+05:30,2026-09-21 13:43:25.746728+05:30
4167,12,Late fee (42 days overdue),1470.00,0.00,36,10478,2026-09-21 13:43:25.746728+05:30,2026-09-21 13:43:25.746728+05:30
3969,12,Late fee (103 days overdue),920.00,0.00,36,10479,2026-09-21 13:43:25.831797+05:30,2026-09-21 13:43:25.831797+05:30
4069,12,Late fee (73 days overdue),920.00,0.00,36,10480,2026-09-21 13:43:25.831797+05:30,2026-09-21 13:43:25.831797+05:30
4169,12,Late fee (42 days overdue),920.00,0.00,36,10481,2026-09-21 13:43:25.831797+05:30,2026-09-21 13:43:25.831797+05:30
3970,12,Late fee (103 days overdue),920.00,0.00,36,10482,2026-09-21 13:43:25.899810+05:30,2026-09-21 13:43:25.899810+05:30
4070,12,Late fee (73 days overdue),920.00,0.00,36,10483,2026-09-21 13:43:25.899810+05:30,2026-09-21 13:43:25.899810+05:30
4170,12,Late fee (42 days overdue),920.00,0.00,36,10484,2026-09-21 13:43:25.899810+05:30,2026-09-21 13:43:25.899810+05:30
3972,12,Late fee (103 days overdue),920.00,0.00,36,10485,2026-09-21 13:43:25.976107+05:30,2026-09-21 13:43:25.976107+05:30
4072,12,Late fee (73 days overdue),920.00,0.00,36,10486,2026-09-21 13:43:25.976107+05:30,2026-09-21 13:43:25.976107+05:30
4172,12,Late fee (42 days overdue),920.00,0.00,36,10487,2026-09-21 13:43:25.976107+05:30,2026-09-21 13:43:25.976107+05:30
3973,12,Late fee (103 days overdue),1240.00,0.00,36,10488,2026-09-21 13:43:26.046289+05:30,2026-09-21 13:43:26.046289+05:30
4073,12,Late fee (73 days overdue),1240.00,0.00,36,10489,2026-09-21 13:43:26.046289+05:30,2026-09-21 13:43:26.046289+05:30
4173,12,Late fee (42 days overdue),1240.00,0.00,36,10490,2026-09-21 13:43:26.046289+05:30,2026-09-21 13:43:26.046289+05:30
3974,12,Late fee (103 days overdue),840.00,0.00,36,10491,2026-09-21 13:43:26.104015+05:30,2026-09-21 13:43:26.104015+05:30
4074,12,Late fee (73 days overdue),840.00,0.00,36,10492,2026-09-21 13:43:26.104015+05:30,2026-09-21 13:43:26.104015+05:30
4174,12,Late fee (42 days overdue),840.00,0.00,36,10493,2026-09-21 13:43:26.104015+05:30,2026-09-21 13:43:26.104015+05:30
3976,12,Late fee (103 days overdue),840.00,0.00,36,10494,2026-09-21 13:43:26.183075+05:30,2026-09-21 13:43:26.183075+05:30
4076,12,Late fee (73 days overdue),840.00,0.00,36,10495,2026-09-21 13:43:26.183075+05:30,2026-09-21 13:43:26.183075+05:30
4176,12,Late fee (42 days overdue),840.00,0.00,36,10496,2026-09-21 13:43:26.183075+05:30,2026-09-21 13:43:26.183075+05:30
3977,12,Late fee (103 days overdue),1240.00,0.00,36,10497,2026-09-21 13:43:26.239779+05:30,2026-09-21 13:43:26.239779+05:30
4077,12,Late fee (73 days overdue),1240.00,0.00,36,10498,2026-09-21 13:43:26.239779+05:30,2026-09-21 13:43:26.239779+05:30
4177,12,Late fee (42 days overdue),1240.00,0.00,36,10499,2026-09-21 13:43:26.239779+05:30,2026-09-21 13:43:26.239779+05:30
3979,12,Late fee (103 days overdue),840.00,0.00,36,10500,2026-09-21 13:43:26.316108+05:30,2026-09-21 13:43:26.316108+05:30
4079,12,Late fee (73 days overdue),840.00,0.00,36,10501,2026-09-21 13:43:26.316108+05:30,2026-09-21 13:43:26.316108+05:30
4179,12,Late fee (42 days overdue),840.00,0.00,36,10502,2026-09-21 13:43:26.316108+05:30,2026-09-21 13:43:26.316108+05:30
3980,12,Late fee (103 days overdue),840.00,0.00,36,10503,2026-09-21 13:43:26.372285+05:30,2026-09-21 13:43:26.372285+05:30
4080,12,Late fee (73 days overdue),840.00,0.00,36,10504,2026-09-21 13:43:26.372285+05:30,2026-09-21 13:43:26.372285+05:30
4180,12,Late fee (42 days overdue),840.00,0.00,36,10505,2026-09-21 13:43:26.372285+05:30,2026-09-21 13:43:26.372285+05:30
3982,12,Late fee (103 days overdue),840.00,0.00,36,10506,2026-09-21 13:43:26.487525+05:30,2026-09-21 13:43:26.487525+05:30
4082,12,Late fee (73 days overdue),840.00,0.00,36,10507,2026-09-21 13:43:26.487525+05:30,2026-09-21 13:43:26.487525+05:30
4182,12,Late fee (42 days overdue),840.00,0.00,36,10508,2026-09-21 13:43:26.487525+05:30,2026-09-21 13:43:26.487525+05:30
3983,12,Late fee (103 days overdue),1510.00,0.00,36,10509,2026-09-21 13:43:26.542626+05:30,2026-09-21 13:43:26.542626+05:30
4083,12,Late fee (73 days overdue),1510.00,0.00,36,10510,2026-09-21 13:43:26.542626+05:30,2026-09-21 13:43:26.542626+05:30
4183,12,Late fee (42 days overdue),1510.00,0.00,36,10511,2026-09-21 13:43:26.542626+05:30,2026-09-21 13:43:26.542626+05:30
3984,12,Late fee (103 days overdue),760.00,0.00,36,10512,2026-09-21 13:43:26.599720+05:30,2026-09-21 13:43:26.599720+05:30
4084,12,Late fee (73 days overdue),760.00,0.00,36,10513,2026-09-21 13:43:26.599720+05:30,2026-09-21 13:43:26.599720+05:30
4184,12,Late fee (42 days overdue),760.00,0.00,36,10514,2026-09-21 13:43:26.599720+05:30,2026-09-21 13:43:26.599720+05:30
3986,12,Late fee (103 days overdue),760.00,0.00,36,10515,2026-09-21 13:43:26.676388+05:30,2026-09-21 13:43:26.676388+05:30
4086,12,Late fee (73 days overdue),760.00,0.00,36,10516,2026-09-21 13:43:26.676388+05:30,2026-09-21 13:43:26.676388+05:30
4186,12,Late fee (42 days overdue),760.00,0.00,36,10517,2026-09-21 13:43:26.676388+05:30,2026-09-21 13:43:26.676388+05:30
3987,12,Late fee (103 days overdue),1310.00,0.00,36,10518,2026-09-21 13:43:26.741065+05:30,2026-09-21 13:43:26.741065+05:30
4087,12,Late fee (73 days overdue),1310.00,0.00,36,10519,2026-09-21 13:43:26.741065+05:30,2026-09-21 13:43:26.741065+05:30
4187,12,Late fee (42 days overdue),1310.00,0.00,36,10520,2026-09-21 13:43:26.741065+05:30,2026-09-21 13:43:26.741065+05:30
3989,12,Late fee (103 days overdue),760.00,0.00,36,10521,2026-09-21 13:43:26.826245+05:30,2026-09-21 13:43:26.826245+05:30
4089,12,Late fee (73 days overdue),760.00,0.00,36,10522,2026-09-21 13:43:26.826245+05:30,2026-09-21 13:43:26.826245+05:30
4189,12,Late fee (42 days overdue),760.00,0.00,36,10523,2026-09-21 13:43:26.826245+05:30,2026-09-21 13:43:26.826245+05:30
3990,12,Late fee (103 days overdue),760.00,0.00,36,10524,2026-09-21 13:43:26.882803+05:30,2026-09-21 13:43:26.882803+05:30
4090,12,Late fee (73 days overdue),760.00,0.00,36,10525,2026-09-21 13:43:26.882803+05:30,2026-09-21 13:43:26.882803+05:30
4190,12,Late fee (42 days overdue),760.00,0.00,36,10526,2026-09-21 13:43:26.882803+05:30,2026-09-21 13:43:26.882803+05:30
3992,12,Late fee (103 days overdue),760.00,0.00,36,10527,2026-09-21 13:43:26.959614+05:30,2026-09-21 13:43:26.959614+05:30
4092,12,Late fee (73 days overdue),760.00,0.00,36,10528,2026-09-21 13:43:26.959614+05:30,2026-09-21 13:43:26.959614+05:30
4192,12,Late fee (42 days overdue),760.00,0.00,36,10529,2026-09-21 13:43:26.959614+05:30,2026-09-21 13:43:26.959614+05:30
3993,12,Late fee (103 days overdue),1430.00,0.00,36,10530,2026-09-21 13:43:27.019018+05:30,2026-09-21 13:43:27.019018+05:30
4093,12,Late fee (73 days overdue),1430.00,0.00,36,10531,2026-09-21 13:43:27.019018+05:30,2026-09-21 13:43:27.019018+05:30
4193,12,Late fee (42 days overdue),1430.00,0.00,36,10532,2026-09-21 13:43:27.019018+05:30,2026-09-21 13:43:27.019018+05:30
3994,12,Late fee (103 days overdue),680.00,0.00,36,10533,2026-09-21 13:43:27.076587+05:30,2026-09-21 13:43:27.076587+05:30
4094,12,Late fee (73 days overdue),680.00,0.00,36,10534,2026-09-21 13:43:27.076587+05:30,2026-09-21 13:43:27.076587+05:30
4194,12,Late fee (42 days overdue),680.00,0.00,36,10535,2026-09-21 13:43:27.076587+05:30,2026-09-21 13:43:27.076587+05:30
3996,12,Late fee (103 days overdue),680.00,0.00,36,10536,2026-09-21 13:43:27.155153+05:30,2026-09-21 13:43:27.155153+05:30
4096,12,Late fee (73 days overdue),680.00,0.00,36,10537,2026-09-21 13:43:27.155153+05:30,2026-09-21 13:43:27.155153+05:30
4196,12,Late fee (42 days overdue),680.00,0.00,36,10538,2026-09-21 13:43:27.155153+05:30,2026-09-21 13:43:27.155153+05:30
3997,12,Late fee (103 days overdue),1080.00,0.00,36,10539,2026-09-21 13:43:27.211849+05:30,2026-09-21 13:43:27.211849+05:30
4097,12,Late fee (73 days overdue),1080.00,0.00,36,10540,2026-09-21 13:43:27.211849+05:30,2026-09-21 13:43:27.211849+05:30
4197,12,Late fee (42 days overdue),1080.00,0.00,36,10541,2026-09-21 13:43:27.211849+05:30,2026-09-21 13:43:27.211849+05:30
3999,12,Late fee (103 days overdue),680.00,0.00,36,10542,2026-09-21 13:43:27.291073+05:30,2026-09-21 13:43:27.291073+05:30
4099,12,Late fee (73 days overdue),680.00,0.00,36,10543,2026-09-21 13:43:27.291073+05:30,2026-09-21 13:43:27.291073+05:30
4199,12,Late fee (42 days overdue),680.00,0.00,36,10544,2026-09-21 13:43:27.291073+05:30,2026-09-21 13:43:27.291073+05:30
4000,12,Late fee (103 days overdue),680.00,0.00,36,10545,2026-09-21 13:43:27.347740+05:30,2026-09-21 13:43:27.347740+05:30
4100,12,Late fee (73 days overdue),680.00,0.00,36,10546,2026-09-21 13:43:27.347740+05:30,2026-09-21 13:43:27.347740+05:30
4200,12,Late fee (42 days overdue),680.00,0.00,36,10547,2026-09-21 13:43:27.347740+05:30,2026-09-21 13:43:27.347740+05:30
4002,12,Late fee (103 days overdue),680.00,0.00,36,10548,2026-09-21 13:43:27.428546+05:30,2026-09-21 13:43:27.428546+05:30
4102,12,Late fee (73 days overdue),680.00,0.00,36,10549,2026-09-21 13:43:27.428546+05:30,2026-09-21 13:43:27.428546+05:30
4202,12,Late fee (42 days overdue),680.00,0.00,36,10550,2026-09-21 13:43:27.428546+05:30,2026-09-21 13:43:27.428546+05:30
