exam_schedule_id,enrolment_id,marks_obtained,is_absent,is_exempted,remarks,entered_by,school_id,id,created_at,updated_at
248,298,4.10,False,False,,408,36,2414,2026-09-21 13:42:20.897635+05:30,2026-09-21 13:42:20.897635+05:30
248,299,5.30,False,False,,408,36,2415,2026-09-21 13:42:20.897635+05:30,2026-09-21 13:42:20.897635+05:30
248,300,5.70,False,False,,408,36,2416,2026-09-21 13:42:20.897635+05:30,2026-09-21 13:42:20.897635+05:30
248,301,7.30,False,False,,408,36,2417,2026-09-21 13:42:20.897635+05:30,2026-09-21 13:42:20.897635+05:30
248,302,7.10,False,False,,408,36,2418,2026-09-21 13:42:20.897635+05:30,2026-09-21 13:42:20.897635+05:30
248,303,7.20,False,False,,408,36,2419,2026-09-21 13:42:20.897635+05:30,2026-09-21 13:42:20.897635+05:30
248,304,8.30,False,False,,408,36,2420,2026-09-21 13:42:20.897635+05:30,2026-09-21 13:42:20.897635+05:30
248,305,3.30,False,False,,408,36,2421,2026-09-21 13:42:20.897635+05:30,2026-09-21 13:42:20.897635+05:30
248,306,4.10,False,False,,408,36,2422,2026-09-21 13:42:20.897635+05:30,2026-09-21 13:42:20.897635+05:30
248,307,5.60,False,False,,408,36,2423,2026-09-21 13:42:20.897635+05:30,2026-09-21 13:42:20.897635+05:30
249,298,4.30,False,False,,409,36,2424,2026-09-21 13:42:20.897635+05:30,2026-09-21 13:42:20.897635+05:30
249,299,4.40,False,False,,409,36,2425,2026-09-21 13:42:20.897635+05:30,2026-09-21 13:42:20.897635+05:30
249,300,5.80,False,False,,409,36,2426,2026-09-21 13:42:20.897635+05:30,2026-09-21 13:42:20.897635+05:30
249,301,6.70,False,False,,409,36,2427,2026-09-21 13:42:20.897635+05:30,2026-09-21 13:42:20.897635+05:30
249,302,7.50,False,False,,409,36,2428,2026-09-21 13:42:20.897635+05:30,2026-09-21 13:42:20.897635+05:30
249,303,8.00,False,False,,409,36,2429,2026-09-21 13:42:20.897635+05:30,2026-09-21 13:42:20.897635+05:30
249,304,8.60,False,False,,409,36,2430,2026-09-21 13:42:20.897635+05:30,2026-09-21 13:42:20.897635+05:30
249,305,4.00,False,False,,409,36,2431,2026-09-21 13:42:20.897635+05:30,2026-09-21 13:42:20.897635+05:30
249,306,5.20,False,False,,409,36,2432,2026-09-21 13:42:20.897635+05:30,2026-09-21 13:42:20.897635+05:30
249,307,4.40,False,False,,409,36,2433,2026-09-21 13:42:20.897635+05:30,2026-09-21 13:42:20.897635+05:30
250,298,4.10,False,False,,407,36,2434,2026-09-21 13:42:20.897635+05:30,2026-09-21 13:42:20.897635+05:30
250,299,4.60,False,False,,407,36,2435,2026-09-21 13:42:20.897635+05:30,2026-09-21 13:42:20.897635+05:30
250,300,5.80,False,False,,407,36,2436,2026-09-21 13:42:20.897635+05:30,2026-09-21 13:42:20.897635+05:30
250,301,5.90,False,False,,407,36,2437,2026-09-21 13:42:20.897635+05:30,2026-09-21 13:42:20.897635+05:30
250,302,7.20,False,False,,407,36,2438,2026-09-21 13:42:20.897635+05:30,2026-09-21 13:42:20.897635+05:30
250,303,8.30,False,False,,407,36,2439,2026-09-21 13:42:20.897635+05:30,2026-09-21 13:42:20.897635+05:30
250,304,9.30,False,False,,407,36,2440,2026-09-21 13:42:20.897635+05:30,2026-09-21 13:42:20.897635+05:30
250,305,3.10,False,False,,407,36,2441,2026-09-21 13:42:20.897635+05:30,2026-09-21 13:42:20.897635+05:30
250,306,5.00,False,False,,407,36,2442,2026-09-21 13:42:20.897635+05:30,2026-09-21 13:42:20.897635+05:30
250,307,4.80,False,False,,407,36,2443,2026-09-21 13:42:20.897635+05:30,2026-09-21 13:42:20.897635+05:30
251,298,4.50,False,False,,413,36,2444,2026-09-21 13:42:20.897635+05:30,2026-09-21 13:42:20.897635+05:30
251,299,5.10,False,False,,413,36,2445,2026-09-21 13:42:20.897635+05:30,2026-09-21 13:42:20.897635+05:30
251,300,5.20,False,False,,413,36,2446,2026-09-21 13:42:20.897635+05:30,2026-09-21 13:42:20.897635+05:30
251,301,7.20,False,False,,413,36,2447,2026-09-21 13:42:20.897635+05:30,2026-09-21 13:42:20.897635+05:30
251,302,6.90,False,False,,413,36,2448,2026-09-21 13:42:20.897635+05:30,2026-09-21 13:42:20.897635+05:30
251,303,8.50,False,False,,413,36,2449,2026-09-21 13:42:20.897635+05:30,2026-09-21 13:42:20.897635+05:30
251,304,9.40,False,False,,413,36,2450,2026-09-21 13:42:20.897635+05:30,2026-09-21 13:42:20.897635+05:30
251,305,4.10,False,False,,413,36,2451,2026-09-21 13:42:20.897635+05:30,2026-09-21 13:42:20.897635+05:30
251,306,5.20,False,False,,413,36,2452,2026-09-21 13:42:20.897635+05:30,2026-09-21 13:42:20.897635+05:30
251,307,5.30,False,False,,413,36,2453,2026-09-21 13:42:20.897635+05:30,2026-09-21 13:42:20.897635+05:30
252,298,4.10,False,False,,411,36,2454,2026-09-21 13:42:20.897635+05:30,2026-09-21 13:42:20.897635+05:30
252,299,4.20,False,False,,411,36,2455,2026-09-21 13:42:20.897635+05:30,2026-09-21 13:42:20.897635+05:30
252,300,5.20,False,False,,411,36,2456,2026-09-21 13:42:20.897635+05:30,2026-09-21 13:42:20.897635+05:30
252,301,7.10,False,False,,411,36,2457,2026-09-21 13:42:20.897635+05:30,2026-09-21 13:42:20.897635+05:30
252,302,7.30,False,False,,411,36,2458,2026-09-21 13:42:20.897635+05:30,2026-09-21 13:42:20.897635+05:30
252,303,8.70,False,False,,411,36,2459,2026-09-21 13:42:20.897635+05:30,2026-09-21 13:42:20.897635+05:30
252,304,8.40,False,False,,411,36,2460,2026-09-21 13:42:20.897635+05:30,2026-09-21 13:42:20.897635+05:30
252,305,3.40,False,False,,411,36,2461,2026-09-21 13:42:20.897635+05:30,2026-09-21 13:42:20.897635+05:30
252,306,4.20,False,False,,411,36,2462,2026-09-21 13:42:20.897635+05:30,2026-09-21 13:42:20.897635+05:30
252,307,4.90,False,False,,411,36,2463,2026-09-21 13:42:20.897635+05:30,2026-09-21 13:42:20.897635+05:30
253,298,4.80,False,False,,416,36,2464,2026-09-21 13:42:20.897635+05:30,2026-09-21 13:42:20.897635+05:30
253,299,5.10,False,False,,416,36,2465,2026-09-21 13:42:20.897635+05:30,2026-09-21 13:42:20.897635+05:30
253,300,5.70,False,False,,416,36,2466,2026-09-21 13:42:20.897635+05:30,2026-09-21 13:42:20.897635+05:30
253,301,7.40,False,False,,416,36,2467,2026-09-21 13:42:20.897635+05:30,2026-09-21 13:42:20.897635+05:30
253,302,8.00,False,False,,416,36,2468,2026-09-21 13:42:20.897635+05:30,2026-09-21 13:42:20.897635+05:30
253,303,8.10,False,False,,416,36,2469,2026-09-21 13:42:20.897635+05:30,2026-09-21 13:42:20.897635+05:30
253,304,8.50,False,False,,416,36,2470,2026-09-21 13:42:20.897635+05:30,2026-09-21 13:42:20.897635+05:30
253,305,3.80,False,False,,416,36,2471,2026-09-21 13:42:20.897635+05:30,2026-09-21 13:42:20.897635+05:30
253,306,3.60,False,False,,416,36,2472,2026-09-21 13:42:20.897635+05:30,2026-09-21 13:42:20.897635+05:30
253,307,5.10,False,False,,416,36,2473,2026-09-21 13:42:20.897635+05:30,2026-09-21 13:42:20.897635+05:30
254,308,3.50,False,False,,408,36,2474,2026-09-21 13:42:20.897635+05:30,2026-09-21 13:42:20.897635+05:30
254,309,5.30,False,False,,408,36,2475,2026-09-21 13:42:20.897635+05:30,2026-09-21 13:42:20.897635+05:30
254,310,6.20,False,False,,408,36,2476,2026-09-21 13:42:20.897635+05:30,2026-09-21 13:42:20.897635+05:30
254,311,6.40,False,False,,408,36,2477,2026-09-21 13:42:20.897635+05:30,2026-09-21 13:42:20.897635+05:30
254,312,7.40,False,False,,408,36,2478,2026-09-21 13:42:20.897635+05:30,2026-09-21 13:42:20.897635+05:30
254,313,8.10,False,False,,408,36,2479,2026-09-21 13:42:20.897635+05:30,2026-09-21 13:42:20.897635+05:30
254,314,9.80,False,False,,408,36,2480,2026-09-21 13:42:20.897635+05:30,2026-09-21 13:42:20.897635+05:30
254,315,2.90,False,False,,408,36,2481,2026-09-21 13:42:20.897635+05:30,2026-09-21 13:42:20.897635+05:30
254,316,4.90,False,False,,408,36,2482,2026-09-21 13:42:20.897635+05:30,2026-09-21 13:42:20.897635+05:30
254,317,5.20,False,False,,408,36,2483,2026-09-21 13:42:20.897635+05:30,2026-09-21 13:42:20.897635+05:30
255,308,3.40,False,False,,409,36,2484,2026-09-21 13:42:20.897635+05:30,2026-09-21 13:42:20.897635+05:30
255,309,4.70,False,False,,409,36,2485,2026-09-21 13:42:20.897635+05:30,2026-09-21 13:42:20.897635+05:30
255,310,6.30,False,False,,409,36,2486,2026-09-21 13:42:20.897635+05:30,2026-09-21 13:42:20.897635+05:30
255,311,5.90,False,False,,409,36,2487,2026-09-21 13:42:20.897635+05:30,2026-09-21 13:42:20.897635+05:30
255,312,7.20,False,False,,409,36,2488,2026-09-21 13:42:20.897635+05:30,2026-09-21 13:42:20.897635+05:30
482,395,32.00,False,False,,417,36,4761,2026-09-21 13:42:20.897635+05:30,2026-09-21 13:42:20.897635+05:30
255,313,8.60,False,False,,409,36,2489,2026-09-21 13:42:20.897635+05:30,2026-09-21 13:42:20.897635+05:30
255,314,8.60,False,False,,409,36,2490,2026-09-21 13:42:20.897635+05:30,2026-09-21 13:42:20.897635+05:30
255,315,2.80,False,False,,409,36,2491,2026-09-21 13:42:20.897635+05:30,2026-09-21 13:42:20.897635+05:30
255,316,3.90,False,False,,409,36,2492,2026-09-21 13:42:20.897635+05:30,2026-09-21 13:42:20.897635+05:30
255,317,6.00,False,False,,409,36,2493,2026-09-21 13:42:20.897635+05:30,2026-09-21 13:42:20.897635+05:30
256,308,3.30,False,False,,407,36,2494,2026-09-21 13:42:20.897635+05:30,2026-09-21 13:42:20.897635+05:30
256,309,4.40,False,False,,407,36,2495,2026-09-21 13:42:20.897635+05:30,2026-09-21 13:42:20.897635+05:30
256,310,5.10,False,False,,407,36,2496,2026-09-21 13:42:20.897635+05:30,2026-09-21 13:42:20.897635+05:30
256,311,6.30,False,False,,407,36,2497,2026-09-21 13:42:20.897635+05:30,2026-09-21 13:42:20.897635+05:30
256,312,8.00,False,False,,407,36,2498,2026-09-21 13:42:20.897635+05:30,2026-09-21 13:42:20.897635+05:30
256,313,7.30,False,False,,407,36,2499,2026-09-21 13:42:20.897635+05:30,2026-09-21 13:42:20.897635+05:30
256,314,9.80,False,False,,407,36,2500,2026-09-21 13:42:20.897635+05:30,2026-09-21 13:42:20.897635+05:30
256,315,3.50,False,False,,407,36,2501,2026-09-21 13:42:20.897635+05:30,2026-09-21 13:42:20.897635+05:30
256,316,3.90,False,False,,407,36,2502,2026-09-21 13:42:20.897635+05:30,2026-09-21 13:42:20.897635+05:30
256,317,4.90,False,False,,407,36,2503,2026-09-21 13:42:20.897635+05:30,2026-09-21 13:42:20.897635+05:30
257,308,3.60,False,False,,413,36,2504,2026-09-21 13:42:20.897635+05:30,2026-09-21 13:42:20.897635+05:30
257,309,4.00,False,False,,413,36,2505,2026-09-21 13:42:20.897635+05:30,2026-09-21 13:42:20.897635+05:30
257,310,5.70,False,False,,413,36,2506,2026-09-21 13:42:20.897635+05:30,2026-09-21 13:42:20.897635+05:30
257,311,6.40,False,False,,413,36,2507,2026-09-21 13:42:20.897635+05:30,2026-09-21 13:42:20.897635+05:30
257,312,7.00,False,False,,413,36,2508,2026-09-21 13:42:20.897635+05:30,2026-09-21 13:42:20.897635+05:30
257,313,8.90,False,False,,413,36,2509,2026-09-21 13:42:20.897635+05:30,2026-09-21 13:42:20.897635+05:30
257,314,9.70,False,False,,413,36,2510,2026-09-21 13:42:20.897635+05:30,2026-09-21 13:42:20.897635+05:30
257,315,4.60,False,False,,413,36,2511,2026-09-21 13:42:20.897635+05:30,2026-09-21 13:42:20.897635+05:30
257,316,4.80,False,False,,413,36,2512,2026-09-21 13:42:20.897635+05:30,2026-09-21 13:42:20.897635+05:30
257,317,6.00,False,False,,413,36,2513,2026-09-21 13:42:20.897635+05:30,2026-09-21 13:42:20.897635+05:30
258,308,4.30,False,False,,411,36,2514,2026-09-21 13:42:20.897635+05:30,2026-09-21 13:42:20.897635+05:30
258,309,5.20,False,False,,411,36,2515,2026-09-21 13:42:20.897635+05:30,2026-09-21 13:42:20.897635+05:30
258,310,6.60,False,False,,411,36,2516,2026-09-21 13:42:20.897635+05:30,2026-09-21 13:42:20.897635+05:30
258,311,6.40,False,False,,411,36,2517,2026-09-21 13:42:20.897635+05:30,2026-09-21 13:42:20.897635+05:30
258,312,7.80,False,False,,411,36,2518,2026-09-21 13:42:20.897635+05:30,2026-09-21 13:42:20.897635+05:30
258,313,7.80,False,False,,411,36,2519,2026-09-21 13:42:20.897635+05:30,2026-09-21 13:42:20.897635+05:30
258,314,8.30,False,False,,411,36,2520,2026-09-21 13:42:20.897635+05:30,2026-09-21 13:42:20.897635+05:30
258,315,3.70,False,False,,411,36,2521,2026-09-21 13:42:20.897635+05:30,2026-09-21 13:42:20.897635+05:30
258,316,5.10,False,False,,411,36,2522,2026-09-21 13:42:20.897635+05:30,2026-09-21 13:42:20.897635+05:30
258,317,5.20,False,False,,411,36,2523,2026-09-21 13:42:20.897635+05:30,2026-09-21 13:42:20.897635+05:30
259,308,4.20,False,False,,416,36,2524,2026-09-21 13:42:20.897635+05:30,2026-09-21 13:42:20.897635+05:30
259,309,4.10,False,False,,416,36,2525,2026-09-21 13:42:20.897635+05:30,2026-09-21 13:42:20.897635+05:30
259,310,4.90,False,False,,416,36,2526,2026-09-21 13:42:20.897635+05:30,2026-09-21 13:42:20.897635+05:30
259,311,7.40,False,False,,416,36,2527,2026-09-21 13:42:20.897635+05:30,2026-09-21 13:42:20.897635+05:30
259,312,8.10,False,False,,416,36,2528,2026-09-21 13:42:20.897635+05:30,2026-09-21 13:42:20.897635+05:30
259,313,8.70,False,False,,416,36,2529,2026-09-21 13:42:20.897635+05:30,2026-09-21 13:42:20.897635+05:30
259,314,8.50,False,False,,416,36,2530,2026-09-21 13:42:20.897635+05:30,2026-09-21 13:42:20.897635+05:30
259,315,3.30,False,False,,416,36,2531,2026-09-21 13:42:20.897635+05:30,2026-09-21 13:42:20.897635+05:30
259,316,5.40,False,False,,416,36,2532,2026-09-21 13:42:20.897635+05:30,2026-09-21 13:42:20.897635+05:30
259,317,6.00,False,False,,416,36,2533,2026-09-21 13:42:20.897635+05:30,2026-09-21 13:42:20.897635+05:30
260,318,4.40,False,False,,408,36,2534,2026-09-21 13:42:20.897635+05:30,2026-09-21 13:42:20.897635+05:30
260,319,4.10,False,False,,408,36,2535,2026-09-21 13:42:20.897635+05:30,2026-09-21 13:42:20.897635+05:30
260,320,6.60,False,False,,408,36,2536,2026-09-21 13:42:20.897635+05:30,2026-09-21 13:42:20.897635+05:30
260,321,5.80,False,False,,408,36,2537,2026-09-21 13:42:20.897635+05:30,2026-09-21 13:42:20.897635+05:30
260,322,6.80,False,False,,408,36,2538,2026-09-21 13:42:20.897635+05:30,2026-09-21 13:42:20.897635+05:30
260,323,7.80,False,False,,408,36,2539,2026-09-21 13:42:20.897635+05:30,2026-09-21 13:42:20.897635+05:30
260,324,8.80,False,False,,408,36,2540,2026-09-21 13:42:20.897635+05:30,2026-09-21 13:42:20.897635+05:30
260,325,3.90,False,False,,408,36,2541,2026-09-21 13:42:20.897635+05:30,2026-09-21 13:42:20.897635+05:30
260,326,4.30,False,False,,408,36,2542,2026-09-21 13:42:20.897635+05:30,2026-09-21 13:42:20.897635+05:30
260,327,4.70,False,False,,408,36,2543,2026-09-21 13:42:20.897635+05:30,2026-09-21 13:42:20.897635+05:30
261,318,4.30,False,False,,409,36,2544,2026-09-21 13:42:20.897635+05:30,2026-09-21 13:42:20.897635+05:30
261,319,4.50,False,False,,409,36,2545,2026-09-21 13:42:20.897635+05:30,2026-09-21 13:42:20.897635+05:30
261,320,6.10,False,False,,409,36,2546,2026-09-21 13:42:20.897635+05:30,2026-09-21 13:42:20.897635+05:30
261,321,6.00,False,False,,409,36,2547,2026-09-21 13:42:20.897635+05:30,2026-09-21 13:42:20.897635+05:30
261,322,7.10,False,False,,409,36,2548,2026-09-21 13:42:20.897635+05:30,2026-09-21 13:42:20.897635+05:30
261,323,8.90,False,False,,409,36,2549,2026-09-21 13:42:20.897635+05:30,2026-09-21 13:42:20.897635+05:30
261,324,9.00,False,False,,409,36,2550,2026-09-21 13:42:20.897635+05:30,2026-09-21 13:42:20.897635+05:30
261,325,4.40,False,False,,409,36,2551,2026-09-21 13:42:20.897635+05:30,2026-09-21 13:42:20.897635+05:30
261,326,4.70,False,False,,409,36,2552,2026-09-21 13:42:20.897635+05:30,2026-09-21 13:42:20.897635+05:30
261,327,5.00,False,False,,409,36,2553,2026-09-21 13:42:20.897635+05:30,2026-09-21 13:42:20.897635+05:30
262,318,3.50,False,False,,407,36,2554,2026-09-21 13:42:20.897635+05:30,2026-09-21 13:42:20.897635+05:30
262,319,4.70,False,False,,407,36,2555,2026-09-21 13:42:20.897635+05:30,2026-09-21 13:42:20.897635+05:30
262,320,6.30,False,False,,407,36,2556,2026-09-21 13:42:20.897635+05:30,2026-09-21 13:42:20.897635+05:30
262,321,6.40,False,False,,407,36,2557,2026-09-21 13:42:20.897635+05:30,2026-09-21 13:42:20.897635+05:30
262,322,7.40,False,False,,407,36,2558,2026-09-21 13:42:20.897635+05:30,2026-09-21 13:42:20.897635+05:30
262,323,8.60,False,False,,407,36,2559,2026-09-21 13:42:20.897635+05:30,2026-09-21 13:42:20.897635+05:30
262,324,8.50,False,False,,407,36,2560,2026-09-21 13:42:20.897635+05:30,2026-09-21 13:42:20.897635+05:30
262,325,4.60,False,False,,407,36,2561,2026-09-21 13:42:20.897635+05:30,2026-09-21 13:42:20.897635+05:30
262,326,3.80,False,False,,407,36,2562,2026-09-21 13:42:20.897635+05:30,2026-09-21 13:42:20.897635+05:30
262,327,5.60,False,False,,407,36,2563,2026-09-21 13:42:20.897635+05:30,2026-09-21 13:42:20.897635+05:30
263,318,3.80,False,False,,413,36,2564,2026-09-21 13:42:20.897635+05:30,2026-09-21 13:42:20.897635+05:30
263,319,4.40,False,False,,413,36,2565,2026-09-21 13:42:20.897635+05:30,2026-09-21 13:42:20.897635+05:30
263,320,5.80,False,False,,413,36,2566,2026-09-21 13:42:20.897635+05:30,2026-09-21 13:42:20.897635+05:30
263,321,6.40,False,False,,413,36,2567,2026-09-21 13:42:20.897635+05:30,2026-09-21 13:42:20.897635+05:30
263,322,6.80,False,False,,413,36,2568,2026-09-21 13:42:20.897635+05:30,2026-09-21 13:42:20.897635+05:30
263,323,8.00,False,False,,413,36,2569,2026-09-21 13:42:20.897635+05:30,2026-09-21 13:42:20.897635+05:30
263,324,9.20,False,False,,413,36,2570,2026-09-21 13:42:20.897635+05:30,2026-09-21 13:42:20.897635+05:30
263,325,3.00,False,False,,413,36,2571,2026-09-21 13:42:20.897635+05:30,2026-09-21 13:42:20.897635+05:30
263,326,4.60,False,False,,413,36,2572,2026-09-21 13:42:20.897635+05:30,2026-09-21 13:42:20.897635+05:30
263,327,5.20,False,False,,413,36,2573,2026-09-21 13:42:20.897635+05:30,2026-09-21 13:42:20.897635+05:30
264,318,4.60,False,False,,411,36,2574,2026-09-21 13:42:20.897635+05:30,2026-09-21 13:42:20.897635+05:30
264,319,5.80,False,False,,411,36,2575,2026-09-21 13:42:20.897635+05:30,2026-09-21 13:42:20.897635+05:30
264,320,5.80,False,False,,411,36,2576,2026-09-21 13:42:20.897635+05:30,2026-09-21 13:42:20.897635+05:30
264,321,6.20,False,False,,411,36,2577,2026-09-21 13:42:20.897635+05:30,2026-09-21 13:42:20.897635+05:30
264,322,7.60,False,False,,411,36,2578,2026-09-21 13:42:20.897635+05:30,2026-09-21 13:42:20.897635+05:30
264,323,7.60,False,False,,411,36,2579,2026-09-21 13:42:20.897635+05:30,2026-09-21 13:42:20.897635+05:30
264,324,8.70,False,False,,411,36,2580,2026-09-21 13:42:20.897635+05:30,2026-09-21 13:42:20.897635+05:30
264,325,3.50,False,False,,411,36,2581,2026-09-21 13:42:20.897635+05:30,2026-09-21 13:42:20.897635+05:30
264,326,5.30,False,False,,411,36,2582,2026-09-21 13:42:20.897635+05:30,2026-09-21 13:42:20.897635+05:30
264,327,5.90,False,False,,411,36,2583,2026-09-21 13:42:20.897635+05:30,2026-09-21 13:42:20.897635+05:30
265,318,4.10,False,False,,416,36,2584,2026-09-21 13:42:20.897635+05:30,2026-09-21 13:42:20.897635+05:30
265,319,4.90,False,False,,416,36,2585,2026-09-21 13:42:20.897635+05:30,2026-09-21 13:42:20.897635+05:30
265,320,6.20,False,False,,416,36,2586,2026-09-21 13:42:20.897635+05:30,2026-09-21 13:42:20.897635+05:30
265,321,6.10,False,False,,416,36,2587,2026-09-21 13:42:20.897635+05:30,2026-09-21 13:42:20.897635+05:30
265,322,6.40,False,False,,416,36,2588,2026-09-21 13:42:20.897635+05:30,2026-09-21 13:42:20.897635+05:30
265,323,8.60,False,False,,416,36,2589,2026-09-21 13:42:20.897635+05:30,2026-09-21 13:42:20.897635+05:30
265,324,8.60,False,False,,416,36,2590,2026-09-21 13:42:20.897635+05:30,2026-09-21 13:42:20.897635+05:30
265,325,3.50,False,False,,416,36,2591,2026-09-21 13:42:20.897635+05:30,2026-09-21 13:42:20.897635+05:30
265,326,4.30,False,False,,416,36,2592,2026-09-21 13:42:20.897635+05:30,2026-09-21 13:42:20.897635+05:30
265,327,5.90,False,False,,416,36,2593,2026-09-21 13:42:20.897635+05:30,2026-09-21 13:42:20.897635+05:30
266,328,3.50,False,False,,408,36,2594,2026-09-21 13:42:20.897635+05:30,2026-09-21 13:42:20.897635+05:30
266,329,5.20,False,False,,408,36,2595,2026-09-21 13:42:20.897635+05:30,2026-09-21 13:42:20.897635+05:30
266,330,5.40,False,False,,408,36,2596,2026-09-21 13:42:20.897635+05:30,2026-09-21 13:42:20.897635+05:30
266,331,7.30,False,False,,408,36,2597,2026-09-21 13:42:20.897635+05:30,2026-09-21 13:42:20.897635+05:30
266,332,7.00,False,False,,408,36,2598,2026-09-21 13:42:20.897635+05:30,2026-09-21 13:42:20.897635+05:30
266,333,7.30,False,False,,408,36,2599,2026-09-21 13:42:20.897635+05:30,2026-09-21 13:42:20.897635+05:30
266,334,8.60,False,False,,408,36,2600,2026-09-21 13:42:20.897635+05:30,2026-09-21 13:42:20.897635+05:30
266,335,2.90,False,False,,408,36,2601,2026-09-21 13:42:20.897635+05:30,2026-09-21 13:42:20.897635+05:30
266,336,4.60,False,False,,408,36,2602,2026-09-21 13:42:20.897635+05:30,2026-09-21 13:42:20.897635+05:30
266,337,4.70,False,False,,408,36,2603,2026-09-21 13:42:20.897635+05:30,2026-09-21 13:42:20.897635+05:30
267,328,3.40,False,False,,409,36,2604,2026-09-21 13:42:20.897635+05:30,2026-09-21 13:42:20.897635+05:30
267,329,4.60,False,False,,409,36,2605,2026-09-21 13:42:20.897635+05:30,2026-09-21 13:42:20.897635+05:30
267,330,5.70,False,False,,409,36,2606,2026-09-21 13:42:20.897635+05:30,2026-09-21 13:42:20.897635+05:30
267,331,6.60,False,False,,409,36,2607,2026-09-21 13:42:20.897635+05:30,2026-09-21 13:42:20.897635+05:30
267,332,6.60,False,False,,409,36,2608,2026-09-21 13:42:20.897635+05:30,2026-09-21 13:42:20.897635+05:30
267,333,8.40,False,False,,409,36,2609,2026-09-21 13:42:20.897635+05:30,2026-09-21 13:42:20.897635+05:30
267,334,9.70,False,False,,409,36,2610,2026-09-21 13:42:20.897635+05:30,2026-09-21 13:42:20.897635+05:30
267,335,4.10,False,False,,409,36,2611,2026-09-21 13:42:20.897635+05:30,2026-09-21 13:42:20.897635+05:30
267,336,4.80,False,False,,409,36,2612,2026-09-21 13:42:20.897635+05:30,2026-09-21 13:42:20.897635+05:30
267,337,5.80,False,False,,409,36,2613,2026-09-21 13:42:20.897635+05:30,2026-09-21 13:42:20.897635+05:30
268,328,3.60,False,False,,407,36,2614,2026-09-21 13:42:20.897635+05:30,2026-09-21 13:42:20.897635+05:30
268,329,4.70,False,False,,407,36,2615,2026-09-21 13:42:20.897635+05:30,2026-09-21 13:42:20.897635+05:30
268,330,5.10,False,False,,407,36,2616,2026-09-21 13:42:20.897635+05:30,2026-09-21 13:42:20.897635+05:30
268,331,6.80,False,False,,407,36,2617,2026-09-21 13:42:20.897635+05:30,2026-09-21 13:42:20.897635+05:30
268,332,7.60,False,False,,407,36,2618,2026-09-21 13:42:20.897635+05:30,2026-09-21 13:42:20.897635+05:30
268,333,7.70,False,False,,407,36,2619,2026-09-21 13:42:20.897635+05:30,2026-09-21 13:42:20.897635+05:30
268,334,9.60,False,False,,407,36,2620,2026-09-21 13:42:20.897635+05:30,2026-09-21 13:42:20.897635+05:30
268,335,4.30,False,False,,407,36,2621,2026-09-21 13:42:20.897635+05:30,2026-09-21 13:42:20.897635+05:30
268,336,4.10,False,False,,407,36,2622,2026-09-21 13:42:20.897635+05:30,2026-09-21 13:42:20.897635+05:30
268,337,5.80,False,False,,407,36,2623,2026-09-21 13:42:20.897635+05:30,2026-09-21 13:42:20.897635+05:30
269,328,4.20,False,False,,413,36,2624,2026-09-21 13:42:20.897635+05:30,2026-09-21 13:42:20.897635+05:30
269,329,4.50,False,False,,413,36,2625,2026-09-21 13:42:20.897635+05:30,2026-09-21 13:42:20.897635+05:30
269,330,6.40,False,False,,413,36,2626,2026-09-21 13:42:20.897635+05:30,2026-09-21 13:42:20.897635+05:30
269,331,6.40,False,False,,413,36,2627,2026-09-21 13:42:20.897635+05:30,2026-09-21 13:42:20.897635+05:30
269,332,7.20,False,False,,413,36,2628,2026-09-21 13:42:20.897635+05:30,2026-09-21 13:42:20.897635+05:30
269,333,8.80,False,False,,413,36,2629,2026-09-21 13:42:20.897635+05:30,2026-09-21 13:42:20.897635+05:30
269,334,9.50,False,False,,413,36,2630,2026-09-21 13:42:20.897635+05:30,2026-09-21 13:42:20.897635+05:30
269,335,3.40,False,False,,413,36,2631,2026-09-21 13:42:20.897635+05:30,2026-09-21 13:42:20.897635+05:30
269,336,5.00,False,False,,413,36,2632,2026-09-21 13:42:20.897635+05:30,2026-09-21 13:42:20.897635+05:30
269,337,4.70,False,False,,413,36,2633,2026-09-21 13:42:20.897635+05:30,2026-09-21 13:42:20.897635+05:30
270,328,4.40,False,False,,411,36,2634,2026-09-21 13:42:20.897635+05:30,2026-09-21 13:42:20.897635+05:30
270,329,4.50,False,False,,411,36,2635,2026-09-21 13:42:20.897635+05:30,2026-09-21 13:42:20.897635+05:30
270,330,5.40,False,False,,411,36,2636,2026-09-21 13:42:20.897635+05:30,2026-09-21 13:42:20.897635+05:30
270,331,5.90,False,False,,411,36,2637,2026-09-21 13:42:20.897635+05:30,2026-09-21 13:42:20.897635+05:30
270,332,6.80,False,False,,411,36,2638,2026-09-21 13:42:20.897635+05:30,2026-09-21 13:42:20.897635+05:30
270,333,7.70,False,False,,411,36,2639,2026-09-21 13:42:20.897635+05:30,2026-09-21 13:42:20.897635+05:30
270,334,8.10,False,False,,411,36,2640,2026-09-21 13:42:20.897635+05:30,2026-09-21 13:42:20.897635+05:30
270,335,3.10,False,False,,411,36,2641,2026-09-21 13:42:20.897635+05:30,2026-09-21 13:42:20.897635+05:30
270,336,4.40,False,False,,411,36,2642,2026-09-21 13:42:20.897635+05:30,2026-09-21 13:42:20.897635+05:30
270,337,6.10,False,False,,411,36,2643,2026-09-21 13:42:20.897635+05:30,2026-09-21 13:42:20.897635+05:30
271,328,3.40,False,False,,416,36,2644,2026-09-21 13:42:20.897635+05:30,2026-09-21 13:42:20.897635+05:30
271,329,5.70,False,False,,416,36,2645,2026-09-21 13:42:20.897635+05:30,2026-09-21 13:42:20.897635+05:30
271,330,6.50,False,False,,416,36,2646,2026-09-21 13:42:20.897635+05:30,2026-09-21 13:42:20.897635+05:30
271,331,7.10,False,False,,416,36,2647,2026-09-21 13:42:20.897635+05:30,2026-09-21 13:42:20.897635+05:30
271,332,6.50,False,False,,416,36,2648,2026-09-21 13:42:20.897635+05:30,2026-09-21 13:42:20.897635+05:30
271,333,7.90,False,False,,416,36,2649,2026-09-21 13:42:20.897635+05:30,2026-09-21 13:42:20.897635+05:30
271,334,8.20,False,False,,416,36,2650,2026-09-21 13:42:20.897635+05:30,2026-09-21 13:42:20.897635+05:30
271,335,3.80,False,False,,416,36,2651,2026-09-21 13:42:20.897635+05:30,2026-09-21 13:42:20.897635+05:30
271,336,5.20,False,False,,416,36,2652,2026-09-21 13:42:20.897635+05:30,2026-09-21 13:42:20.897635+05:30
271,337,6.00,False,False,,416,36,2653,2026-09-21 13:42:20.897635+05:30,2026-09-21 13:42:20.897635+05:30
272,338,3.30,False,False,,408,36,2654,2026-09-21 13:42:20.897635+05:30,2026-09-21 13:42:20.897635+05:30
272,339,4.70,False,False,,408,36,2655,2026-09-21 13:42:20.897635+05:30,2026-09-21 13:42:20.897635+05:30
272,340,5.00,False,False,,408,36,2656,2026-09-21 13:42:20.897635+05:30,2026-09-21 13:42:20.897635+05:30
272,341,6.70,False,False,,408,36,2657,2026-09-21 13:42:20.897635+05:30,2026-09-21 13:42:20.897635+05:30
272,342,6.70,False,False,,408,36,2658,2026-09-21 13:42:20.897635+05:30,2026-09-21 13:42:20.897635+05:30
272,343,7.20,False,False,,408,36,2659,2026-09-21 13:42:20.897635+05:30,2026-09-21 13:42:20.897635+05:30
272,344,8.30,False,False,,408,36,2660,2026-09-21 13:42:20.897635+05:30,2026-09-21 13:42:20.897635+05:30
272,345,2.80,False,False,,408,36,2661,2026-09-21 13:42:20.897635+05:30,2026-09-21 13:42:20.897635+05:30
272,346,3.80,False,False,,408,36,2662,2026-09-21 13:42:20.897635+05:30,2026-09-21 13:42:20.897635+05:30
272,347,5.60,False,False,,408,36,2663,2026-09-21 13:42:20.897635+05:30,2026-09-21 13:42:20.897635+05:30
273,338,4.40,False,False,,409,36,2664,2026-09-21 13:42:20.897635+05:30,2026-09-21 13:42:20.897635+05:30
273,339,4.00,False,False,,409,36,2665,2026-09-21 13:42:20.897635+05:30,2026-09-21 13:42:20.897635+05:30
273,340,5.90,False,False,,409,36,2666,2026-09-21 13:42:20.897635+05:30,2026-09-21 13:42:20.897635+05:30
273,341,6.50,False,False,,409,36,2667,2026-09-21 13:42:20.897635+05:30,2026-09-21 13:42:20.897635+05:30
273,342,6.80,False,False,,409,36,2668,2026-09-21 13:42:20.897635+05:30,2026-09-21 13:42:20.897635+05:30
273,343,7.60,False,False,,409,36,2669,2026-09-21 13:42:20.897635+05:30,2026-09-21 13:42:20.897635+05:30
273,344,8.00,False,False,,409,36,2670,2026-09-21 13:42:20.897635+05:30,2026-09-21 13:42:20.897635+05:30
273,345,2.80,False,False,,409,36,2671,2026-09-21 13:42:20.897635+05:30,2026-09-21 13:42:20.897635+05:30
273,346,3.60,False,False,,409,36,2672,2026-09-21 13:42:20.897635+05:30,2026-09-21 13:42:20.897635+05:30
273,347,4.90,False,False,,409,36,2673,2026-09-21 13:42:20.897635+05:30,2026-09-21 13:42:20.897635+05:30
274,338,3.80,False,False,,407,36,2674,2026-09-21 13:42:20.897635+05:30,2026-09-21 13:42:20.897635+05:30
274,339,4.00,False,False,,407,36,2675,2026-09-21 13:42:20.897635+05:30,2026-09-21 13:42:20.897635+05:30
274,340,5.40,False,False,,407,36,2676,2026-09-21 13:42:20.897635+05:30,2026-09-21 13:42:20.897635+05:30
274,341,6.40,False,False,,407,36,2677,2026-09-21 13:42:20.897635+05:30,2026-09-21 13:42:20.897635+05:30
274,342,7.40,False,False,,407,36,2678,2026-09-21 13:42:20.897635+05:30,2026-09-21 13:42:20.897635+05:30
274,343,8.00,False,False,,407,36,2679,2026-09-21 13:42:20.897635+05:30,2026-09-21 13:42:20.897635+05:30
274,344,9.60,False,False,,407,36,2680,2026-09-21 13:42:20.897635+05:30,2026-09-21 13:42:20.897635+05:30
274,345,3.10,False,False,,407,36,2681,2026-09-21 13:42:20.897635+05:30,2026-09-21 13:42:20.897635+05:30
274,346,4.50,False,False,,407,36,2682,2026-09-21 13:42:20.897635+05:30,2026-09-21 13:42:20.897635+05:30
274,347,5.20,False,False,,407,36,2683,2026-09-21 13:42:20.897635+05:30,2026-09-21 13:42:20.897635+05:30
275,338,3.20,False,False,,413,36,2684,2026-09-21 13:42:20.897635+05:30,2026-09-21 13:42:20.897635+05:30
275,339,5.20,False,False,,413,36,2685,2026-09-21 13:42:20.897635+05:30,2026-09-21 13:42:20.897635+05:30
275,340,6.10,False,False,,413,36,2686,2026-09-21 13:42:20.897635+05:30,2026-09-21 13:42:20.897635+05:30
275,341,6.90,False,False,,413,36,2687,2026-09-21 13:42:20.897635+05:30,2026-09-21 13:42:20.897635+05:30
275,342,7.70,False,False,,413,36,2688,2026-09-21 13:42:20.897635+05:30,2026-09-21 13:42:20.897635+05:30
275,343,7.90,False,False,,413,36,2689,2026-09-21 13:42:20.897635+05:30,2026-09-21 13:42:20.897635+05:30
275,344,8.80,False,False,,413,36,2690,2026-09-21 13:42:20.897635+05:30,2026-09-21 13:42:20.897635+05:30
275,345,2.90,False,False,,413,36,2691,2026-09-21 13:42:20.897635+05:30,2026-09-21 13:42:20.897635+05:30
275,346,4.50,False,False,,413,36,2692,2026-09-21 13:42:20.897635+05:30,2026-09-21 13:42:20.897635+05:30
275,347,5.40,False,False,,413,36,2693,2026-09-21 13:42:20.897635+05:30,2026-09-21 13:42:20.897635+05:30
276,338,4.70,False,False,,411,36,2694,2026-09-21 13:42:20.897635+05:30,2026-09-21 13:42:20.897635+05:30
276,339,4.10,False,False,,411,36,2695,2026-09-21 13:42:20.897635+05:30,2026-09-21 13:42:20.897635+05:30
276,340,5.90,False,False,,411,36,2696,2026-09-21 13:42:20.897635+05:30,2026-09-21 13:42:20.897635+05:30
276,341,6.80,False,False,,411,36,2697,2026-09-21 13:42:20.897635+05:30,2026-09-21 13:42:20.897635+05:30
276,342,7.90,False,False,,411,36,2698,2026-09-21 13:42:20.897635+05:30,2026-09-21 13:42:20.897635+05:30
276,343,9.00,False,False,,411,36,2699,2026-09-21 13:42:20.897635+05:30,2026-09-21 13:42:20.897635+05:30
276,344,8.00,False,False,,411,36,2700,2026-09-21 13:42:20.897635+05:30,2026-09-21 13:42:20.897635+05:30
276,345,3.50,False,False,,411,36,2701,2026-09-21 13:42:20.897635+05:30,2026-09-21 13:42:20.897635+05:30
276,346,4.80,False,False,,411,36,2702,2026-09-21 13:42:20.897635+05:30,2026-09-21 13:42:20.897635+05:30
276,347,5.20,False,False,,411,36,2703,2026-09-21 13:42:20.897635+05:30,2026-09-21 13:42:20.897635+05:30
277,338,3.60,False,False,,416,36,2704,2026-09-21 13:42:20.897635+05:30,2026-09-21 13:42:20.897635+05:30
277,339,5.10,False,False,,416,36,2705,2026-09-21 13:42:20.897635+05:30,2026-09-21 13:42:20.897635+05:30
277,340,5.80,False,False,,416,36,2706,2026-09-21 13:42:20.897635+05:30,2026-09-21 13:42:20.897635+05:30
277,341,6.90,False,False,,416,36,2707,2026-09-21 13:42:20.897635+05:30,2026-09-21 13:42:20.897635+05:30
277,342,6.90,False,False,,416,36,2708,2026-09-21 13:42:20.897635+05:30,2026-09-21 13:42:20.897635+05:30
277,343,8.80,False,False,,416,36,2709,2026-09-21 13:42:20.897635+05:30,2026-09-21 13:42:20.897635+05:30
277,344,9.10,False,False,,416,36,2710,2026-09-21 13:42:20.897635+05:30,2026-09-21 13:42:20.897635+05:30
277,345,4.50,False,False,,416,36,2711,2026-09-21 13:42:20.897635+05:30,2026-09-21 13:42:20.897635+05:30
277,346,4.50,False,False,,416,36,2712,2026-09-21 13:42:20.897635+05:30,2026-09-21 13:42:20.897635+05:30
277,347,5.70,False,False,,416,36,2713,2026-09-21 13:42:20.897635+05:30,2026-09-21 13:42:20.897635+05:30
278,348,3.80,False,False,,417,36,2714,2026-09-21 13:42:20.897635+05:30,2026-09-21 13:42:20.897635+05:30
278,349,4.70,False,False,,417,36,2715,2026-09-21 13:42:20.897635+05:30,2026-09-21 13:42:20.897635+05:30
278,350,6.10,False,False,,417,36,2716,2026-09-21 13:42:20.897635+05:30,2026-09-21 13:42:20.897635+05:30
278,351,6.80,False,False,,417,36,2717,2026-09-21 13:42:20.897635+05:30,2026-09-21 13:42:20.897635+05:30
278,352,7.10,False,False,,417,36,2718,2026-09-21 13:42:20.897635+05:30,2026-09-21 13:42:20.897635+05:30
278,353,8.00,False,False,,417,36,2719,2026-09-21 13:42:20.897635+05:30,2026-09-21 13:42:20.897635+05:30
278,354,9.50,False,False,,417,36,2720,2026-09-21 13:42:20.897635+05:30,2026-09-21 13:42:20.897635+05:30
278,355,4.50,False,False,,417,36,2721,2026-09-21 13:42:20.897635+05:30,2026-09-21 13:42:20.897635+05:30
278,356,5.30,False,False,,417,36,2722,2026-09-21 13:42:20.897635+05:30,2026-09-21 13:42:20.897635+05:30
278,357,5.20,False,False,,417,36,2723,2026-09-21 13:42:20.897635+05:30,2026-09-21 13:42:20.897635+05:30
279,348,4.80,False,False,,414,36,2724,2026-09-21 13:42:20.897635+05:30,2026-09-21 13:42:20.897635+05:30
279,349,4.60,False,False,,414,36,2725,2026-09-21 13:42:20.897635+05:30,2026-09-21 13:42:20.897635+05:30
279,350,5.20,False,False,,414,36,2726,2026-09-21 13:42:20.897635+05:30,2026-09-21 13:42:20.897635+05:30
279,351,6.30,False,False,,414,36,2727,2026-09-21 13:42:20.897635+05:30,2026-09-21 13:42:20.897635+05:30
279,352,7.10,False,False,,414,36,2728,2026-09-21 13:42:20.897635+05:30,2026-09-21 13:42:20.897635+05:30
279,353,7.20,False,False,,414,36,2729,2026-09-21 13:42:20.897635+05:30,2026-09-21 13:42:20.897635+05:30
279,354,9.40,False,False,,414,36,2730,2026-09-21 13:42:20.897635+05:30,2026-09-21 13:42:20.897635+05:30
279,355,2.90,False,False,,414,36,2731,2026-09-21 13:42:20.897635+05:30,2026-09-21 13:42:20.897635+05:30
279,356,3.80,False,False,,414,36,2732,2026-09-21 13:42:20.897635+05:30,2026-09-21 13:42:20.897635+05:30
279,357,6.20,False,False,,414,36,2733,2026-09-21 13:42:20.897635+05:30,2026-09-21 13:42:20.897635+05:30
280,348,3.40,False,False,,418,36,2734,2026-09-21 13:42:20.897635+05:30,2026-09-21 13:42:20.897635+05:30
280,349,5.70,False,False,,418,36,2735,2026-09-21 13:42:20.897635+05:30,2026-09-21 13:42:20.897635+05:30
280,350,5.20,False,False,,418,36,2736,2026-09-21 13:42:20.897635+05:30,2026-09-21 13:42:20.897635+05:30
280,351,6.50,False,False,,418,36,2737,2026-09-21 13:42:20.897635+05:30,2026-09-21 13:42:20.897635+05:30
280,352,6.50,False,False,,418,36,2738,2026-09-21 13:42:20.897635+05:30,2026-09-21 13:42:20.897635+05:30
280,353,7.70,False,False,,418,36,2739,2026-09-21 13:42:20.897635+05:30,2026-09-21 13:42:20.897635+05:30
280,354,8.10,False,False,,418,36,2740,2026-09-21 13:42:20.897635+05:30,2026-09-21 13:42:20.897635+05:30
280,355,3.30,False,False,,418,36,2741,2026-09-21 13:42:20.897635+05:30,2026-09-21 13:42:20.897635+05:30
280,356,3.60,False,False,,418,36,2742,2026-09-21 13:42:20.897635+05:30,2026-09-21 13:42:20.897635+05:30
280,357,4.70,False,False,,418,36,2743,2026-09-21 13:42:20.897635+05:30,2026-09-21 13:42:20.897635+05:30
281,348,3.30,False,False,,415,36,2744,2026-09-21 13:42:20.897635+05:30,2026-09-21 13:42:20.897635+05:30
281,349,5.60,False,False,,415,36,2745,2026-09-21 13:42:20.897635+05:30,2026-09-21 13:42:20.897635+05:30
281,350,6.40,False,False,,415,36,2746,2026-09-21 13:42:20.897635+05:30,2026-09-21 13:42:20.897635+05:30
281,351,7.20,False,False,,415,36,2747,2026-09-21 13:42:20.897635+05:30,2026-09-21 13:42:20.897635+05:30
281,352,8.10,False,False,,415,36,2748,2026-09-21 13:42:20.897635+05:30,2026-09-21 13:42:20.897635+05:30
281,353,8.10,False,False,,415,36,2749,2026-09-21 13:42:20.897635+05:30,2026-09-21 13:42:20.897635+05:30
281,354,9.70,False,False,,415,36,2750,2026-09-21 13:42:20.897635+05:30,2026-09-21 13:42:20.897635+05:30
281,355,4.20,False,False,,415,36,2751,2026-09-21 13:42:20.897635+05:30,2026-09-21 13:42:20.897635+05:30
281,356,4.70,False,False,,415,36,2752,2026-09-21 13:42:20.897635+05:30,2026-09-21 13:42:20.897635+05:30
281,357,4.40,False,False,,415,36,2753,2026-09-21 13:42:20.897635+05:30,2026-09-21 13:42:20.897635+05:30
282,348,4.90,False,False,,412,36,2754,2026-09-21 13:42:20.897635+05:30,2026-09-21 13:42:20.897635+05:30
282,349,5.00,False,False,,412,36,2755,2026-09-21 13:42:20.897635+05:30,2026-09-21 13:42:20.897635+05:30
282,350,6.10,False,False,,412,36,2756,2026-09-21 13:42:20.897635+05:30,2026-09-21 13:42:20.897635+05:30
282,351,5.90,False,False,,412,36,2757,2026-09-21 13:42:20.897635+05:30,2026-09-21 13:42:20.897635+05:30
282,352,7.80,False,False,,412,36,2758,2026-09-21 13:42:20.897635+05:30,2026-09-21 13:42:20.897635+05:30
282,353,7.80,False,False,,412,36,2759,2026-09-21 13:42:20.897635+05:30,2026-09-21 13:42:20.897635+05:30
282,354,9.10,False,False,,412,36,2760,2026-09-21 13:42:20.897635+05:30,2026-09-21 13:42:20.897635+05:30
282,355,3.80,False,False,,412,36,2761,2026-09-21 13:42:20.897635+05:30,2026-09-21 13:42:20.897635+05:30
282,356,5.10,False,False,,412,36,2762,2026-09-21 13:42:20.897635+05:30,2026-09-21 13:42:20.897635+05:30
282,357,4.60,False,False,,412,36,2763,2026-09-21 13:42:20.897635+05:30,2026-09-21 13:42:20.897635+05:30
283,348,4.90,False,False,,410,36,2764,2026-09-21 13:42:20.897635+05:30,2026-09-21 13:42:20.897635+05:30
283,349,5.20,False,False,,410,36,2765,2026-09-21 13:42:20.897635+05:30,2026-09-21 13:42:20.897635+05:30
283,350,5.20,False,False,,410,36,2766,2026-09-21 13:42:20.897635+05:30,2026-09-21 13:42:20.897635+05:30
283,351,6.20,False,False,,410,36,2767,2026-09-21 13:42:20.897635+05:30,2026-09-21 13:42:20.897635+05:30
283,352,7.50,False,False,,410,36,2768,2026-09-21 13:42:20.897635+05:30,2026-09-21 13:42:20.897635+05:30
283,353,7.60,False,False,,410,36,2769,2026-09-21 13:42:20.897635+05:30,2026-09-21 13:42:20.897635+05:30
283,354,9.00,False,False,,410,36,2770,2026-09-21 13:42:20.897635+05:30,2026-09-21 13:42:20.897635+05:30
283,355,3.20,False,False,,410,36,2771,2026-09-21 13:42:20.897635+05:30,2026-09-21 13:42:20.897635+05:30
283,356,5.40,False,False,,410,36,2772,2026-09-21 13:42:20.897635+05:30,2026-09-21 13:42:20.897635+05:30
283,357,4.70,False,False,,410,36,2773,2026-09-21 13:42:20.897635+05:30,2026-09-21 13:42:20.897635+05:30
284,358,4.30,False,False,,417,36,2774,2026-09-21 13:42:20.897635+05:30,2026-09-21 13:42:20.897635+05:30
284,359,4.20,False,False,,417,36,2775,2026-09-21 13:42:20.897635+05:30,2026-09-21 13:42:20.897635+05:30
284,360,5.60,False,False,,417,36,2776,2026-09-21 13:42:20.897635+05:30,2026-09-21 13:42:20.897635+05:30
284,361,6.00,False,False,,417,36,2777,2026-09-21 13:42:20.897635+05:30,2026-09-21 13:42:20.897635+05:30
284,362,8.10,False,False,,417,36,2778,2026-09-21 13:42:20.897635+05:30,2026-09-21 13:42:20.897635+05:30
284,363,7.40,False,False,,417,36,2779,2026-09-21 13:42:20.897635+05:30,2026-09-21 13:42:20.897635+05:30
284,364,8.30,False,False,,417,36,2780,2026-09-21 13:42:20.897635+05:30,2026-09-21 13:42:20.897635+05:30
284,365,3.90,False,False,,417,36,2781,2026-09-21 13:42:20.897635+05:30,2026-09-21 13:42:20.897635+05:30
284,366,3.80,False,False,,417,36,2782,2026-09-21 13:42:20.897635+05:30,2026-09-21 13:42:20.897635+05:30
284,367,5.20,False,False,,417,36,2783,2026-09-21 13:42:20.897635+05:30,2026-09-21 13:42:20.897635+05:30
285,358,4.20,False,False,,414,36,2784,2026-09-21 13:42:20.897635+05:30,2026-09-21 13:42:20.897635+05:30
285,359,4.50,False,False,,414,36,2785,2026-09-21 13:42:20.897635+05:30,2026-09-21 13:42:20.897635+05:30
285,360,4.90,False,False,,414,36,2786,2026-09-21 13:42:20.897635+05:30,2026-09-21 13:42:20.897635+05:30
285,361,7.40,False,False,,414,36,2787,2026-09-21 13:42:20.897635+05:30,2026-09-21 13:42:20.897635+05:30
285,362,8.00,False,False,,414,36,2788,2026-09-21 13:42:20.897635+05:30,2026-09-21 13:42:20.897635+05:30
285,363,8.30,False,False,,414,36,2789,2026-09-21 13:42:20.897635+05:30,2026-09-21 13:42:20.897635+05:30
285,364,8.60,False,False,,414,36,2790,2026-09-21 13:42:20.897635+05:30,2026-09-21 13:42:20.897635+05:30
285,365,3.10,False,False,,414,36,2791,2026-09-21 13:42:20.897635+05:30,2026-09-21 13:42:20.897635+05:30
285,366,4.20,False,False,,414,36,2792,2026-09-21 13:42:20.897635+05:30,2026-09-21 13:42:20.897635+05:30
285,367,4.70,False,False,,414,36,2793,2026-09-21 13:42:20.897635+05:30,2026-09-21 13:42:20.897635+05:30
286,358,4.60,False,False,,418,36,2794,2026-09-21 13:42:20.897635+05:30,2026-09-21 13:42:20.897635+05:30
286,359,4.80,False,False,,418,36,2795,2026-09-21 13:42:20.897635+05:30,2026-09-21 13:42:20.897635+05:30
286,360,5.30,False,False,,418,36,2796,2026-09-21 13:42:20.897635+05:30,2026-09-21 13:42:20.897635+05:30
286,361,5.60,False,False,,418,36,2797,2026-09-21 13:42:20.897635+05:30,2026-09-21 13:42:20.897635+05:30
286,362,7.90,False,False,,418,36,2798,2026-09-21 13:42:20.897635+05:30,2026-09-21 13:42:20.897635+05:30
286,363,7.40,False,False,,418,36,2799,2026-09-21 13:42:20.897635+05:30,2026-09-21 13:42:20.897635+05:30
286,364,8.60,False,False,,418,36,2800,2026-09-21 13:42:20.897635+05:30,2026-09-21 13:42:20.897635+05:30
286,365,2.90,False,False,,418,36,2801,2026-09-21 13:42:20.897635+05:30,2026-09-21 13:42:20.897635+05:30
286,366,4.20,False,False,,418,36,2802,2026-09-21 13:42:20.897635+05:30,2026-09-21 13:42:20.897635+05:30
286,367,5.30,False,False,,418,36,2803,2026-09-21 13:42:20.897635+05:30,2026-09-21 13:42:20.897635+05:30
287,358,4.50,False,False,,415,36,2804,2026-09-21 13:42:20.897635+05:30,2026-09-21 13:42:20.897635+05:30
287,359,4.70,False,False,,415,36,2805,2026-09-21 13:42:20.897635+05:30,2026-09-21 13:42:20.897635+05:30
287,360,5.70,False,False,,415,36,2806,2026-09-21 13:42:20.897635+05:30,2026-09-21 13:42:20.897635+05:30
287,361,6.50,False,False,,415,36,2807,2026-09-21 13:42:20.897635+05:30,2026-09-21 13:42:20.897635+05:30
287,362,6.90,False,False,,415,36,2808,2026-09-21 13:42:20.897635+05:30,2026-09-21 13:42:20.897635+05:30
287,363,7.70,False,False,,415,36,2809,2026-09-21 13:42:20.897635+05:30,2026-09-21 13:42:20.897635+05:30
287,364,9.20,False,False,,415,36,2810,2026-09-21 13:42:20.897635+05:30,2026-09-21 13:42:20.897635+05:30
287,365,3.10,False,False,,415,36,2811,2026-09-21 13:42:20.897635+05:30,2026-09-21 13:42:20.897635+05:30
287,366,4.10,False,False,,415,36,2812,2026-09-21 13:42:20.897635+05:30,2026-09-21 13:42:20.897635+05:30
287,367,6.00,False,False,,415,36,2813,2026-09-21 13:42:20.897635+05:30,2026-09-21 13:42:20.897635+05:30
288,358,3.60,False,False,,412,36,2814,2026-09-21 13:42:20.897635+05:30,2026-09-21 13:42:20.897635+05:30
288,359,5.10,False,False,,412,36,2815,2026-09-21 13:42:20.897635+05:30,2026-09-21 13:42:20.897635+05:30
288,360,5.30,False,False,,412,36,2816,2026-09-21 13:42:20.897635+05:30,2026-09-21 13:42:20.897635+05:30
288,361,7.10,False,False,,412,36,2817,2026-09-21 13:42:20.897635+05:30,2026-09-21 13:42:20.897635+05:30
288,362,7.60,False,False,,412,36,2818,2026-09-21 13:42:20.897635+05:30,2026-09-21 13:42:20.897635+05:30
288,363,8.20,False,False,,412,36,2819,2026-09-21 13:42:20.897635+05:30,2026-09-21 13:42:20.897635+05:30
288,364,8.00,False,False,,412,36,2820,2026-09-21 13:42:20.897635+05:30,2026-09-21 13:42:20.897635+05:30
288,365,4.30,False,False,,412,36,2821,2026-09-21 13:42:20.897635+05:30,2026-09-21 13:42:20.897635+05:30
288,366,3.70,False,False,,412,36,2822,2026-09-21 13:42:20.897635+05:30,2026-09-21 13:42:20.897635+05:30
288,367,4.80,False,False,,412,36,2823,2026-09-21 13:42:20.897635+05:30,2026-09-21 13:42:20.897635+05:30
289,358,4.80,False,False,,410,36,2824,2026-09-21 13:42:20.897635+05:30,2026-09-21 13:42:20.897635+05:30
289,359,5.60,False,False,,410,36,2825,2026-09-21 13:42:20.897635+05:30,2026-09-21 13:42:20.897635+05:30
289,360,5.70,False,False,,410,36,2826,2026-09-21 13:42:20.897635+05:30,2026-09-21 13:42:20.897635+05:30
289,361,6.80,False,False,,410,36,2827,2026-09-21 13:42:20.897635+05:30,2026-09-21 13:42:20.897635+05:30
289,362,6.50,False,False,,410,36,2828,2026-09-21 13:42:20.897635+05:30,2026-09-21 13:42:20.897635+05:30
289,363,7.20,False,False,,410,36,2829,2026-09-21 13:42:20.897635+05:30,2026-09-21 13:42:20.897635+05:30
289,364,9.50,False,False,,410,36,2830,2026-09-21 13:42:20.897635+05:30,2026-09-21 13:42:20.897635+05:30
289,365,2.80,False,False,,410,36,2831,2026-09-21 13:42:20.897635+05:30,2026-09-21 13:42:20.897635+05:30
289,366,3.80,False,False,,410,36,2832,2026-09-21 13:42:20.897635+05:30,2026-09-21 13:42:20.897635+05:30
289,367,4.50,False,False,,410,36,2833,2026-09-21 13:42:20.897635+05:30,2026-09-21 13:42:20.897635+05:30
290,368,4.80,False,False,,417,36,2834,2026-09-21 13:42:20.897635+05:30,2026-09-21 13:42:20.897635+05:30
290,369,4.40,False,False,,417,36,2835,2026-09-21 13:42:20.897635+05:30,2026-09-21 13:42:20.897635+05:30
290,370,5.20,False,False,,417,36,2836,2026-09-21 13:42:20.897635+05:30,2026-09-21 13:42:20.897635+05:30
290,371,5.70,False,False,,417,36,2837,2026-09-21 13:42:20.897635+05:30,2026-09-21 13:42:20.897635+05:30
290,372,7.50,False,False,,417,36,2838,2026-09-21 13:42:20.897635+05:30,2026-09-21 13:42:20.897635+05:30
290,373,7.30,False,False,,417,36,2839,2026-09-21 13:42:20.897635+05:30,2026-09-21 13:42:20.897635+05:30
290,374,9.70,False,False,,417,36,2840,2026-09-21 13:42:20.897635+05:30,2026-09-21 13:42:20.897635+05:30
290,375,4.20,False,False,,417,36,2841,2026-09-21 13:42:20.897635+05:30,2026-09-21 13:42:20.897635+05:30
290,376,4.30,False,False,,417,36,2842,2026-09-21 13:42:20.897635+05:30,2026-09-21 13:42:20.897635+05:30
290,377,6.00,False,False,,417,36,2843,2026-09-21 13:42:20.897635+05:30,2026-09-21 13:42:20.897635+05:30
291,368,4.90,False,False,,414,36,2844,2026-09-21 13:42:20.897635+05:30,2026-09-21 13:42:20.897635+05:30
291,369,5.20,False,False,,414,36,2845,2026-09-21 13:42:20.897635+05:30,2026-09-21 13:42:20.897635+05:30
291,370,6.50,False,False,,414,36,2846,2026-09-21 13:42:20.897635+05:30,2026-09-21 13:42:20.897635+05:30
291,371,6.90,False,False,,414,36,2847,2026-09-21 13:42:20.897635+05:30,2026-09-21 13:42:20.897635+05:30
291,372,7.30,False,False,,414,36,2848,2026-09-21 13:42:20.897635+05:30,2026-09-21 13:42:20.897635+05:30
291,373,8.70,False,False,,414,36,2849,2026-09-21 13:42:20.897635+05:30,2026-09-21 13:42:20.897635+05:30
291,374,9.00,False,False,,414,36,2850,2026-09-21 13:42:20.897635+05:30,2026-09-21 13:42:20.897635+05:30
291,375,3.10,False,False,,414,36,2851,2026-09-21 13:42:20.897635+05:30,2026-09-21 13:42:20.897635+05:30
291,376,4.60,False,False,,414,36,2852,2026-09-21 13:42:20.897635+05:30,2026-09-21 13:42:20.897635+05:30
291,377,6.00,False,False,,414,36,2853,2026-09-21 13:42:20.897635+05:30,2026-09-21 13:42:20.897635+05:30
292,368,4.30,False,False,,418,36,2854,2026-09-21 13:42:20.897635+05:30,2026-09-21 13:42:20.897635+05:30
292,369,4.10,False,False,,418,36,2855,2026-09-21 13:42:20.897635+05:30,2026-09-21 13:42:20.897635+05:30
292,370,5.00,False,False,,418,36,2856,2026-09-21 13:42:20.897635+05:30,2026-09-21 13:42:20.897635+05:30
292,371,5.80,False,False,,418,36,2857,2026-09-21 13:42:20.897635+05:30,2026-09-21 13:42:20.897635+05:30
292,372,6.50,False,False,,418,36,2858,2026-09-21 13:42:20.897635+05:30,2026-09-21 13:42:20.897635+05:30
292,373,7.90,False,False,,418,36,2859,2026-09-21 13:42:20.897635+05:30,2026-09-21 13:42:20.897635+05:30
292,374,9.10,False,False,,418,36,2860,2026-09-21 13:42:20.897635+05:30,2026-09-21 13:42:20.897635+05:30
292,375,4.10,False,False,,418,36,2861,2026-09-21 13:42:20.897635+05:30,2026-09-21 13:42:20.897635+05:30
292,376,5.30,False,False,,418,36,2862,2026-09-21 13:42:20.897635+05:30,2026-09-21 13:42:20.897635+05:30
292,377,4.90,False,False,,418,36,2863,2026-09-21 13:42:20.897635+05:30,2026-09-21 13:42:20.897635+05:30
293,368,3.20,False,False,,415,36,2864,2026-09-21 13:42:20.897635+05:30,2026-09-21 13:42:20.897635+05:30
293,369,5.30,False,False,,415,36,2865,2026-09-21 13:42:20.897635+05:30,2026-09-21 13:42:20.897635+05:30
293,370,5.50,False,False,,415,36,2866,2026-09-21 13:42:20.897635+05:30,2026-09-21 13:42:20.897635+05:30
293,371,5.70,False,False,,415,36,2867,2026-09-21 13:42:20.897635+05:30,2026-09-21 13:42:20.897635+05:30
293,372,7.30,False,False,,415,36,2868,2026-09-21 13:42:20.897635+05:30,2026-09-21 13:42:20.897635+05:30
293,373,7.40,False,False,,415,36,2869,2026-09-21 13:42:20.897635+05:30,2026-09-21 13:42:20.897635+05:30
293,374,9.10,False,False,,415,36,2870,2026-09-21 13:42:20.897635+05:30,2026-09-21 13:42:20.897635+05:30
293,375,3.60,False,False,,415,36,2871,2026-09-21 13:42:20.897635+05:30,2026-09-21 13:42:20.897635+05:30
293,376,4.50,False,False,,415,36,2872,2026-09-21 13:42:20.897635+05:30,2026-09-21 13:42:20.897635+05:30
293,377,4.70,False,False,,415,36,2873,2026-09-21 13:42:20.897635+05:30,2026-09-21 13:42:20.897635+05:30
294,368,4.20,False,False,,412,36,2874,2026-09-21 13:42:20.897635+05:30,2026-09-21 13:42:20.897635+05:30
294,369,5.60,False,False,,412,36,2875,2026-09-21 13:42:20.897635+05:30,2026-09-21 13:42:20.897635+05:30
294,370,5.20,False,False,,412,36,2876,2026-09-21 13:42:20.897635+05:30,2026-09-21 13:42:20.897635+05:30
294,371,6.40,False,False,,412,36,2877,2026-09-21 13:42:20.897635+05:30,2026-09-21 13:42:20.897635+05:30
294,372,8.20,False,False,,412,36,2878,2026-09-21 13:42:20.897635+05:30,2026-09-21 13:42:20.897635+05:30
294,373,8.20,False,False,,412,36,2879,2026-09-21 13:42:20.897635+05:30,2026-09-21 13:42:20.897635+05:30
294,374,8.80,False,False,,412,36,2880,2026-09-21 13:42:20.897635+05:30,2026-09-21 13:42:20.897635+05:30
294,375,3.40,False,False,,412,36,2881,2026-09-21 13:42:20.897635+05:30,2026-09-21 13:42:20.897635+05:30
294,376,4.30,False,False,,412,36,2882,2026-09-21 13:42:20.897635+05:30,2026-09-21 13:42:20.897635+05:30
294,377,4.80,False,False,,412,36,2883,2026-09-21 13:42:20.897635+05:30,2026-09-21 13:42:20.897635+05:30
295,368,3.40,False,False,,410,36,2884,2026-09-21 13:42:20.897635+05:30,2026-09-21 13:42:20.897635+05:30
295,369,4.30,False,False,,410,36,2885,2026-09-21 13:42:20.897635+05:30,2026-09-21 13:42:20.897635+05:30
295,370,5.80,False,False,,410,36,2886,2026-09-21 13:42:20.897635+05:30,2026-09-21 13:42:20.897635+05:30
295,371,6.10,False,False,,410,36,2887,2026-09-21 13:42:20.897635+05:30,2026-09-21 13:42:20.897635+05:30
295,372,7.60,False,False,,410,36,2888,2026-09-21 13:42:20.897635+05:30,2026-09-21 13:42:20.897635+05:30
295,373,8.00,False,False,,410,36,2889,2026-09-21 13:42:20.897635+05:30,2026-09-21 13:42:20.897635+05:30
295,374,9.10,False,False,,410,36,2890,2026-09-21 13:42:20.897635+05:30,2026-09-21 13:42:20.897635+05:30
295,375,4.00,False,False,,410,36,2891,2026-09-21 13:42:20.897635+05:30,2026-09-21 13:42:20.897635+05:30
295,376,4.50,False,False,,410,36,2892,2026-09-21 13:42:20.897635+05:30,2026-09-21 13:42:20.897635+05:30
295,377,5.70,False,False,,410,36,2893,2026-09-21 13:42:20.897635+05:30,2026-09-21 13:42:20.897635+05:30
296,378,3.20,False,False,,417,36,2894,2026-09-21 13:42:20.897635+05:30,2026-09-21 13:42:20.897635+05:30
296,379,5.20,False,False,,417,36,2895,2026-09-21 13:42:20.897635+05:30,2026-09-21 13:42:20.897635+05:30
296,380,5.60,False,False,,417,36,2896,2026-09-21 13:42:20.897635+05:30,2026-09-21 13:42:20.897635+05:30
296,381,7.00,False,False,,417,36,2897,2026-09-21 13:42:20.897635+05:30,2026-09-21 13:42:20.897635+05:30
296,382,6.80,False,False,,417,36,2898,2026-09-21 13:42:20.897635+05:30,2026-09-21 13:42:20.897635+05:30
296,383,7.20,False,False,,417,36,2899,2026-09-21 13:42:20.897635+05:30,2026-09-21 13:42:20.897635+05:30
296,384,8.90,False,False,,417,36,2900,2026-09-21 13:42:20.897635+05:30,2026-09-21 13:42:20.897635+05:30
296,385,4.50,False,False,,417,36,2901,2026-09-21 13:42:20.897635+05:30,2026-09-21 13:42:20.897635+05:30
296,386,3.60,False,False,,417,36,2902,2026-09-21 13:42:20.897635+05:30,2026-09-21 13:42:20.897635+05:30
296,387,5.20,False,False,,417,36,2903,2026-09-21 13:42:20.897635+05:30,2026-09-21 13:42:20.897635+05:30
297,378,4.50,False,False,,414,36,2904,2026-09-21 13:42:20.897635+05:30,2026-09-21 13:42:20.897635+05:30
297,379,4.90,False,False,,414,36,2905,2026-09-21 13:42:20.897635+05:30,2026-09-21 13:42:20.897635+05:30
297,380,4.80,False,False,,414,36,2906,2026-09-21 13:42:20.897635+05:30,2026-09-21 13:42:20.897635+05:30
297,381,6.30,False,False,,414,36,2907,2026-09-21 13:42:20.897635+05:30,2026-09-21 13:42:20.897635+05:30
297,382,7.60,False,False,,414,36,2908,2026-09-21 13:42:20.897635+05:30,2026-09-21 13:42:20.897635+05:30
297,383,8.30,False,False,,414,36,2909,2026-09-21 13:42:20.897635+05:30,2026-09-21 13:42:20.897635+05:30
297,384,9.10,False,False,,414,36,2910,2026-09-21 13:42:20.897635+05:30,2026-09-21 13:42:20.897635+05:30
297,385,2.90,False,False,,414,36,2911,2026-09-21 13:42:20.897635+05:30,2026-09-21 13:42:20.897635+05:30
297,386,4.90,False,False,,414,36,2912,2026-09-21 13:42:20.897635+05:30,2026-09-21 13:42:20.897635+05:30
297,387,4.70,False,False,,414,36,2913,2026-09-21 13:42:20.897635+05:30,2026-09-21 13:42:20.897635+05:30
298,378,4.10,False,False,,418,36,2914,2026-09-21 13:42:20.897635+05:30,2026-09-21 13:42:20.897635+05:30
298,379,5.20,False,False,,418,36,2915,2026-09-21 13:42:20.897635+05:30,2026-09-21 13:42:20.897635+05:30
298,380,4.80,False,False,,418,36,2916,2026-09-21 13:42:20.897635+05:30,2026-09-21 13:42:20.897635+05:30
298,381,6.40,False,False,,418,36,2917,2026-09-21 13:42:20.897635+05:30,2026-09-21 13:42:20.897635+05:30
298,382,6.60,False,False,,418,36,2918,2026-09-21 13:42:20.897635+05:30,2026-09-21 13:42:20.897635+05:30
298,383,8.10,False,False,,418,36,2919,2026-09-21 13:42:20.897635+05:30,2026-09-21 13:42:20.897635+05:30
298,384,8.70,False,False,,418,36,2920,2026-09-21 13:42:20.897635+05:30,2026-09-21 13:42:20.897635+05:30
298,385,4.40,False,False,,418,36,2921,2026-09-21 13:42:20.897635+05:30,2026-09-21 13:42:20.897635+05:30
298,386,4.00,False,False,,418,36,2922,2026-09-21 13:42:20.897635+05:30,2026-09-21 13:42:20.897635+05:30
298,387,4.50,False,False,,418,36,2923,2026-09-21 13:42:20.897635+05:30,2026-09-21 13:42:20.897635+05:30
299,378,3.70,False,False,,415,36,2924,2026-09-21 13:42:20.897635+05:30,2026-09-21 13:42:20.897635+05:30
299,379,5.60,False,False,,415,36,2925,2026-09-21 13:42:20.897635+05:30,2026-09-21 13:42:20.897635+05:30
299,380,5.70,False,False,,415,36,2926,2026-09-21 13:42:20.897635+05:30,2026-09-21 13:42:20.897635+05:30
299,381,6.30,False,False,,415,36,2927,2026-09-21 13:42:20.897635+05:30,2026-09-21 13:42:20.897635+05:30
299,382,7.00,False,False,,415,36,2928,2026-09-21 13:42:20.897635+05:30,2026-09-21 13:42:20.897635+05:30
299,383,7.40,False,False,,415,36,2929,2026-09-21 13:42:20.897635+05:30,2026-09-21 13:42:20.897635+05:30
299,384,8.30,False,False,,415,36,2930,2026-09-21 13:42:20.897635+05:30,2026-09-21 13:42:20.897635+05:30
299,385,4.00,False,False,,415,36,2931,2026-09-21 13:42:20.897635+05:30,2026-09-21 13:42:20.897635+05:30
299,386,4.20,False,False,,415,36,2932,2026-09-21 13:42:20.897635+05:30,2026-09-21 13:42:20.897635+05:30
299,387,5.70,False,False,,415,36,2933,2026-09-21 13:42:20.897635+05:30,2026-09-21 13:42:20.897635+05:30
300,378,4.30,False,False,,412,36,2934,2026-09-21 13:42:20.897635+05:30,2026-09-21 13:42:20.897635+05:30
300,379,5.40,False,False,,412,36,2935,2026-09-21 13:42:20.897635+05:30,2026-09-21 13:42:20.897635+05:30
300,380,5.60,False,False,,412,36,2936,2026-09-21 13:42:20.897635+05:30,2026-09-21 13:42:20.897635+05:30
300,381,7.30,False,False,,412,36,2937,2026-09-21 13:42:20.897635+05:30,2026-09-21 13:42:20.897635+05:30
300,382,6.50,False,False,,412,36,2938,2026-09-21 13:42:20.897635+05:30,2026-09-21 13:42:20.897635+05:30
300,383,9.00,False,False,,412,36,2939,2026-09-21 13:42:20.897635+05:30,2026-09-21 13:42:20.897635+05:30
300,384,9.40,False,False,,412,36,2940,2026-09-21 13:42:20.897635+05:30,2026-09-21 13:42:20.897635+05:30
300,385,3.90,False,False,,412,36,2941,2026-09-21 13:42:20.897635+05:30,2026-09-21 13:42:20.897635+05:30
300,386,4.40,False,False,,412,36,2942,2026-09-21 13:42:20.897635+05:30,2026-09-21 13:42:20.897635+05:30
300,387,5.90,False,False,,412,36,2943,2026-09-21 13:42:20.897635+05:30,2026-09-21 13:42:20.897635+05:30
301,378,4.30,False,False,,410,36,2944,2026-09-21 13:42:20.897635+05:30,2026-09-21 13:42:20.897635+05:30
301,379,4.60,False,False,,410,36,2945,2026-09-21 13:42:20.897635+05:30,2026-09-21 13:42:20.897635+05:30
301,380,6.20,False,False,,410,36,2946,2026-09-21 13:42:20.897635+05:30,2026-09-21 13:42:20.897635+05:30
301,381,6.00,False,False,,410,36,2947,2026-09-21 13:42:20.897635+05:30,2026-09-21 13:42:20.897635+05:30
301,382,8.10,False,False,,410,36,2948,2026-09-21 13:42:20.897635+05:30,2026-09-21 13:42:20.897635+05:30
301,383,8.20,False,False,,410,36,2949,2026-09-21 13:42:20.897635+05:30,2026-09-21 13:42:20.897635+05:30
301,384,9.30,False,False,,410,36,2950,2026-09-21 13:42:20.897635+05:30,2026-09-21 13:42:20.897635+05:30
301,385,3.30,False,False,,410,36,2951,2026-09-21 13:42:20.897635+05:30,2026-09-21 13:42:20.897635+05:30
301,386,4.10,False,False,,410,36,2952,2026-09-21 13:42:20.897635+05:30,2026-09-21 13:42:20.897635+05:30
301,387,5.00,False,False,,410,36,2953,2026-09-21 13:42:20.897635+05:30,2026-09-21 13:42:20.897635+05:30
302,388,4.60,False,False,,417,36,2954,2026-09-21 13:42:20.897635+05:30,2026-09-21 13:42:20.897635+05:30
302,389,4.30,False,False,,417,36,2955,2026-09-21 13:42:20.897635+05:30,2026-09-21 13:42:20.897635+05:30
302,390,5.50,False,False,,417,36,2956,2026-09-21 13:42:20.897635+05:30,2026-09-21 13:42:20.897635+05:30
302,391,5.80,False,False,,417,36,2957,2026-09-21 13:42:20.897635+05:30,2026-09-21 13:42:20.897635+05:30
302,392,7.20,False,False,,417,36,2958,2026-09-21 13:42:20.897635+05:30,2026-09-21 13:42:20.897635+05:30
302,393,7.40,False,False,,417,36,2959,2026-09-21 13:42:20.897635+05:30,2026-09-21 13:42:20.897635+05:30
302,394,9.20,False,False,,417,36,2960,2026-09-21 13:42:20.897635+05:30,2026-09-21 13:42:20.897635+05:30
302,395,3.40,False,False,,417,36,2961,2026-09-21 13:42:20.897635+05:30,2026-09-21 13:42:20.897635+05:30
302,396,4.00,False,False,,417,36,2962,2026-09-21 13:42:20.897635+05:30,2026-09-21 13:42:20.897635+05:30
302,397,5.20,False,False,,417,36,2963,2026-09-21 13:42:20.897635+05:30,2026-09-21 13:42:20.897635+05:30
303,388,3.90,False,False,,414,36,2964,2026-09-21 13:42:20.897635+05:30,2026-09-21 13:42:20.897635+05:30
303,389,5.70,False,False,,414,36,2965,2026-09-21 13:42:20.897635+05:30,2026-09-21 13:42:20.897635+05:30
303,390,6.00,False,False,,414,36,2966,2026-09-21 13:42:20.897635+05:30,2026-09-21 13:42:20.897635+05:30
303,391,6.20,False,False,,414,36,2967,2026-09-21 13:42:20.897635+05:30,2026-09-21 13:42:20.897635+05:30
303,392,6.40,False,False,,414,36,2968,2026-09-21 13:42:20.897635+05:30,2026-09-21 13:42:20.897635+05:30
303,393,7.80,False,False,,414,36,2969,2026-09-21 13:42:20.897635+05:30,2026-09-21 13:42:20.897635+05:30
303,394,8.20,False,False,,414,36,2970,2026-09-21 13:42:20.897635+05:30,2026-09-21 13:42:20.897635+05:30
303,395,3.70,False,False,,414,36,2971,2026-09-21 13:42:20.897635+05:30,2026-09-21 13:42:20.897635+05:30
303,396,4.20,False,False,,414,36,2972,2026-09-21 13:42:20.897635+05:30,2026-09-21 13:42:20.897635+05:30
303,397,5.20,False,False,,414,36,2973,2026-09-21 13:42:20.897635+05:30,2026-09-21 13:42:20.897635+05:30
304,388,3.90,False,False,,418,36,2974,2026-09-21 13:42:20.897635+05:30,2026-09-21 13:42:20.897635+05:30
304,389,5.00,False,False,,418,36,2975,2026-09-21 13:42:20.897635+05:30,2026-09-21 13:42:20.897635+05:30
304,390,6.10,False,False,,418,36,2976,2026-09-21 13:42:20.897635+05:30,2026-09-21 13:42:20.897635+05:30
304,391,6.00,False,False,,418,36,2977,2026-09-21 13:42:20.897635+05:30,2026-09-21 13:42:20.897635+05:30
304,392,6.50,False,False,,418,36,2978,2026-09-21 13:42:20.897635+05:30,2026-09-21 13:42:20.897635+05:30
304,393,8.10,False,False,,418,36,2979,2026-09-21 13:42:20.897635+05:30,2026-09-21 13:42:20.897635+05:30
304,394,9.50,False,False,,418,36,2980,2026-09-21 13:42:20.897635+05:30,2026-09-21 13:42:20.897635+05:30
304,395,3.60,False,False,,418,36,2981,2026-09-21 13:42:20.897635+05:30,2026-09-21 13:42:20.897635+05:30
304,396,4.90,False,False,,418,36,2982,2026-09-21 13:42:20.897635+05:30,2026-09-21 13:42:20.897635+05:30
304,397,4.60,False,False,,418,36,2983,2026-09-21 13:42:20.897635+05:30,2026-09-21 13:42:20.897635+05:30
305,388,3.30,False,False,,415,36,2984,2026-09-21 13:42:20.897635+05:30,2026-09-21 13:42:20.897635+05:30
305,389,4.40,False,False,,415,36,2985,2026-09-21 13:42:20.897635+05:30,2026-09-21 13:42:20.897635+05:30
305,390,6.60,False,False,,415,36,2986,2026-09-21 13:42:20.897635+05:30,2026-09-21 13:42:20.897635+05:30
305,391,5.70,False,False,,415,36,2987,2026-09-21 13:42:20.897635+05:30,2026-09-21 13:42:20.897635+05:30
305,392,7.30,False,False,,415,36,2988,2026-09-21 13:42:20.897635+05:30,2026-09-21 13:42:20.897635+05:30
305,393,9.00,False,False,,415,36,2989,2026-09-21 13:42:20.897635+05:30,2026-09-21 13:42:20.897635+05:30
305,394,8.60,False,False,,415,36,2990,2026-09-21 13:42:20.897635+05:30,2026-09-21 13:42:20.897635+05:30
305,395,4.50,False,False,,415,36,2991,2026-09-21 13:42:20.897635+05:30,2026-09-21 13:42:20.897635+05:30
305,396,4.20,False,False,,415,36,2992,2026-09-21 13:42:20.897635+05:30,2026-09-21 13:42:20.897635+05:30
305,397,4.80,False,False,,415,36,2993,2026-09-21 13:42:20.897635+05:30,2026-09-21 13:42:20.897635+05:30
306,388,4.30,False,False,,412,36,2994,2026-09-21 13:42:20.897635+05:30,2026-09-21 13:42:20.897635+05:30
306,389,4.20,False,False,,412,36,2995,2026-09-21 13:42:20.897635+05:30,2026-09-21 13:42:20.897635+05:30
306,390,6.10,False,False,,412,36,2996,2026-09-21 13:42:20.897635+05:30,2026-09-21 13:42:20.897635+05:30
306,391,6.90,False,False,,412,36,2997,2026-09-21 13:42:20.897635+05:30,2026-09-21 13:42:20.897635+05:30
306,392,6.50,False,False,,412,36,2998,2026-09-21 13:42:20.897635+05:30,2026-09-21 13:42:20.897635+05:30
306,393,8.20,False,False,,412,36,2999,2026-09-21 13:42:20.897635+05:30,2026-09-21 13:42:20.897635+05:30
306,394,9.30,False,False,,412,36,3000,2026-09-21 13:42:20.897635+05:30,2026-09-21 13:42:20.897635+05:30
306,395,3.80,False,False,,412,36,3001,2026-09-21 13:42:20.897635+05:30,2026-09-21 13:42:20.897635+05:30
306,396,5.20,False,False,,412,36,3002,2026-09-21 13:42:20.897635+05:30,2026-09-21 13:42:20.897635+05:30
306,397,5.40,False,False,,412,36,3003,2026-09-21 13:42:20.897635+05:30,2026-09-21 13:42:20.897635+05:30
307,388,4.20,False,False,,410,36,3004,2026-09-21 13:42:20.897635+05:30,2026-09-21 13:42:20.897635+05:30
307,389,5.70,False,False,,410,36,3005,2026-09-21 13:42:20.897635+05:30,2026-09-21 13:42:20.897635+05:30
307,390,5.30,False,False,,410,36,3006,2026-09-21 13:42:20.897635+05:30,2026-09-21 13:42:20.897635+05:30
307,391,5.60,False,False,,410,36,3007,2026-09-21 13:42:20.897635+05:30,2026-09-21 13:42:20.897635+05:30
307,392,8.20,False,False,,410,36,3008,2026-09-21 13:42:20.897635+05:30,2026-09-21 13:42:20.897635+05:30
307,393,8.00,False,False,,410,36,3009,2026-09-21 13:42:20.897635+05:30,2026-09-21 13:42:20.897635+05:30
307,394,9.10,False,False,,410,36,3010,2026-09-21 13:42:20.897635+05:30,2026-09-21 13:42:20.897635+05:30
307,395,3.70,False,False,,410,36,3011,2026-09-21 13:42:20.897635+05:30,2026-09-21 13:42:20.897635+05:30
307,396,4.50,False,False,,410,36,3012,2026-09-21 13:42:20.897635+05:30,2026-09-21 13:42:20.897635+05:30
307,397,5.60,False,False,,410,36,3013,2026-09-21 13:42:20.897635+05:30,2026-09-21 13:42:20.897635+05:30
308,298,2.25,False,False,,408,36,3014,2026-09-21 13:42:20.897635+05:30,2026-09-21 13:42:20.897635+05:30
308,299,2.50,False,False,,408,36,3015,2026-09-21 13:42:20.897635+05:30,2026-09-21 13:42:20.897635+05:30
308,300,2.45,False,False,,408,36,3016,2026-09-21 13:42:20.897635+05:30,2026-09-21 13:42:20.897635+05:30
308,301,3.35,False,False,,408,36,3017,2026-09-21 13:42:20.897635+05:30,2026-09-21 13:42:20.897635+05:30
308,302,3.90,False,False,,408,36,3018,2026-09-21 13:42:20.897635+05:30,2026-09-21 13:42:20.897635+05:30
308,303,4.20,False,False,,408,36,3019,2026-09-21 13:42:20.897635+05:30,2026-09-21 13:42:20.897635+05:30
308,304,4.50,False,False,,408,36,3020,2026-09-21 13:42:20.897635+05:30,2026-09-21 13:42:20.897635+05:30
308,305,1.80,False,False,,408,36,3021,2026-09-21 13:42:20.897635+05:30,2026-09-21 13:42:20.897635+05:30
308,306,2.50,False,False,,408,36,3022,2026-09-21 13:42:20.897635+05:30,2026-09-21 13:42:20.897635+05:30
308,307,2.30,False,False,,408,36,3023,2026-09-21 13:42:20.897635+05:30,2026-09-21 13:42:20.897635+05:30
309,298,2.35,False,False,,409,36,3024,2026-09-21 13:42:20.897635+05:30,2026-09-21 13:42:20.897635+05:30
309,299,2.35,False,False,,409,36,3025,2026-09-21 13:42:20.897635+05:30,2026-09-21 13:42:20.897635+05:30
309,300,2.85,False,False,,409,36,3026,2026-09-21 13:42:20.897635+05:30,2026-09-21 13:42:20.897635+05:30
309,301,2.95,False,False,,409,36,3027,2026-09-21 13:42:20.897635+05:30,2026-09-21 13:42:20.897635+05:30
309,302,3.80,False,False,,409,36,3028,2026-09-21 13:42:20.897635+05:30,2026-09-21 13:42:20.897635+05:30
309,303,4.05,False,False,,409,36,3029,2026-09-21 13:42:20.897635+05:30,2026-09-21 13:42:20.897635+05:30
309,304,4.45,False,False,,409,36,3030,2026-09-21 13:42:20.897635+05:30,2026-09-21 13:42:20.897635+05:30
309,305,1.40,False,False,,409,36,3031,2026-09-21 13:42:20.897635+05:30,2026-09-21 13:42:20.897635+05:30
309,306,2.55,False,False,,409,36,3032,2026-09-21 13:42:20.897635+05:30,2026-09-21 13:42:20.897635+05:30
309,307,2.35,False,False,,409,36,3033,2026-09-21 13:42:20.897635+05:30,2026-09-21 13:42:20.897635+05:30
310,298,2.45,False,False,,407,36,3034,2026-09-21 13:42:20.897635+05:30,2026-09-21 13:42:20.897635+05:30
310,299,2.70,False,False,,407,36,3035,2026-09-21 13:42:20.897635+05:30,2026-09-21 13:42:20.897635+05:30
310,300,2.75,False,False,,407,36,3036,2026-09-21 13:42:20.897635+05:30,2026-09-21 13:42:20.897635+05:30
310,301,3.05,False,False,,407,36,3037,2026-09-21 13:42:20.897635+05:30,2026-09-21 13:42:20.897635+05:30
310,302,3.90,False,False,,407,36,3038,2026-09-21 13:42:20.897635+05:30,2026-09-21 13:42:20.897635+05:30
310,303,4.15,False,False,,407,36,3039,2026-09-21 13:42:20.897635+05:30,2026-09-21 13:42:20.897635+05:30
310,304,4.30,False,False,,407,36,3040,2026-09-21 13:42:20.897635+05:30,2026-09-21 13:42:20.897635+05:30
310,305,2.20,False,False,,407,36,3041,2026-09-21 13:42:20.897635+05:30,2026-09-21 13:42:20.897635+05:30
310,306,2.20,False,False,,407,36,3042,2026-09-21 13:42:20.897635+05:30,2026-09-21 13:42:20.897635+05:30
310,307,3.05,False,False,,407,36,3043,2026-09-21 13:42:20.897635+05:30,2026-09-21 13:42:20.897635+05:30
311,298,2.45,False,False,,413,36,3044,2026-09-21 13:42:20.897635+05:30,2026-09-21 13:42:20.897635+05:30
311,299,2.40,False,False,,413,36,3045,2026-09-21 13:42:20.897635+05:30,2026-09-21 13:42:20.897635+05:30
311,300,2.90,False,False,,413,36,3046,2026-09-21 13:42:20.897635+05:30,2026-09-21 13:42:20.897635+05:30
311,301,3.65,False,False,,413,36,3047,2026-09-21 13:42:20.897635+05:30,2026-09-21 13:42:20.897635+05:30
311,302,4.05,False,False,,413,36,3048,2026-09-21 13:42:20.897635+05:30,2026-09-21 13:42:20.897635+05:30
311,303,4.25,False,False,,413,36,3049,2026-09-21 13:42:20.897635+05:30,2026-09-21 13:42:20.897635+05:30
311,304,4.15,False,False,,413,36,3050,2026-09-21 13:42:20.897635+05:30,2026-09-21 13:42:20.897635+05:30
311,305,1.50,False,False,,413,36,3051,2026-09-21 13:42:20.897635+05:30,2026-09-21 13:42:20.897635+05:30
311,306,2.50,False,False,,413,36,3052,2026-09-21 13:42:20.897635+05:30,2026-09-21 13:42:20.897635+05:30
311,307,2.90,False,False,,413,36,3053,2026-09-21 13:42:20.897635+05:30,2026-09-21 13:42:20.897635+05:30
312,298,2.30,False,False,,411,36,3054,2026-09-21 13:42:20.897635+05:30,2026-09-21 13:42:20.897635+05:30
312,299,2.05,False,False,,411,36,3055,2026-09-21 13:42:20.897635+05:30,2026-09-21 13:42:20.897635+05:30
312,300,2.80,False,False,,411,36,3056,2026-09-21 13:42:20.897635+05:30,2026-09-21 13:42:20.897635+05:30
312,301,3.65,False,False,,411,36,3057,2026-09-21 13:42:20.897635+05:30,2026-09-21 13:42:20.897635+05:30
312,302,3.95,False,False,,411,36,3058,2026-09-21 13:42:20.897635+05:30,2026-09-21 13:42:20.897635+05:30
312,303,3.95,False,False,,411,36,3059,2026-09-21 13:42:20.897635+05:30,2026-09-21 13:42:20.897635+05:30
312,304,4.30,False,False,,411,36,3060,2026-09-21 13:42:20.897635+05:30,2026-09-21 13:42:20.897635+05:30
312,305,2.25,False,False,,411,36,3061,2026-09-21 13:42:20.897635+05:30,2026-09-21 13:42:20.897635+05:30
312,306,2.30,False,False,,411,36,3062,2026-09-21 13:42:20.897635+05:30,2026-09-21 13:42:20.897635+05:30
312,307,2.65,False,False,,411,36,3063,2026-09-21 13:42:20.897635+05:30,2026-09-21 13:42:20.897635+05:30
313,298,2.05,False,False,,416,36,3064,2026-09-21 13:42:20.897635+05:30,2026-09-21 13:42:20.897635+05:30
313,299,2.75,False,False,,416,36,3065,2026-09-21 13:42:20.897635+05:30,2026-09-21 13:42:20.897635+05:30
313,300,2.90,False,False,,416,36,3066,2026-09-21 13:42:20.897635+05:30,2026-09-21 13:42:20.897635+05:30
313,301,3.35,False,False,,416,36,3067,2026-09-21 13:42:20.897635+05:30,2026-09-21 13:42:20.897635+05:30
313,302,4.05,False,False,,416,36,3068,2026-09-21 13:42:20.897635+05:30,2026-09-21 13:42:20.897635+05:30
313,303,4.10,False,False,,416,36,3069,2026-09-21 13:42:20.897635+05:30,2026-09-21 13:42:20.897635+05:30
313,304,4.45,False,False,,416,36,3070,2026-09-21 13:42:20.897635+05:30,2026-09-21 13:42:20.897635+05:30
313,305,1.60,False,False,,416,36,3071,2026-09-21 13:42:20.897635+05:30,2026-09-21 13:42:20.897635+05:30
313,306,2.05,False,False,,416,36,3072,2026-09-21 13:42:20.897635+05:30,2026-09-21 13:42:20.897635+05:30
313,307,2.70,False,False,,416,36,3073,2026-09-21 13:42:20.897635+05:30,2026-09-21 13:42:20.897635+05:30
314,308,2.30,False,False,,408,36,3074,2026-09-21 13:42:20.897635+05:30,2026-09-21 13:42:20.897635+05:30
314,309,2.15,False,False,,408,36,3075,2026-09-21 13:42:20.897635+05:30,2026-09-21 13:42:20.897635+05:30
314,310,3.05,False,False,,408,36,3076,2026-09-21 13:42:20.897635+05:30,2026-09-21 13:42:20.897635+05:30
314,311,3.15,False,False,,408,36,3077,2026-09-21 13:42:20.897635+05:30,2026-09-21 13:42:20.897635+05:30
314,312,4.00,False,False,,408,36,3078,2026-09-21 13:42:20.897635+05:30,2026-09-21 13:42:20.897635+05:30
314,313,4.05,False,False,,408,36,3079,2026-09-21 13:42:20.897635+05:30,2026-09-21 13:42:20.897635+05:30
314,314,4.10,False,False,,408,36,3080,2026-09-21 13:42:20.897635+05:30,2026-09-21 13:42:20.897635+05:30
314,315,1.50,False,False,,408,36,3081,2026-09-21 13:42:20.897635+05:30,2026-09-21 13:42:20.897635+05:30
314,316,1.90,False,False,,408,36,3082,2026-09-21 13:42:20.897635+05:30,2026-09-21 13:42:20.897635+05:30
314,317,2.90,False,False,,408,36,3083,2026-09-21 13:42:20.897635+05:30,2026-09-21 13:42:20.897635+05:30
315,308,2.00,False,False,,409,36,3084,2026-09-21 13:42:20.897635+05:30,2026-09-21 13:42:20.897635+05:30
315,309,2.30,False,False,,409,36,3085,2026-09-21 13:42:20.897635+05:30,2026-09-21 13:42:20.897635+05:30
315,310,3.00,False,False,,409,36,3086,2026-09-21 13:42:20.897635+05:30,2026-09-21 13:42:20.897635+05:30
315,311,3.45,False,False,,409,36,3087,2026-09-21 13:42:20.897635+05:30,2026-09-21 13:42:20.897635+05:30
315,312,4.00,False,False,,409,36,3088,2026-09-21 13:42:20.897635+05:30,2026-09-21 13:42:20.897635+05:30
315,313,3.75,False,False,,409,36,3089,2026-09-21 13:42:20.897635+05:30,2026-09-21 13:42:20.897635+05:30
315,314,4.20,False,False,,409,36,3090,2026-09-21 13:42:20.897635+05:30,2026-09-21 13:42:20.897635+05:30
315,315,1.65,False,False,,409,36,3091,2026-09-21 13:42:20.897635+05:30,2026-09-21 13:42:20.897635+05:30
315,316,2.60,False,False,,409,36,3092,2026-09-21 13:42:20.897635+05:30,2026-09-21 13:42:20.897635+05:30
315,317,3.00,False,False,,409,36,3093,2026-09-21 13:42:20.897635+05:30,2026-09-21 13:42:20.897635+05:30
316,308,2.20,False,False,,407,36,3094,2026-09-21 13:42:20.897635+05:30,2026-09-21 13:42:20.897635+05:30
316,309,2.70,False,False,,407,36,3095,2026-09-21 13:42:20.897635+05:30,2026-09-21 13:42:20.897635+05:30
316,310,2.45,False,False,,407,36,3096,2026-09-21 13:42:20.897635+05:30,2026-09-21 13:42:20.897635+05:30
316,311,3.35,False,False,,407,36,3097,2026-09-21 13:42:20.897635+05:30,2026-09-21 13:42:20.897635+05:30
316,312,3.95,False,False,,407,36,3098,2026-09-21 13:42:20.897635+05:30,2026-09-21 13:42:20.897635+05:30
316,313,3.65,False,False,,407,36,3099,2026-09-21 13:42:20.897635+05:30,2026-09-21 13:42:20.897635+05:30
316,314,4.75,False,False,,407,36,3100,2026-09-21 13:42:20.897635+05:30,2026-09-21 13:42:20.897635+05:30
316,315,1.80,False,False,,407,36,3101,2026-09-21 13:42:20.897635+05:30,2026-09-21 13:42:20.897635+05:30
316,316,2.30,False,False,,407,36,3102,2026-09-21 13:42:20.897635+05:30,2026-09-21 13:42:20.897635+05:30
316,317,3.00,False,False,,407,36,3103,2026-09-21 13:42:20.897635+05:30,2026-09-21 13:42:20.897635+05:30
317,308,2.40,False,False,,413,36,3104,2026-09-21 13:42:20.897635+05:30,2026-09-21 13:42:20.897635+05:30
317,309,2.35,False,False,,413,36,3105,2026-09-21 13:42:20.897635+05:30,2026-09-21 13:42:20.897635+05:30
317,310,2.90,False,False,,413,36,3106,2026-09-21 13:42:20.897635+05:30,2026-09-21 13:42:20.897635+05:30
317,311,3.25,False,False,,413,36,3107,2026-09-21 13:42:20.897635+05:30,2026-09-21 13:42:20.897635+05:30
317,312,3.65,False,False,,413,36,3108,2026-09-21 13:42:20.897635+05:30,2026-09-21 13:42:20.897635+05:30
317,313,4.05,False,False,,413,36,3109,2026-09-21 13:42:20.897635+05:30,2026-09-21 13:42:20.897635+05:30
317,314,4.35,False,False,,413,36,3110,2026-09-21 13:42:20.897635+05:30,2026-09-21 13:42:20.897635+05:30
317,315,1.95,False,False,,413,36,3111,2026-09-21 13:42:20.897635+05:30,2026-09-21 13:42:20.897635+05:30
317,316,2.65,False,False,,413,36,3112,2026-09-21 13:42:20.897635+05:30,2026-09-21 13:42:20.897635+05:30
317,317,2.90,False,False,,413,36,3113,2026-09-21 13:42:20.897635+05:30,2026-09-21 13:42:20.897635+05:30
318,308,2.50,False,False,,411,36,3114,2026-09-21 13:42:20.897635+05:30,2026-09-21 13:42:20.897635+05:30
318,309,2.10,False,False,,411,36,3115,2026-09-21 13:42:20.897635+05:30,2026-09-21 13:42:20.897635+05:30
318,310,3.00,False,False,,411,36,3116,2026-09-21 13:42:20.897635+05:30,2026-09-21 13:42:20.897635+05:30
318,311,3.65,False,False,,411,36,3117,2026-09-21 13:42:20.897635+05:30,2026-09-21 13:42:20.897635+05:30
318,312,3.25,False,False,,411,36,3118,2026-09-21 13:42:20.897635+05:30,2026-09-21 13:42:20.897635+05:30
318,313,4.25,False,False,,411,36,3119,2026-09-21 13:42:20.897635+05:30,2026-09-21 13:42:20.897635+05:30
318,314,4.90,False,False,,411,36,3120,2026-09-21 13:42:20.897635+05:30,2026-09-21 13:42:20.897635+05:30
318,315,1.55,False,False,,411,36,3121,2026-09-21 13:42:20.897635+05:30,2026-09-21 13:42:20.897635+05:30
318,316,2.15,False,False,,411,36,3122,2026-09-21 13:42:20.897635+05:30,2026-09-21 13:42:20.897635+05:30
318,317,2.20,False,False,,411,36,3123,2026-09-21 13:42:20.897635+05:30,2026-09-21 13:42:20.897635+05:30
319,308,2.50,False,False,,416,36,3124,2026-09-21 13:42:20.897635+05:30,2026-09-21 13:42:20.897635+05:30
319,309,2.15,False,False,,416,36,3125,2026-09-21 13:42:20.897635+05:30,2026-09-21 13:42:20.897635+05:30
319,310,2.70,False,False,,416,36,3126,2026-09-21 13:42:20.897635+05:30,2026-09-21 13:42:20.897635+05:30
319,311,3.55,False,False,,416,36,3127,2026-09-21 13:42:20.897635+05:30,2026-09-21 13:42:20.897635+05:30
319,312,3.65,False,False,,416,36,3128,2026-09-21 13:42:20.897635+05:30,2026-09-21 13:42:20.897635+05:30
319,313,4.25,False,False,,416,36,3129,2026-09-21 13:42:20.897635+05:30,2026-09-21 13:42:20.897635+05:30
319,314,4.35,False,False,,416,36,3130,2026-09-21 13:42:20.897635+05:30,2026-09-21 13:42:20.897635+05:30
319,315,1.70,False,False,,416,36,3131,2026-09-21 13:42:20.897635+05:30,2026-09-21 13:42:20.897635+05:30
319,316,2.15,False,False,,416,36,3132,2026-09-21 13:42:20.897635+05:30,2026-09-21 13:42:20.897635+05:30
319,317,2.85,False,False,,416,36,3133,2026-09-21 13:42:20.897635+05:30,2026-09-21 13:42:20.897635+05:30
320,318,2.00,False,False,,408,36,3134,2026-09-21 13:42:20.897635+05:30,2026-09-21 13:42:20.897635+05:30
320,319,2.00,False,False,,408,36,3135,2026-09-21 13:42:20.897635+05:30,2026-09-21 13:42:20.897635+05:30
320,320,2.50,False,False,,408,36,3136,2026-09-21 13:42:20.897635+05:30,2026-09-21 13:42:20.897635+05:30
320,321,2.80,False,False,,408,36,3137,2026-09-21 13:42:20.897635+05:30,2026-09-21 13:42:20.897635+05:30
320,322,3.90,False,False,,408,36,3138,2026-09-21 13:42:20.897635+05:30,2026-09-21 13:42:20.897635+05:30
320,323,3.65,False,False,,408,36,3139,2026-09-21 13:42:20.897635+05:30,2026-09-21 13:42:20.897635+05:30
320,324,4.55,False,False,,408,36,3140,2026-09-21 13:42:20.897635+05:30,2026-09-21 13:42:20.897635+05:30
320,325,1.95,False,False,,408,36,3141,2026-09-21 13:42:20.897635+05:30,2026-09-21 13:42:20.897635+05:30
320,326,1.85,False,False,,408,36,3142,2026-09-21 13:42:20.897635+05:30,2026-09-21 13:42:20.897635+05:30
320,327,2.85,False,False,,408,36,3143,2026-09-21 13:42:20.897635+05:30,2026-09-21 13:42:20.897635+05:30
321,318,2.00,False,False,,409,36,3144,2026-09-21 13:42:20.897635+05:30,2026-09-21 13:42:20.897635+05:30
321,319,2.00,False,False,,409,36,3145,2026-09-21 13:42:20.897635+05:30,2026-09-21 13:42:20.897635+05:30
321,320,2.85,False,False,,409,36,3146,2026-09-21 13:42:20.897635+05:30,2026-09-21 13:42:20.897635+05:30
321,321,3.40,False,False,,409,36,3147,2026-09-21 13:42:20.897635+05:30,2026-09-21 13:42:20.897635+05:30
321,322,4.00,False,False,,409,36,3148,2026-09-21 13:42:20.897635+05:30,2026-09-21 13:42:20.897635+05:30
321,323,4.35,False,False,,409,36,3149,2026-09-21 13:42:20.897635+05:30,2026-09-21 13:42:20.897635+05:30
321,324,4.20,False,False,,409,36,3150,2026-09-21 13:42:20.897635+05:30,2026-09-21 13:42:20.897635+05:30
321,325,2.30,False,False,,409,36,3151,2026-09-21 13:42:20.897635+05:30,2026-09-21 13:42:20.897635+05:30
321,326,2.65,False,False,,409,36,3152,2026-09-21 13:42:20.897635+05:30,2026-09-21 13:42:20.897635+05:30
321,327,2.80,False,False,,409,36,3153,2026-09-21 13:42:20.897635+05:30,2026-09-21 13:42:20.897635+05:30
322,318,2.30,False,False,,407,36,3154,2026-09-21 13:42:20.897635+05:30,2026-09-21 13:42:20.897635+05:30
322,319,2.25,False,False,,407,36,3155,2026-09-21 13:42:20.897635+05:30,2026-09-21 13:42:20.897635+05:30
322,320,2.85,False,False,,407,36,3156,2026-09-21 13:42:20.897635+05:30,2026-09-21 13:42:20.897635+05:30
322,321,2.85,False,False,,407,36,3157,2026-09-21 13:42:20.897635+05:30,2026-09-21 13:42:20.897635+05:30
322,322,3.60,False,False,,407,36,3158,2026-09-21 13:42:20.897635+05:30,2026-09-21 13:42:20.897635+05:30
322,323,4.45,False,False,,407,36,3159,2026-09-21 13:42:20.897635+05:30,2026-09-21 13:42:20.897635+05:30
322,324,4.60,False,False,,407,36,3160,2026-09-21 13:42:20.897635+05:30,2026-09-21 13:42:20.897635+05:30
322,325,1.65,False,False,,407,36,3161,2026-09-21 13:42:20.897635+05:30,2026-09-21 13:42:20.897635+05:30
322,326,2.40,False,False,,407,36,3162,2026-09-21 13:42:20.897635+05:30,2026-09-21 13:42:20.897635+05:30
322,327,2.85,False,False,,407,36,3163,2026-09-21 13:42:20.897635+05:30,2026-09-21 13:42:20.897635+05:30
323,318,1.70,False,False,,413,36,3164,2026-09-21 13:42:20.897635+05:30,2026-09-21 13:42:20.897635+05:30
323,319,2.70,False,False,,413,36,3165,2026-09-21 13:42:20.897635+05:30,2026-09-21 13:42:20.897635+05:30
323,320,2.95,False,False,,413,36,3166,2026-09-21 13:42:20.897635+05:30,2026-09-21 13:42:20.897635+05:30
323,321,3.10,False,False,,413,36,3167,2026-09-21 13:42:20.897635+05:30,2026-09-21 13:42:20.897635+05:30
323,322,3.35,False,False,,413,36,3168,2026-09-21 13:42:20.897635+05:30,2026-09-21 13:42:20.897635+05:30
323,323,3.70,False,False,,413,36,3169,2026-09-21 13:42:20.897635+05:30,2026-09-21 13:42:20.897635+05:30
323,324,4.45,False,False,,413,36,3170,2026-09-21 13:42:20.897635+05:30,2026-09-21 13:42:20.897635+05:30
323,325,2.25,False,False,,413,36,3171,2026-09-21 13:42:20.897635+05:30,2026-09-21 13:42:20.897635+05:30
323,326,1.80,False,False,,413,36,3172,2026-09-21 13:42:20.897635+05:30,2026-09-21 13:42:20.897635+05:30
323,327,2.35,False,False,,413,36,3173,2026-09-21 13:42:20.897635+05:30,2026-09-21 13:42:20.897635+05:30
324,318,2.30,False,False,,411,36,3174,2026-09-21 13:42:20.897635+05:30,2026-09-21 13:42:20.897635+05:30
324,319,2.55,False,False,,411,36,3175,2026-09-21 13:42:20.897635+05:30,2026-09-21 13:42:20.897635+05:30
324,320,2.90,False,False,,411,36,3176,2026-09-21 13:42:20.897635+05:30,2026-09-21 13:42:20.897635+05:30
324,321,3.50,False,False,,411,36,3177,2026-09-21 13:42:20.897635+05:30,2026-09-21 13:42:20.897635+05:30
324,322,3.75,False,False,,411,36,3178,2026-09-21 13:42:20.897635+05:30,2026-09-21 13:42:20.897635+05:30
324,323,4.45,False,False,,411,36,3179,2026-09-21 13:42:20.897635+05:30,2026-09-21 13:42:20.897635+05:30
324,324,4.80,False,False,,411,36,3180,2026-09-21 13:42:20.897635+05:30,2026-09-21 13:42:20.897635+05:30
324,325,1.70,False,False,,411,36,3181,2026-09-21 13:42:20.897635+05:30,2026-09-21 13:42:20.897635+05:30
324,326,1.80,False,False,,411,36,3182,2026-09-21 13:42:20.897635+05:30,2026-09-21 13:42:20.897635+05:30
324,327,3.05,False,False,,411,36,3183,2026-09-21 13:42:20.897635+05:30,2026-09-21 13:42:20.897635+05:30
325,318,2.15,False,False,,416,36,3184,2026-09-21 13:42:20.897635+05:30,2026-09-21 13:42:20.897635+05:30
325,319,2.65,False,False,,416,36,3185,2026-09-21 13:42:20.897635+05:30,2026-09-21 13:42:20.897635+05:30
325,320,2.80,False,False,,416,36,3186,2026-09-21 13:42:20.897635+05:30,2026-09-21 13:42:20.897635+05:30
325,321,3.30,False,False,,416,36,3187,2026-09-21 13:42:20.897635+05:30,2026-09-21 13:42:20.897635+05:30
325,322,3.35,False,False,,416,36,3188,2026-09-21 13:42:20.897635+05:30,2026-09-21 13:42:20.897635+05:30
325,323,4.00,False,False,,416,36,3189,2026-09-21 13:42:20.897635+05:30,2026-09-21 13:42:20.897635+05:30
325,324,4.55,False,False,,416,36,3190,2026-09-21 13:42:20.897635+05:30,2026-09-21 13:42:20.897635+05:30
325,325,1.70,False,False,,416,36,3191,2026-09-21 13:42:20.897635+05:30,2026-09-21 13:42:20.897635+05:30
325,326,2.55,False,False,,416,36,3192,2026-09-21 13:42:20.897635+05:30,2026-09-21 13:42:20.897635+05:30
325,327,2.75,False,False,,416,36,3193,2026-09-21 13:42:20.897635+05:30,2026-09-21 13:42:20.897635+05:30
326,328,1.95,False,False,,408,36,3194,2026-09-21 13:42:20.897635+05:30,2026-09-21 13:42:20.897635+05:30
326,329,2.05,False,False,,408,36,3195,2026-09-21 13:42:20.897635+05:30,2026-09-21 13:42:20.897635+05:30
326,330,2.75,False,False,,408,36,3196,2026-09-21 13:42:20.897635+05:30,2026-09-21 13:42:20.897635+05:30
326,331,3.15,False,False,,408,36,3197,2026-09-21 13:42:20.897635+05:30,2026-09-21 13:42:20.897635+05:30
326,332,3.60,False,False,,408,36,3198,2026-09-21 13:42:20.897635+05:30,2026-09-21 13:42:20.897635+05:30
326,333,4.45,False,False,,408,36,3199,2026-09-21 13:42:20.897635+05:30,2026-09-21 13:42:20.897635+05:30
326,334,4.40,False,False,,408,36,3200,2026-09-21 13:42:20.897635+05:30,2026-09-21 13:42:20.897635+05:30
326,335,1.65,False,False,,408,36,3201,2026-09-21 13:42:20.897635+05:30,2026-09-21 13:42:20.897635+05:30
326,336,1.90,False,False,,408,36,3202,2026-09-21 13:42:20.897635+05:30,2026-09-21 13:42:20.897635+05:30
326,337,2.85,False,False,,408,36,3203,2026-09-21 13:42:20.897635+05:30,2026-09-21 13:42:20.897635+05:30
327,328,2.25,False,False,,409,36,3204,2026-09-21 13:42:20.897635+05:30,2026-09-21 13:42:20.897635+05:30
327,329,2.45,False,False,,409,36,3205,2026-09-21 13:42:20.897635+05:30,2026-09-21 13:42:20.897635+05:30
327,330,3.20,False,False,,409,36,3206,2026-09-21 13:42:20.897635+05:30,2026-09-21 13:42:20.897635+05:30
327,331,3.30,False,False,,409,36,3207,2026-09-21 13:42:20.897635+05:30,2026-09-21 13:42:20.897635+05:30
327,332,3.35,False,False,,409,36,3208,2026-09-21 13:42:20.897635+05:30,2026-09-21 13:42:20.897635+05:30
327,333,4.35,False,False,,409,36,3209,2026-09-21 13:42:20.897635+05:30,2026-09-21 13:42:20.897635+05:30
327,334,4.40,False,False,,409,36,3210,2026-09-21 13:42:20.897635+05:30,2026-09-21 13:42:20.897635+05:30
327,335,1.55,False,False,,409,36,3211,2026-09-21 13:42:20.897635+05:30,2026-09-21 13:42:20.897635+05:30
327,336,2.50,False,False,,409,36,3212,2026-09-21 13:42:20.897635+05:30,2026-09-21 13:42:20.897635+05:30
327,337,2.30,False,False,,409,36,3213,2026-09-21 13:42:20.897635+05:30,2026-09-21 13:42:20.897635+05:30
328,328,2.35,False,False,,407,36,3214,2026-09-21 13:42:20.897635+05:30,2026-09-21 13:42:20.897635+05:30
328,329,2.75,False,False,,407,36,3215,2026-09-21 13:42:20.897635+05:30,2026-09-21 13:42:20.897635+05:30
328,330,2.85,False,False,,407,36,3216,2026-09-21 13:42:20.897635+05:30,2026-09-21 13:42:20.897635+05:30
328,331,2.85,False,False,,407,36,3217,2026-09-21 13:42:20.897635+05:30,2026-09-21 13:42:20.897635+05:30
328,332,4.00,False,False,,407,36,3218,2026-09-21 13:42:20.897635+05:30,2026-09-21 13:42:20.897635+05:30
328,333,4.25,False,False,,407,36,3219,2026-09-21 13:42:20.897635+05:30,2026-09-21 13:42:20.897635+05:30
328,334,4.15,False,False,,407,36,3220,2026-09-21 13:42:20.897635+05:30,2026-09-21 13:42:20.897635+05:30
328,335,1.80,False,False,,407,36,3221,2026-09-21 13:42:20.897635+05:30,2026-09-21 13:42:20.897635+05:30
328,336,2.70,False,False,,407,36,3222,2026-09-21 13:42:20.897635+05:30,2026-09-21 13:42:20.897635+05:30
328,337,2.25,False,False,,407,36,3223,2026-09-21 13:42:20.897635+05:30,2026-09-21 13:42:20.897635+05:30
329,328,2.00,False,False,,413,36,3224,2026-09-21 13:42:20.897635+05:30,2026-09-21 13:42:20.897635+05:30
329,329,2.90,False,False,,413,36,3225,2026-09-21 13:42:20.897635+05:30,2026-09-21 13:42:20.897635+05:30
329,330,2.55,False,False,,413,36,3226,2026-09-21 13:42:20.897635+05:30,2026-09-21 13:42:20.897635+05:30
329,331,2.95,False,False,,413,36,3227,2026-09-21 13:42:20.897635+05:30,2026-09-21 13:42:20.897635+05:30
329,332,3.30,False,False,,413,36,3228,2026-09-21 13:42:20.897635+05:30,2026-09-21 13:42:20.897635+05:30
329,333,4.50,False,False,,413,36,3229,2026-09-21 13:42:20.897635+05:30,2026-09-21 13:42:20.897635+05:30
329,334,4.00,False,False,,413,36,3230,2026-09-21 13:42:20.897635+05:30,2026-09-21 13:42:20.897635+05:30
329,335,1.95,False,False,,413,36,3231,2026-09-21 13:42:20.897635+05:30,2026-09-21 13:42:20.897635+05:30
329,336,2.65,False,False,,413,36,3232,2026-09-21 13:42:20.897635+05:30,2026-09-21 13:42:20.897635+05:30
329,337,2.55,False,False,,413,36,3233,2026-09-21 13:42:20.897635+05:30,2026-09-21 13:42:20.897635+05:30
330,328,2.05,False,False,,411,36,3234,2026-09-21 13:42:20.897635+05:30,2026-09-21 13:42:20.897635+05:30
330,329,2.75,False,False,,411,36,3235,2026-09-21 13:42:20.897635+05:30,2026-09-21 13:42:20.897635+05:30
330,330,3.05,False,False,,411,36,3236,2026-09-21 13:42:20.897635+05:30,2026-09-21 13:42:20.897635+05:30
330,331,3.00,False,False,,411,36,3237,2026-09-21 13:42:20.897635+05:30,2026-09-21 13:42:20.897635+05:30
330,332,3.50,False,False,,411,36,3238,2026-09-21 13:42:20.897635+05:30,2026-09-21 13:42:20.897635+05:30
330,333,4.40,False,False,,411,36,3239,2026-09-21 13:42:20.897635+05:30,2026-09-21 13:42:20.897635+05:30
330,334,4.25,False,False,,411,36,3240,2026-09-21 13:42:20.897635+05:30,2026-09-21 13:42:20.897635+05:30
330,335,2.20,False,False,,411,36,3241,2026-09-21 13:42:20.897635+05:30,2026-09-21 13:42:20.897635+05:30
330,336,2.45,False,False,,411,36,3242,2026-09-21 13:42:20.897635+05:30,2026-09-21 13:42:20.897635+05:30
330,337,2.70,False,False,,411,36,3243,2026-09-21 13:42:20.897635+05:30,2026-09-21 13:42:20.897635+05:30
331,328,2.50,False,False,,416,36,3244,2026-09-21 13:42:20.897635+05:30,2026-09-21 13:42:20.897635+05:30
331,329,2.40,False,False,,416,36,3245,2026-09-21 13:42:20.897635+05:30,2026-09-21 13:42:20.897635+05:30
331,330,2.45,False,False,,416,36,3246,2026-09-21 13:42:20.897635+05:30,2026-09-21 13:42:20.897635+05:30
331,331,3.10,False,False,,416,36,3247,2026-09-21 13:42:20.897635+05:30,2026-09-21 13:42:20.897635+05:30
331,332,3.45,False,False,,416,36,3248,2026-09-21 13:42:20.897635+05:30,2026-09-21 13:42:20.897635+05:30
331,333,4.20,False,False,,416,36,3249,2026-09-21 13:42:20.897635+05:30,2026-09-21 13:42:20.897635+05:30
331,334,4.30,False,False,,416,36,3250,2026-09-21 13:42:20.897635+05:30,2026-09-21 13:42:20.897635+05:30
331,335,2.00,False,False,,416,36,3251,2026-09-21 13:42:20.897635+05:30,2026-09-21 13:42:20.897635+05:30
331,336,2.20,False,False,,416,36,3252,2026-09-21 13:42:20.897635+05:30,2026-09-21 13:42:20.897635+05:30
331,337,3.05,False,False,,416,36,3253,2026-09-21 13:42:20.897635+05:30,2026-09-21 13:42:20.897635+05:30
332,338,2.40,False,False,,408,36,3254,2026-09-21 13:42:20.897635+05:30,2026-09-21 13:42:20.897635+05:30
332,339,2.55,False,False,,408,36,3255,2026-09-21 13:42:20.897635+05:30,2026-09-21 13:42:20.897635+05:30
332,340,2.95,False,False,,408,36,3256,2026-09-21 13:42:20.897635+05:30,2026-09-21 13:42:20.897635+05:30
332,341,3.00,False,False,,408,36,3257,2026-09-21 13:42:20.897635+05:30,2026-09-21 13:42:20.897635+05:30
332,342,4.05,False,False,,408,36,3258,2026-09-21 13:42:20.897635+05:30,2026-09-21 13:42:20.897635+05:30
332,343,4.15,False,False,,408,36,3259,2026-09-21 13:42:20.897635+05:30,2026-09-21 13:42:20.897635+05:30
332,344,4.30,False,False,,408,36,3260,2026-09-21 13:42:20.897635+05:30,2026-09-21 13:42:20.897635+05:30
332,345,1.80,False,False,,408,36,3261,2026-09-21 13:42:20.897635+05:30,2026-09-21 13:42:20.897635+05:30
332,346,2.10,False,False,,408,36,3262,2026-09-21 13:42:20.897635+05:30,2026-09-21 13:42:20.897635+05:30
332,347,2.25,False,False,,408,36,3263,2026-09-21 13:42:20.897635+05:30,2026-09-21 13:42:20.897635+05:30
333,338,1.85,False,False,,409,36,3264,2026-09-21 13:42:20.897635+05:30,2026-09-21 13:42:20.897635+05:30
333,339,2.45,False,False,,409,36,3265,2026-09-21 13:42:20.897635+05:30,2026-09-21 13:42:20.897635+05:30
333,340,3.10,False,False,,409,36,3266,2026-09-21 13:42:20.897635+05:30,2026-09-21 13:42:20.897635+05:30
333,341,3.70,False,False,,409,36,3267,2026-09-21 13:42:20.897635+05:30,2026-09-21 13:42:20.897635+05:30
333,342,3.85,False,False,,409,36,3268,2026-09-21 13:42:20.897635+05:30,2026-09-21 13:42:20.897635+05:30
333,343,3.70,False,False,,409,36,3269,2026-09-21 13:42:20.897635+05:30,2026-09-21 13:42:20.897635+05:30
333,344,4.90,False,False,,409,36,3270,2026-09-21 13:42:20.897635+05:30,2026-09-21 13:42:20.897635+05:30
333,345,1.45,False,False,,409,36,3271,2026-09-21 13:42:20.897635+05:30,2026-09-21 13:42:20.897635+05:30
333,346,2.25,False,False,,409,36,3272,2026-09-21 13:42:20.897635+05:30,2026-09-21 13:42:20.897635+05:30
333,347,3.05,False,False,,409,36,3273,2026-09-21 13:42:20.897635+05:30,2026-09-21 13:42:20.897635+05:30
334,338,2.50,False,False,,407,36,3274,2026-09-21 13:42:20.897635+05:30,2026-09-21 13:42:20.897635+05:30
334,339,2.10,False,False,,407,36,3275,2026-09-21 13:42:20.897635+05:30,2026-09-21 13:42:20.897635+05:30
334,340,2.50,False,False,,407,36,3276,2026-09-21 13:42:20.897635+05:30,2026-09-21 13:42:20.897635+05:30
334,341,3.45,False,False,,407,36,3277,2026-09-21 13:42:20.897635+05:30,2026-09-21 13:42:20.897635+05:30
334,342,3.55,False,False,,407,36,3278,2026-09-21 13:42:20.897635+05:30,2026-09-21 13:42:20.897635+05:30
334,343,4.30,False,False,,407,36,3279,2026-09-21 13:42:20.897635+05:30,2026-09-21 13:42:20.897635+05:30
334,344,4.80,False,False,,407,36,3280,2026-09-21 13:42:20.897635+05:30,2026-09-21 13:42:20.897635+05:30
334,345,2.30,False,False,,407,36,3281,2026-09-21 13:42:20.897635+05:30,2026-09-21 13:42:20.897635+05:30
334,346,2.05,False,False,,407,36,3282,2026-09-21 13:42:20.897635+05:30,2026-09-21 13:42:20.897635+05:30
334,347,2.85,False,False,,407,36,3283,2026-09-21 13:42:20.897635+05:30,2026-09-21 13:42:20.897635+05:30
335,338,2.25,False,False,,413,36,3284,2026-09-21 13:42:20.897635+05:30,2026-09-21 13:42:20.897635+05:30
335,339,2.70,False,False,,413,36,3285,2026-09-21 13:42:20.897635+05:30,2026-09-21 13:42:20.897635+05:30
335,340,3.15,False,False,,413,36,3286,2026-09-21 13:42:20.897635+05:30,2026-09-21 13:42:20.897635+05:30
335,341,2.90,False,False,,413,36,3287,2026-09-21 13:42:20.897635+05:30,2026-09-21 13:42:20.897635+05:30
335,342,3.80,False,False,,413,36,3288,2026-09-21 13:42:20.897635+05:30,2026-09-21 13:42:20.897635+05:30
335,343,3.80,False,False,,413,36,3289,2026-09-21 13:42:20.897635+05:30,2026-09-21 13:42:20.897635+05:30
335,344,4.80,False,False,,413,36,3290,2026-09-21 13:42:20.897635+05:30,2026-09-21 13:42:20.897635+05:30
335,345,1.75,False,False,,413,36,3291,2026-09-21 13:42:20.897635+05:30,2026-09-21 13:42:20.897635+05:30
335,346,2.30,False,False,,413,36,3292,2026-09-21 13:42:20.897635+05:30,2026-09-21 13:42:20.897635+05:30
335,347,2.75,False,False,,413,36,3293,2026-09-21 13:42:20.897635+05:30,2026-09-21 13:42:20.897635+05:30
336,338,2.05,False,False,,411,36,3294,2026-09-21 13:42:20.897635+05:30,2026-09-21 13:42:20.897635+05:30
336,339,2.20,False,False,,411,36,3295,2026-09-21 13:42:20.897635+05:30,2026-09-21 13:42:20.897635+05:30
336,340,2.60,False,False,,411,36,3296,2026-09-21 13:42:20.897635+05:30,2026-09-21 13:42:20.897635+05:30
336,341,2.80,False,False,,411,36,3297,2026-09-21 13:42:20.897635+05:30,2026-09-21 13:42:20.897635+05:30
336,342,3.70,False,False,,411,36,3298,2026-09-21 13:42:20.897635+05:30,2026-09-21 13:42:20.897635+05:30
336,343,4.00,False,False,,411,36,3299,2026-09-21 13:42:20.897635+05:30,2026-09-21 13:42:20.897635+05:30
336,344,4.40,False,False,,411,36,3300,2026-09-21 13:42:20.897635+05:30,2026-09-21 13:42:20.897635+05:30
336,345,1.45,False,False,,411,36,3301,2026-09-21 13:42:20.897635+05:30,2026-09-21 13:42:20.897635+05:30
336,346,2.30,False,False,,411,36,3302,2026-09-21 13:42:20.897635+05:30,2026-09-21 13:42:20.897635+05:30
336,347,3.05,False,False,,411,36,3303,2026-09-21 13:42:20.897635+05:30,2026-09-21 13:42:20.897635+05:30
337,338,1.85,False,False,,416,36,3304,2026-09-21 13:42:20.897635+05:30,2026-09-21 13:42:20.897635+05:30
337,339,2.25,False,False,,416,36,3305,2026-09-21 13:42:20.897635+05:30,2026-09-21 13:42:20.897635+05:30
337,340,2.90,False,False,,416,36,3306,2026-09-21 13:42:20.897635+05:30,2026-09-21 13:42:20.897635+05:30
337,341,3.05,False,False,,416,36,3307,2026-09-21 13:42:20.897635+05:30,2026-09-21 13:42:20.897635+05:30
337,342,4.05,False,False,,416,36,3308,2026-09-21 13:42:20.897635+05:30,2026-09-21 13:42:20.897635+05:30
337,343,4.15,False,False,,416,36,3309,2026-09-21 13:42:20.897635+05:30,2026-09-21 13:42:20.897635+05:30
337,344,4.55,False,False,,416,36,3310,2026-09-21 13:42:20.897635+05:30,2026-09-21 13:42:20.897635+05:30
337,345,1.95,False,False,,416,36,3311,2026-09-21 13:42:20.897635+05:30,2026-09-21 13:42:20.897635+05:30
337,346,2.55,False,False,,416,36,3312,2026-09-21 13:42:20.897635+05:30,2026-09-21 13:42:20.897635+05:30
337,347,2.50,False,False,,416,36,3313,2026-09-21 13:42:20.897635+05:30,2026-09-21 13:42:20.897635+05:30
338,348,1.95,False,False,,417,36,3314,2026-09-21 13:42:20.897635+05:30,2026-09-21 13:42:20.897635+05:30
338,349,2.90,False,False,,417,36,3315,2026-09-21 13:42:20.897635+05:30,2026-09-21 13:42:20.897635+05:30
338,350,3.25,False,False,,417,36,3316,2026-09-21 13:42:20.897635+05:30,2026-09-21 13:42:20.897635+05:30
338,351,3.00,False,False,,417,36,3317,2026-09-21 13:42:20.897635+05:30,2026-09-21 13:42:20.897635+05:30
338,352,3.95,False,False,,417,36,3318,2026-09-21 13:42:20.897635+05:30,2026-09-21 13:42:20.897635+05:30
338,353,3.75,False,False,,417,36,3319,2026-09-21 13:42:20.897635+05:30,2026-09-21 13:42:20.897635+05:30
338,354,4.70,False,False,,417,36,3320,2026-09-21 13:42:20.897635+05:30,2026-09-21 13:42:20.897635+05:30
338,355,1.50,False,False,,417,36,3321,2026-09-21 13:42:20.897635+05:30,2026-09-21 13:42:20.897635+05:30
338,356,2.25,False,False,,417,36,3322,2026-09-21 13:42:20.897635+05:30,2026-09-21 13:42:20.897635+05:30
338,357,3.00,False,False,,417,36,3323,2026-09-21 13:42:20.897635+05:30,2026-09-21 13:42:20.897635+05:30
339,348,2.05,False,False,,414,36,3324,2026-09-21 13:42:20.897635+05:30,2026-09-21 13:42:20.897635+05:30
339,349,2.20,False,False,,414,36,3325,2026-09-21 13:42:20.897635+05:30,2026-09-21 13:42:20.897635+05:30
339,350,2.45,False,False,,414,36,3326,2026-09-21 13:42:20.897635+05:30,2026-09-21 13:42:20.897635+05:30
339,351,2.85,False,False,,414,36,3327,2026-09-21 13:42:20.897635+05:30,2026-09-21 13:42:20.897635+05:30
339,352,3.40,False,False,,414,36,3328,2026-09-21 13:42:20.897635+05:30,2026-09-21 13:42:20.897635+05:30
339,353,3.80,False,False,,414,36,3329,2026-09-21 13:42:20.897635+05:30,2026-09-21 13:42:20.897635+05:30
339,354,4.75,False,False,,414,36,3330,2026-09-21 13:42:20.897635+05:30,2026-09-21 13:42:20.897635+05:30
339,355,2.00,False,False,,414,36,3331,2026-09-21 13:42:20.897635+05:30,2026-09-21 13:42:20.897635+05:30
339,356,2.00,False,False,,414,36,3332,2026-09-21 13:42:20.897635+05:30,2026-09-21 13:42:20.897635+05:30
339,357,2.35,False,False,,414,36,3333,2026-09-21 13:42:20.897635+05:30,2026-09-21 13:42:20.897635+05:30
340,348,2.20,False,False,,418,36,3334,2026-09-21 13:42:20.897635+05:30,2026-09-21 13:42:20.897635+05:30
340,349,2.05,False,False,,418,36,3335,2026-09-21 13:42:20.897635+05:30,2026-09-21 13:42:20.897635+05:30
340,350,3.30,False,False,,418,36,3336,2026-09-21 13:42:20.897635+05:30,2026-09-21 13:42:20.897635+05:30
340,351,3.45,False,False,,418,36,3337,2026-09-21 13:42:20.897635+05:30,2026-09-21 13:42:20.897635+05:30
340,352,3.40,False,False,,418,36,3338,2026-09-21 13:42:20.897635+05:30,2026-09-21 13:42:20.897635+05:30
340,353,3.70,False,False,,418,36,3339,2026-09-21 13:42:20.897635+05:30,2026-09-21 13:42:20.897635+05:30
340,354,4.65,False,False,,418,36,3340,2026-09-21 13:42:20.897635+05:30,2026-09-21 13:42:20.897635+05:30
340,355,1.60,False,False,,418,36,3341,2026-09-21 13:42:20.897635+05:30,2026-09-21 13:42:20.897635+05:30
340,356,2.70,False,False,,418,36,3342,2026-09-21 13:42:20.897635+05:30,2026-09-21 13:42:20.897635+05:30
340,357,2.65,False,False,,418,36,3343,2026-09-21 13:42:20.897635+05:30,2026-09-21 13:42:20.897635+05:30
341,348,2.05,False,False,,415,36,3344,2026-09-21 13:42:20.897635+05:30,2026-09-21 13:42:20.897635+05:30
341,349,2.50,False,False,,415,36,3345,2026-09-21 13:42:20.897635+05:30,2026-09-21 13:42:20.897635+05:30
341,350,2.40,False,False,,415,36,3346,2026-09-21 13:42:20.897635+05:30,2026-09-21 13:42:20.897635+05:30
341,351,3.20,False,False,,415,36,3347,2026-09-21 13:42:20.897635+05:30,2026-09-21 13:42:20.897635+05:30
341,352,4.05,False,False,,415,36,3348,2026-09-21 13:42:20.897635+05:30,2026-09-21 13:42:20.897635+05:30
341,353,4.05,False,False,,415,36,3349,2026-09-21 13:42:20.897635+05:30,2026-09-21 13:42:20.897635+05:30
341,354,4.45,False,False,,415,36,3350,2026-09-21 13:42:20.897635+05:30,2026-09-21 13:42:20.897635+05:30
341,355,2.20,False,False,,415,36,3351,2026-09-21 13:42:20.897635+05:30,2026-09-21 13:42:20.897635+05:30
341,356,2.20,False,False,,415,36,3352,2026-09-21 13:42:20.897635+05:30,2026-09-21 13:42:20.897635+05:30
341,357,2.95,False,False,,415,36,3353,2026-09-21 13:42:20.897635+05:30,2026-09-21 13:42:20.897635+05:30
342,348,2.25,False,False,,412,36,3354,2026-09-21 13:42:20.897635+05:30,2026-09-21 13:42:20.897635+05:30
342,349,2.85,False,False,,412,36,3355,2026-09-21 13:42:20.897635+05:30,2026-09-21 13:42:20.897635+05:30
342,350,2.80,False,False,,412,36,3356,2026-09-21 13:42:20.897635+05:30,2026-09-21 13:42:20.897635+05:30
342,351,3.40,False,False,,412,36,3357,2026-09-21 13:42:20.897635+05:30,2026-09-21 13:42:20.897635+05:30
342,352,3.60,False,False,,412,36,3358,2026-09-21 13:42:20.897635+05:30,2026-09-21 13:42:20.897635+05:30
342,353,3.95,False,False,,412,36,3359,2026-09-21 13:42:20.897635+05:30,2026-09-21 13:42:20.897635+05:30
342,354,4.70,False,False,,412,36,3360,2026-09-21 13:42:20.897635+05:30,2026-09-21 13:42:20.897635+05:30
342,355,1.75,False,False,,412,36,3361,2026-09-21 13:42:20.897635+05:30,2026-09-21 13:42:20.897635+05:30
342,356,2.30,False,False,,412,36,3362,2026-09-21 13:42:20.897635+05:30,2026-09-21 13:42:20.897635+05:30
342,357,2.80,False,False,,412,36,3363,2026-09-21 13:42:20.897635+05:30,2026-09-21 13:42:20.897635+05:30
343,348,2.05,False,False,,410,36,3364,2026-09-21 13:42:20.897635+05:30,2026-09-21 13:42:20.897635+05:30
343,349,2.05,False,False,,410,36,3365,2026-09-21 13:42:20.897635+05:30,2026-09-21 13:42:20.897635+05:30
343,350,2.85,False,False,,410,36,3366,2026-09-21 13:42:20.897635+05:30,2026-09-21 13:42:20.897635+05:30
343,351,3.30,False,False,,410,36,3367,2026-09-21 13:42:20.897635+05:30,2026-09-21 13:42:20.897635+05:30
343,352,3.95,False,False,,410,36,3368,2026-09-21 13:42:20.897635+05:30,2026-09-21 13:42:20.897635+05:30
343,353,4.50,False,False,,410,36,3369,2026-09-21 13:42:20.897635+05:30,2026-09-21 13:42:20.897635+05:30
343,354,4.00,False,False,,410,36,3370,2026-09-21 13:42:20.897635+05:30,2026-09-21 13:42:20.897635+05:30
343,355,1.50,False,False,,410,36,3371,2026-09-21 13:42:20.897635+05:30,2026-09-21 13:42:20.897635+05:30
343,356,2.40,False,False,,410,36,3372,2026-09-21 13:42:20.897635+05:30,2026-09-21 13:42:20.897635+05:30
343,357,2.40,False,False,,410,36,3373,2026-09-21 13:42:20.897635+05:30,2026-09-21 13:42:20.897635+05:30
344,358,1.90,False,False,,417,36,3374,2026-09-21 13:42:20.897635+05:30,2026-09-21 13:42:20.897635+05:30
344,359,2.30,False,False,,417,36,3375,2026-09-21 13:42:20.897635+05:30,2026-09-21 13:42:20.897635+05:30
344,360,2.90,False,False,,417,36,3376,2026-09-21 13:42:20.897635+05:30,2026-09-21 13:42:20.897635+05:30
344,361,3.50,False,False,,417,36,3377,2026-09-21 13:42:20.897635+05:30,2026-09-21 13:42:20.897635+05:30
344,362,3.50,False,False,,417,36,3378,2026-09-21 13:42:20.897635+05:30,2026-09-21 13:42:20.897635+05:30
344,363,4.25,False,False,,417,36,3379,2026-09-21 13:42:20.897635+05:30,2026-09-21 13:42:20.897635+05:30
344,364,4.30,False,False,,417,36,3380,2026-09-21 13:42:20.897635+05:30,2026-09-21 13:42:20.897635+05:30
344,365,2.25,False,False,,417,36,3381,2026-09-21 13:42:20.897635+05:30,2026-09-21 13:42:20.897635+05:30
344,366,2.30,False,False,,417,36,3382,2026-09-21 13:42:20.897635+05:30,2026-09-21 13:42:20.897635+05:30
344,367,2.90,False,False,,417,36,3383,2026-09-21 13:42:20.897635+05:30,2026-09-21 13:42:20.897635+05:30
345,358,2.20,False,False,,414,36,3384,2026-09-21 13:42:20.897635+05:30,2026-09-21 13:42:20.897635+05:30
345,359,2.05,False,False,,414,36,3385,2026-09-21 13:42:20.897635+05:30,2026-09-21 13:42:20.897635+05:30
345,360,2.50,False,False,,414,36,3386,2026-09-21 13:42:20.897635+05:30,2026-09-21 13:42:20.897635+05:30
345,361,3.40,False,False,,414,36,3387,2026-09-21 13:42:20.897635+05:30,2026-09-21 13:42:20.897635+05:30
345,362,3.70,False,False,,414,36,3388,2026-09-21 13:42:20.897635+05:30,2026-09-21 13:42:20.897635+05:30
345,363,3.85,False,False,,414,36,3389,2026-09-21 13:42:20.897635+05:30,2026-09-21 13:42:20.897635+05:30
345,364,4.55,False,False,,414,36,3390,2026-09-21 13:42:20.897635+05:30,2026-09-21 13:42:20.897635+05:30
345,365,2.15,False,False,,414,36,3391,2026-09-21 13:42:20.897635+05:30,2026-09-21 13:42:20.897635+05:30
345,366,2.55,False,False,,414,36,3392,2026-09-21 13:42:20.897635+05:30,2026-09-21 13:42:20.897635+05:30
345,367,2.95,False,False,,414,36,3393,2026-09-21 13:42:20.897635+05:30,2026-09-21 13:42:20.897635+05:30
346,358,2.50,False,False,,418,36,3394,2026-09-21 13:42:20.897635+05:30,2026-09-21 13:42:20.897635+05:30
346,359,2.90,False,False,,418,36,3395,2026-09-21 13:42:20.897635+05:30,2026-09-21 13:42:20.897635+05:30
346,360,3.25,False,False,,418,36,3396,2026-09-21 13:42:20.897635+05:30,2026-09-21 13:42:20.897635+05:30
346,361,2.80,False,False,,418,36,3397,2026-09-21 13:42:20.897635+05:30,2026-09-21 13:42:20.897635+05:30
346,362,3.50,False,False,,418,36,3398,2026-09-21 13:42:20.897635+05:30,2026-09-21 13:42:20.897635+05:30
346,363,4.10,False,False,,418,36,3399,2026-09-21 13:42:20.897635+05:30,2026-09-21 13:42:20.897635+05:30
346,364,4.15,False,False,,418,36,3400,2026-09-21 13:42:20.897635+05:30,2026-09-21 13:42:20.897635+05:30
346,365,2.25,False,False,,418,36,3401,2026-09-21 13:42:20.897635+05:30,2026-09-21 13:42:20.897635+05:30
346,366,1.80,False,False,,418,36,3402,2026-09-21 13:42:20.897635+05:30,2026-09-21 13:42:20.897635+05:30
346,367,2.75,False,False,,418,36,3403,2026-09-21 13:42:20.897635+05:30,2026-09-21 13:42:20.897635+05:30
347,358,2.45,False,False,,415,36,3404,2026-09-21 13:42:20.897635+05:30,2026-09-21 13:42:20.897635+05:30
347,359,2.30,False,False,,415,36,3405,2026-09-21 13:42:20.897635+05:30,2026-09-21 13:42:20.897635+05:30
347,360,2.65,False,False,,415,36,3406,2026-09-21 13:42:20.897635+05:30,2026-09-21 13:42:20.897635+05:30
347,361,3.05,False,False,,415,36,3407,2026-09-21 13:42:20.897635+05:30,2026-09-21 13:42:20.897635+05:30
347,362,3.90,False,False,,415,36,3408,2026-09-21 13:42:20.897635+05:30,2026-09-21 13:42:20.897635+05:30
347,363,3.85,False,False,,415,36,3409,2026-09-21 13:42:20.897635+05:30,2026-09-21 13:42:20.897635+05:30
347,364,4.85,False,False,,415,36,3410,2026-09-21 13:42:20.897635+05:30,2026-09-21 13:42:20.897635+05:30
347,365,1.60,False,False,,415,36,3411,2026-09-21 13:42:20.897635+05:30,2026-09-21 13:42:20.897635+05:30
347,366,2.35,False,False,,415,36,3412,2026-09-21 13:42:20.897635+05:30,2026-09-21 13:42:20.897635+05:30
347,367,2.55,False,False,,415,36,3413,2026-09-21 13:42:20.897635+05:30,2026-09-21 13:42:20.897635+05:30
348,358,2.00,False,False,,412,36,3414,2026-09-21 13:42:20.897635+05:30,2026-09-21 13:42:20.897635+05:30
348,359,2.90,False,False,,412,36,3415,2026-09-21 13:42:20.897635+05:30,2026-09-21 13:42:20.897635+05:30
348,360,2.85,False,False,,412,36,3416,2026-09-21 13:42:20.897635+05:30,2026-09-21 13:42:20.897635+05:30
348,361,3.30,False,False,,412,36,3417,2026-09-21 13:42:20.897635+05:30,2026-09-21 13:42:20.897635+05:30
348,362,3.45,False,False,,412,36,3418,2026-09-21 13:42:20.897635+05:30,2026-09-21 13:42:20.897635+05:30
348,363,3.65,False,False,,412,36,3419,2026-09-21 13:42:20.897635+05:30,2026-09-21 13:42:20.897635+05:30
348,364,4.35,False,False,,412,36,3420,2026-09-21 13:42:20.897635+05:30,2026-09-21 13:42:20.897635+05:30
348,365,1.90,False,False,,412,36,3421,2026-09-21 13:42:20.897635+05:30,2026-09-21 13:42:20.897635+05:30
348,366,2.45,False,False,,412,36,3422,2026-09-21 13:42:20.897635+05:30,2026-09-21 13:42:20.897635+05:30
348,367,2.55,False,False,,412,36,3423,2026-09-21 13:42:20.897635+05:30,2026-09-21 13:42:20.897635+05:30
349,358,2.10,False,False,,410,36,3424,2026-09-21 13:42:20.897635+05:30,2026-09-21 13:42:20.897635+05:30
349,359,2.70,False,False,,410,36,3425,2026-09-21 13:42:20.897635+05:30,2026-09-21 13:42:20.897635+05:30
349,360,2.95,False,False,,410,36,3426,2026-09-21 13:42:20.897635+05:30,2026-09-21 13:42:20.897635+05:30
349,361,3.70,False,False,,410,36,3427,2026-09-21 13:42:20.897635+05:30,2026-09-21 13:42:20.897635+05:30
349,362,3.70,False,False,,410,36,3428,2026-09-21 13:42:20.897635+05:30,2026-09-21 13:42:20.897635+05:30
349,363,3.75,False,False,,410,36,3429,2026-09-21 13:42:20.897635+05:30,2026-09-21 13:42:20.897635+05:30
349,364,4.55,False,False,,410,36,3430,2026-09-21 13:42:20.897635+05:30,2026-09-21 13:42:20.897635+05:30
349,365,1.90,False,False,,410,36,3431,2026-09-21 13:42:20.897635+05:30,2026-09-21 13:42:20.897635+05:30
349,366,2.45,False,False,,410,36,3432,2026-09-21 13:42:20.897635+05:30,2026-09-21 13:42:20.897635+05:30
349,367,2.65,False,False,,410,36,3433,2026-09-21 13:42:20.897635+05:30,2026-09-21 13:42:20.897635+05:30
350,368,2.05,False,False,,417,36,3434,2026-09-21 13:42:20.897635+05:30,2026-09-21 13:42:20.897635+05:30
350,369,2.55,False,False,,417,36,3435,2026-09-21 13:42:20.897635+05:30,2026-09-21 13:42:20.897635+05:30
350,370,3.25,False,False,,417,36,3436,2026-09-21 13:42:20.897635+05:30,2026-09-21 13:42:20.897635+05:30
350,371,3.35,False,False,,417,36,3437,2026-09-21 13:42:20.897635+05:30,2026-09-21 13:42:20.897635+05:30
350,372,3.55,False,False,,417,36,3438,2026-09-21 13:42:20.897635+05:30,2026-09-21 13:42:20.897635+05:30
350,373,4.10,False,False,,417,36,3439,2026-09-21 13:42:20.897635+05:30,2026-09-21 13:42:20.897635+05:30
350,374,4.25,False,False,,417,36,3440,2026-09-21 13:42:20.897635+05:30,2026-09-21 13:42:20.897635+05:30
350,375,2.00,False,False,,417,36,3441,2026-09-21 13:42:20.897635+05:30,2026-09-21 13:42:20.897635+05:30
350,376,2.35,False,False,,417,36,3442,2026-09-21 13:42:20.897635+05:30,2026-09-21 13:42:20.897635+05:30
350,377,2.75,False,False,,417,36,3443,2026-09-21 13:42:20.897635+05:30,2026-09-21 13:42:20.897635+05:30
351,368,2.30,False,False,,414,36,3444,2026-09-21 13:42:20.897635+05:30,2026-09-21 13:42:20.897635+05:30
351,369,2.35,False,False,,414,36,3445,2026-09-21 13:42:20.897635+05:30,2026-09-21 13:42:20.897635+05:30
351,370,2.50,False,False,,414,36,3446,2026-09-21 13:42:20.897635+05:30,2026-09-21 13:42:20.897635+05:30
351,371,3.45,False,False,,414,36,3447,2026-09-21 13:42:20.897635+05:30,2026-09-21 13:42:20.897635+05:30
351,372,3.55,False,False,,414,36,3448,2026-09-21 13:42:20.897635+05:30,2026-09-21 13:42:20.897635+05:30
351,373,4.45,False,False,,414,36,3449,2026-09-21 13:42:20.897635+05:30,2026-09-21 13:42:20.897635+05:30
351,374,4.10,False,False,,414,36,3450,2026-09-21 13:42:20.897635+05:30,2026-09-21 13:42:20.897635+05:30
351,375,1.50,False,False,,414,36,3451,2026-09-21 13:42:20.897635+05:30,2026-09-21 13:42:20.897635+05:30
351,376,2.65,False,False,,414,36,3452,2026-09-21 13:42:20.897635+05:30,2026-09-21 13:42:20.897635+05:30
351,377,3.05,False,False,,414,36,3453,2026-09-21 13:42:20.897635+05:30,2026-09-21 13:42:20.897635+05:30
352,368,1.95,False,False,,418,36,3454,2026-09-21 13:42:20.897635+05:30,2026-09-21 13:42:20.897635+05:30
352,369,2.15,False,False,,418,36,3455,2026-09-21 13:42:20.897635+05:30,2026-09-21 13:42:20.897635+05:30
352,370,2.90,False,False,,418,36,3456,2026-09-21 13:42:20.897635+05:30,2026-09-21 13:42:20.897635+05:30
352,371,3.05,False,False,,418,36,3457,2026-09-21 13:42:20.897635+05:30,2026-09-21 13:42:20.897635+05:30
352,372,3.60,False,False,,418,36,3458,2026-09-21 13:42:20.897635+05:30,2026-09-21 13:42:20.897635+05:30
352,373,3.65,False,False,,418,36,3459,2026-09-21 13:42:20.897635+05:30,2026-09-21 13:42:20.897635+05:30
352,374,4.90,False,False,,418,36,3460,2026-09-21 13:42:20.897635+05:30,2026-09-21 13:42:20.897635+05:30
352,375,2.00,False,False,,418,36,3461,2026-09-21 13:42:20.897635+05:30,2026-09-21 13:42:20.897635+05:30
352,376,1.95,False,False,,418,36,3462,2026-09-21 13:42:20.897635+05:30,2026-09-21 13:42:20.897635+05:30
352,377,2.85,False,False,,418,36,3463,2026-09-21 13:42:20.897635+05:30,2026-09-21 13:42:20.897635+05:30
353,368,1.65,False,False,,415,36,3464,2026-09-21 13:42:20.897635+05:30,2026-09-21 13:42:20.897635+05:30
353,369,2.20,False,False,,415,36,3465,2026-09-21 13:42:20.897635+05:30,2026-09-21 13:42:20.897635+05:30
353,370,2.85,False,False,,415,36,3466,2026-09-21 13:42:20.897635+05:30,2026-09-21 13:42:20.897635+05:30
353,371,3.70,False,False,,415,36,3467,2026-09-21 13:42:20.897635+05:30,2026-09-21 13:42:20.897635+05:30
353,372,4.10,False,False,,415,36,3468,2026-09-21 13:42:20.897635+05:30,2026-09-21 13:42:20.897635+05:30
353,373,4.15,False,False,,415,36,3469,2026-09-21 13:42:20.897635+05:30,2026-09-21 13:42:20.897635+05:30
353,374,4.45,False,False,,415,36,3470,2026-09-21 13:42:20.897635+05:30,2026-09-21 13:42:20.897635+05:30
353,375,2.05,False,False,,415,36,3471,2026-09-21 13:42:20.897635+05:30,2026-09-21 13:42:20.897635+05:30
353,376,1.90,False,False,,415,36,3472,2026-09-21 13:42:20.897635+05:30,2026-09-21 13:42:20.897635+05:30
353,377,2.75,False,False,,415,36,3473,2026-09-21 13:42:20.897635+05:30,2026-09-21 13:42:20.897635+05:30
354,368,1.75,False,False,,412,36,3474,2026-09-21 13:42:20.897635+05:30,2026-09-21 13:42:20.897635+05:30
354,369,2.75,False,False,,412,36,3475,2026-09-21 13:42:20.897635+05:30,2026-09-21 13:42:20.897635+05:30
354,370,2.40,False,False,,412,36,3476,2026-09-21 13:42:20.897635+05:30,2026-09-21 13:42:20.897635+05:30
354,371,3.30,False,False,,412,36,3477,2026-09-21 13:42:20.897635+05:30,2026-09-21 13:42:20.897635+05:30
354,372,3.85,False,False,,412,36,3478,2026-09-21 13:42:20.897635+05:30,2026-09-21 13:42:20.897635+05:30
354,373,3.80,False,False,,412,36,3479,2026-09-21 13:42:20.897635+05:30,2026-09-21 13:42:20.897635+05:30
354,374,4.15,False,False,,412,36,3480,2026-09-21 13:42:20.897635+05:30,2026-09-21 13:42:20.897635+05:30
354,375,2.05,False,False,,412,36,3481,2026-09-21 13:42:20.897635+05:30,2026-09-21 13:42:20.897635+05:30
354,376,2.60,False,False,,412,36,3482,2026-09-21 13:42:20.897635+05:30,2026-09-21 13:42:20.897635+05:30
354,377,3.10,False,False,,412,36,3483,2026-09-21 13:42:20.897635+05:30,2026-09-21 13:42:20.897635+05:30
355,368,1.80,False,False,,410,36,3484,2026-09-21 13:42:20.897635+05:30,2026-09-21 13:42:20.897635+05:30
355,369,2.20,False,False,,410,36,3485,2026-09-21 13:42:20.897635+05:30,2026-09-21 13:42:20.897635+05:30
355,370,2.55,False,False,,410,36,3486,2026-09-21 13:42:20.897635+05:30,2026-09-21 13:42:20.897635+05:30
355,371,3.05,False,False,,410,36,3487,2026-09-21 13:42:20.897635+05:30,2026-09-21 13:42:20.897635+05:30
355,372,3.35,False,False,,410,36,3488,2026-09-21 13:42:20.897635+05:30,2026-09-21 13:42:20.897635+05:30
355,373,4.05,False,False,,410,36,3489,2026-09-21 13:42:20.897635+05:30,2026-09-21 13:42:20.897635+05:30
355,374,4.45,False,False,,410,36,3490,2026-09-21 13:42:20.897635+05:30,2026-09-21 13:42:20.897635+05:30
355,375,1.60,False,False,,410,36,3491,2026-09-21 13:42:20.897635+05:30,2026-09-21 13:42:20.897635+05:30
355,376,2.30,False,False,,410,36,3492,2026-09-21 13:42:20.897635+05:30,2026-09-21 13:42:20.897635+05:30
355,377,2.60,False,False,,410,36,3493,2026-09-21 13:42:20.897635+05:30,2026-09-21 13:42:20.897635+05:30
356,378,1.90,False,False,,417,36,3494,2026-09-21 13:42:20.897635+05:30,2026-09-21 13:42:20.897635+05:30
356,379,2.90,False,False,,417,36,3495,2026-09-21 13:42:20.897635+05:30,2026-09-21 13:42:20.897635+05:30
356,380,2.65,False,False,,417,36,3496,2026-09-21 13:42:20.897635+05:30,2026-09-21 13:42:20.897635+05:30
356,381,3.10,False,False,,417,36,3497,2026-09-21 13:42:20.897635+05:30,2026-09-21 13:42:20.897635+05:30
356,382,3.25,False,False,,417,36,3498,2026-09-21 13:42:20.897635+05:30,2026-09-21 13:42:20.897635+05:30
356,383,3.70,False,False,,417,36,3499,2026-09-21 13:42:20.897635+05:30,2026-09-21 13:42:20.897635+05:30
356,384,4.45,False,False,,417,36,3500,2026-09-21 13:42:20.897635+05:30,2026-09-21 13:42:20.897635+05:30
356,385,1.85,False,False,,417,36,3501,2026-09-21 13:42:20.897635+05:30,2026-09-21 13:42:20.897635+05:30
356,386,2.40,False,False,,417,36,3502,2026-09-21 13:42:20.897635+05:30,2026-09-21 13:42:20.897635+05:30
356,387,2.75,False,False,,417,36,3503,2026-09-21 13:42:20.897635+05:30,2026-09-21 13:42:20.897635+05:30
357,378,2.10,False,False,,414,36,3504,2026-09-21 13:42:20.897635+05:30,2026-09-21 13:42:20.897635+05:30
357,379,2.35,False,False,,414,36,3505,2026-09-21 13:42:20.897635+05:30,2026-09-21 13:42:20.897635+05:30
357,380,2.95,False,False,,414,36,3506,2026-09-21 13:42:20.897635+05:30,2026-09-21 13:42:20.897635+05:30
357,381,3.15,False,False,,414,36,3507,2026-09-21 13:42:20.897635+05:30,2026-09-21 13:42:20.897635+05:30
357,382,3.20,False,False,,414,36,3508,2026-09-21 13:42:20.897635+05:30,2026-09-21 13:42:20.897635+05:30
357,383,3.80,False,False,,414,36,3509,2026-09-21 13:42:20.897635+05:30,2026-09-21 13:42:20.897635+05:30
357,384,4.50,False,False,,414,36,3510,2026-09-21 13:42:20.897635+05:30,2026-09-21 13:42:20.897635+05:30
357,385,2.20,False,False,,414,36,3511,2026-09-21 13:42:20.897635+05:30,2026-09-21 13:42:20.897635+05:30
357,386,2.25,False,False,,414,36,3512,2026-09-21 13:42:20.897635+05:30,2026-09-21 13:42:20.897635+05:30
357,387,2.85,False,False,,414,36,3513,2026-09-21 13:42:20.897635+05:30,2026-09-21 13:42:20.897635+05:30
358,378,1.80,False,False,,418,36,3514,2026-09-21 13:42:20.897635+05:30,2026-09-21 13:42:20.897635+05:30
358,379,2.60,False,False,,418,36,3515,2026-09-21 13:42:20.897635+05:30,2026-09-21 13:42:20.897635+05:30
358,380,3.20,False,False,,418,36,3516,2026-09-21 13:42:20.897635+05:30,2026-09-21 13:42:20.897635+05:30
358,381,3.40,False,False,,418,36,3517,2026-09-21 13:42:20.897635+05:30,2026-09-21 13:42:20.897635+05:30
358,382,3.65,False,False,,418,36,3518,2026-09-21 13:42:20.897635+05:30,2026-09-21 13:42:20.897635+05:30
358,383,4.45,False,False,,418,36,3519,2026-09-21 13:42:20.897635+05:30,2026-09-21 13:42:20.897635+05:30
358,384,4.85,False,False,,418,36,3520,2026-09-21 13:42:20.897635+05:30,2026-09-21 13:42:20.897635+05:30
358,385,2.00,False,False,,418,36,3521,2026-09-21 13:42:20.897635+05:30,2026-09-21 13:42:20.897635+05:30
358,386,1.95,False,False,,418,36,3522,2026-09-21 13:42:20.897635+05:30,2026-09-21 13:42:20.897635+05:30
358,387,2.60,False,False,,418,36,3523,2026-09-21 13:42:20.897635+05:30,2026-09-21 13:42:20.897635+05:30
359,378,1.65,False,False,,415,36,3524,2026-09-21 13:42:20.897635+05:30,2026-09-21 13:42:20.897635+05:30
359,379,2.25,False,False,,415,36,3525,2026-09-21 13:42:20.897635+05:30,2026-09-21 13:42:20.897635+05:30
359,380,3.30,False,False,,415,36,3526,2026-09-21 13:42:20.897635+05:30,2026-09-21 13:42:20.897635+05:30
359,381,3.15,False,False,,415,36,3527,2026-09-21 13:42:20.897635+05:30,2026-09-21 13:42:20.897635+05:30
359,382,3.90,False,False,,415,36,3528,2026-09-21 13:42:20.897635+05:30,2026-09-21 13:42:20.897635+05:30
359,383,4.45,False,False,,415,36,3529,2026-09-21 13:42:20.897635+05:30,2026-09-21 13:42:20.897635+05:30
359,384,4.45,False,False,,415,36,3530,2026-09-21 13:42:20.897635+05:30,2026-09-21 13:42:20.897635+05:30
359,385,1.45,False,False,,415,36,3531,2026-09-21 13:42:20.897635+05:30,2026-09-21 13:42:20.897635+05:30
359,386,2.00,False,False,,415,36,3532,2026-09-21 13:42:20.897635+05:30,2026-09-21 13:42:20.897635+05:30
359,387,2.30,False,False,,415,36,3533,2026-09-21 13:42:20.897635+05:30,2026-09-21 13:42:20.897635+05:30
360,378,2.05,False,False,,412,36,3534,2026-09-21 13:42:20.897635+05:30,2026-09-21 13:42:20.897635+05:30
360,379,2.90,False,False,,412,36,3535,2026-09-21 13:42:20.897635+05:30,2026-09-21 13:42:20.897635+05:30
360,380,2.65,False,False,,412,36,3536,2026-09-21 13:42:20.897635+05:30,2026-09-21 13:42:20.897635+05:30
360,381,3.30,False,False,,412,36,3537,2026-09-21 13:42:20.897635+05:30,2026-09-21 13:42:20.897635+05:30
360,382,3.90,False,False,,412,36,3538,2026-09-21 13:42:20.897635+05:30,2026-09-21 13:42:20.897635+05:30
360,383,4.30,False,False,,412,36,3539,2026-09-21 13:42:20.897635+05:30,2026-09-21 13:42:20.897635+05:30
360,384,4.25,False,False,,412,36,3540,2026-09-21 13:42:20.897635+05:30,2026-09-21 13:42:20.897635+05:30
360,385,1.60,False,False,,412,36,3541,2026-09-21 13:42:20.897635+05:30,2026-09-21 13:42:20.897635+05:30
360,386,2.30,False,False,,412,36,3542,2026-09-21 13:42:20.897635+05:30,2026-09-21 13:42:20.897635+05:30
360,387,2.80,False,False,,412,36,3543,2026-09-21 13:42:20.897635+05:30,2026-09-21 13:42:20.897635+05:30
361,378,2.05,False,False,,410,36,3544,2026-09-21 13:42:20.897635+05:30,2026-09-21 13:42:20.897635+05:30
361,379,2.35,False,False,,410,36,3545,2026-09-21 13:42:20.897635+05:30,2026-09-21 13:42:20.897635+05:30
361,380,2.85,False,False,,410,36,3546,2026-09-21 13:42:20.897635+05:30,2026-09-21 13:42:20.897635+05:30
361,381,3.25,False,False,,410,36,3547,2026-09-21 13:42:20.897635+05:30,2026-09-21 13:42:20.897635+05:30
361,382,3.35,False,False,,410,36,3548,2026-09-21 13:42:20.897635+05:30,2026-09-21 13:42:20.897635+05:30
361,383,4.30,False,False,,410,36,3549,2026-09-21 13:42:20.897635+05:30,2026-09-21 13:42:20.897635+05:30
361,384,4.90,False,False,,410,36,3550,2026-09-21 13:42:20.897635+05:30,2026-09-21 13:42:20.897635+05:30
361,385,2.10,False,False,,410,36,3551,2026-09-21 13:42:20.897635+05:30,2026-09-21 13:42:20.897635+05:30
361,386,2.55,False,False,,410,36,3552,2026-09-21 13:42:20.897635+05:30,2026-09-21 13:42:20.897635+05:30
361,387,3.00,False,False,,410,36,3553,2026-09-21 13:42:20.897635+05:30,2026-09-21 13:42:20.897635+05:30
362,388,2.25,False,False,,417,36,3554,2026-09-21 13:42:20.897635+05:30,2026-09-21 13:42:20.897635+05:30
362,389,2.10,False,False,,417,36,3555,2026-09-21 13:42:20.897635+05:30,2026-09-21 13:42:20.897635+05:30
362,390,3.30,False,False,,417,36,3556,2026-09-21 13:42:20.897635+05:30,2026-09-21 13:42:20.897635+05:30
362,391,3.25,False,False,,417,36,3557,2026-09-21 13:42:20.897635+05:30,2026-09-21 13:42:20.897635+05:30
362,392,3.35,False,False,,417,36,3558,2026-09-21 13:42:20.897635+05:30,2026-09-21 13:42:20.897635+05:30
362,393,4.35,False,False,,417,36,3559,2026-09-21 13:42:20.897635+05:30,2026-09-21 13:42:20.897635+05:30
362,394,4.80,False,False,,417,36,3560,2026-09-21 13:42:20.897635+05:30,2026-09-21 13:42:20.897635+05:30
362,395,1.65,False,False,,417,36,3561,2026-09-21 13:42:20.897635+05:30,2026-09-21 13:42:20.897635+05:30
362,396,1.90,False,False,,417,36,3562,2026-09-21 13:42:20.897635+05:30,2026-09-21 13:42:20.897635+05:30
362,397,2.45,False,False,,417,36,3563,2026-09-21 13:42:20.897635+05:30,2026-09-21 13:42:20.897635+05:30
363,388,1.80,False,False,,414,36,3564,2026-09-21 13:42:20.897635+05:30,2026-09-21 13:42:20.897635+05:30
363,389,2.25,False,False,,414,36,3565,2026-09-21 13:42:20.897635+05:30,2026-09-21 13:42:20.897635+05:30
363,390,2.55,False,False,,414,36,3566,2026-09-21 13:42:20.897635+05:30,2026-09-21 13:42:20.897635+05:30
363,391,3.70,False,False,,414,36,3567,2026-09-21 13:42:20.897635+05:30,2026-09-21 13:42:20.897635+05:30
363,392,3.70,False,False,,414,36,3568,2026-09-21 13:42:20.897635+05:30,2026-09-21 13:42:20.897635+05:30
363,393,3.85,False,False,,414,36,3569,2026-09-21 13:42:20.897635+05:30,2026-09-21 13:42:20.897635+05:30
363,394,4.65,False,False,,414,36,3570,2026-09-21 13:42:20.897635+05:30,2026-09-21 13:42:20.897635+05:30
363,395,2.20,False,False,,414,36,3571,2026-09-21 13:42:20.897635+05:30,2026-09-21 13:42:20.897635+05:30
363,396,2.65,False,False,,414,36,3572,2026-09-21 13:42:20.897635+05:30,2026-09-21 13:42:20.897635+05:30
363,397,2.90,False,False,,414,36,3573,2026-09-21 13:42:20.897635+05:30,2026-09-21 13:42:20.897635+05:30
364,388,2.50,False,False,,418,36,3574,2026-09-21 13:42:20.897635+05:30,2026-09-21 13:42:20.897635+05:30
364,389,2.15,False,False,,418,36,3575,2026-09-21 13:42:20.897635+05:30,2026-09-21 13:42:20.897635+05:30
364,390,2.75,False,False,,418,36,3576,2026-09-21 13:42:20.897635+05:30,2026-09-21 13:42:20.897635+05:30
364,391,3.10,False,False,,418,36,3577,2026-09-21 13:42:20.897635+05:30,2026-09-21 13:42:20.897635+05:30
364,392,3.75,False,False,,418,36,3578,2026-09-21 13:42:20.897635+05:30,2026-09-21 13:42:20.897635+05:30
364,393,3.60,False,False,,418,36,3579,2026-09-21 13:42:20.897635+05:30,2026-09-21 13:42:20.897635+05:30
364,394,4.40,False,False,,418,36,3580,2026-09-21 13:42:20.897635+05:30,2026-09-21 13:42:20.897635+05:30
364,395,2.05,False,False,,418,36,3581,2026-09-21 13:42:20.897635+05:30,2026-09-21 13:42:20.897635+05:30
364,396,2.10,False,False,,418,36,3582,2026-09-21 13:42:20.897635+05:30,2026-09-21 13:42:20.897635+05:30
364,397,2.40,False,False,,418,36,3583,2026-09-21 13:42:20.897635+05:30,2026-09-21 13:42:20.897635+05:30
365,388,1.80,False,False,,415,36,3584,2026-09-21 13:42:20.897635+05:30,2026-09-21 13:42:20.897635+05:30
365,389,2.35,False,False,,415,36,3585,2026-09-21 13:42:20.897635+05:30,2026-09-21 13:42:20.897635+05:30
365,390,2.60,False,False,,415,36,3586,2026-09-21 13:42:20.897635+05:30,2026-09-21 13:42:20.897635+05:30
365,391,3.60,False,False,,415,36,3587,2026-09-21 13:42:20.897635+05:30,2026-09-21 13:42:20.897635+05:30
365,392,3.95,False,False,,415,36,3588,2026-09-21 13:42:20.897635+05:30,2026-09-21 13:42:20.897635+05:30
365,393,4.40,False,False,,415,36,3589,2026-09-21 13:42:20.897635+05:30,2026-09-21 13:42:20.897635+05:30
365,394,4.05,False,False,,415,36,3590,2026-09-21 13:42:20.897635+05:30,2026-09-21 13:42:20.897635+05:30
365,395,1.40,False,False,,415,36,3591,2026-09-21 13:42:20.897635+05:30,2026-09-21 13:42:20.897635+05:30
365,396,2.35,False,False,,415,36,3592,2026-09-21 13:42:20.897635+05:30,2026-09-21 13:42:20.897635+05:30
365,397,2.75,False,False,,415,36,3593,2026-09-21 13:42:20.897635+05:30,2026-09-21 13:42:20.897635+05:30
366,388,1.65,False,False,,412,36,3594,2026-09-21 13:42:20.897635+05:30,2026-09-21 13:42:20.897635+05:30
366,389,2.80,False,False,,412,36,3595,2026-09-21 13:42:20.897635+05:30,2026-09-21 13:42:20.897635+05:30
366,390,2.95,False,False,,412,36,3596,2026-09-21 13:42:20.897635+05:30,2026-09-21 13:42:20.897635+05:30
366,391,3.20,False,False,,412,36,3597,2026-09-21 13:42:20.897635+05:30,2026-09-21 13:42:20.897635+05:30
366,392,3.20,False,False,,412,36,3598,2026-09-21 13:42:20.897635+05:30,2026-09-21 13:42:20.897635+05:30
366,393,4.30,False,False,,412,36,3599,2026-09-21 13:42:20.897635+05:30,2026-09-21 13:42:20.897635+05:30
366,394,4.85,False,False,,412,36,3600,2026-09-21 13:42:20.897635+05:30,2026-09-21 13:42:20.897635+05:30
366,395,2.30,False,False,,412,36,3601,2026-09-21 13:42:20.897635+05:30,2026-09-21 13:42:20.897635+05:30
366,396,2.70,False,False,,412,36,3602,2026-09-21 13:42:20.897635+05:30,2026-09-21 13:42:20.897635+05:30
366,397,2.20,False,False,,412,36,3603,2026-09-21 13:42:20.897635+05:30,2026-09-21 13:42:20.897635+05:30
367,388,1.70,False,False,,410,36,3604,2026-09-21 13:42:20.897635+05:30,2026-09-21 13:42:20.897635+05:30
367,389,2.25,False,False,,410,36,3605,2026-09-21 13:42:20.897635+05:30,2026-09-21 13:42:20.897635+05:30
367,390,2.75,False,False,,410,36,3606,2026-09-21 13:42:20.897635+05:30,2026-09-21 13:42:20.897635+05:30
367,391,3.30,False,False,,410,36,3607,2026-09-21 13:42:20.897635+05:30,2026-09-21 13:42:20.897635+05:30
367,392,3.60,False,False,,410,36,3608,2026-09-21 13:42:20.897635+05:30,2026-09-21 13:42:20.897635+05:30
367,393,4.35,False,False,,410,36,3609,2026-09-21 13:42:20.897635+05:30,2026-09-21 13:42:20.897635+05:30
367,394,4.20,False,False,,410,36,3610,2026-09-21 13:42:20.897635+05:30,2026-09-21 13:42:20.897635+05:30
367,395,2.25,False,False,,410,36,3611,2026-09-21 13:42:20.897635+05:30,2026-09-21 13:42:20.897635+05:30
367,396,2.45,False,False,,410,36,3612,2026-09-21 13:42:20.897635+05:30,2026-09-21 13:42:20.897635+05:30
367,397,2.20,False,False,,410,36,3613,2026-09-21 13:42:20.897635+05:30,2026-09-21 13:42:20.897635+05:30
368,298,2.50,False,False,,408,36,3614,2026-09-21 13:42:20.897635+05:30,2026-09-21 13:42:20.897635+05:30
368,299,2.10,False,False,,408,36,3615,2026-09-21 13:42:20.897635+05:30,2026-09-21 13:42:20.897635+05:30
368,300,2.95,False,False,,408,36,3616,2026-09-21 13:42:20.897635+05:30,2026-09-21 13:42:20.897635+05:30
368,301,3.10,False,False,,408,36,3617,2026-09-21 13:42:20.897635+05:30,2026-09-21 13:42:20.897635+05:30
368,302,3.95,False,False,,408,36,3618,2026-09-21 13:42:20.897635+05:30,2026-09-21 13:42:20.897635+05:30
368,303,4.45,False,False,,408,36,3619,2026-09-21 13:42:20.897635+05:30,2026-09-21 13:42:20.897635+05:30
368,304,4.40,False,False,,408,36,3620,2026-09-21 13:42:20.897635+05:30,2026-09-21 13:42:20.897635+05:30
368,305,2.30,False,False,,408,36,3621,2026-09-21 13:42:20.897635+05:30,2026-09-21 13:42:20.897635+05:30
368,306,2.15,False,False,,408,36,3622,2026-09-21 13:42:20.897635+05:30,2026-09-21 13:42:20.897635+05:30
368,307,2.20,False,False,,408,36,3623,2026-09-21 13:42:20.897635+05:30,2026-09-21 13:42:20.897635+05:30
369,298,1.75,False,False,,409,36,3624,2026-09-21 13:42:20.897635+05:30,2026-09-21 13:42:20.897635+05:30
369,299,2.35,False,False,,409,36,3625,2026-09-21 13:42:20.897635+05:30,2026-09-21 13:42:20.897635+05:30
369,300,3.05,False,False,,409,36,3626,2026-09-21 13:42:20.897635+05:30,2026-09-21 13:42:20.897635+05:30
369,301,3.65,False,False,,409,36,3627,2026-09-21 13:42:20.897635+05:30,2026-09-21 13:42:20.897635+05:30
369,302,3.90,False,False,,409,36,3628,2026-09-21 13:42:20.897635+05:30,2026-09-21 13:42:20.897635+05:30
369,303,4.15,False,False,,409,36,3629,2026-09-21 13:42:20.897635+05:30,2026-09-21 13:42:20.897635+05:30
369,304,4.65,False,False,,409,36,3630,2026-09-21 13:42:20.897635+05:30,2026-09-21 13:42:20.897635+05:30
369,305,1.50,False,False,,409,36,3631,2026-09-21 13:42:20.897635+05:30,2026-09-21 13:42:20.897635+05:30
369,306,2.35,False,False,,409,36,3632,2026-09-21 13:42:20.897635+05:30,2026-09-21 13:42:20.897635+05:30
369,307,2.50,False,False,,409,36,3633,2026-09-21 13:42:20.897635+05:30,2026-09-21 13:42:20.897635+05:30
370,298,2.15,False,False,,407,36,3634,2026-09-21 13:42:20.897635+05:30,2026-09-21 13:42:20.897635+05:30
370,299,2.45,False,False,,407,36,3635,2026-09-21 13:42:20.897635+05:30,2026-09-21 13:42:20.897635+05:30
370,300,3.20,False,False,,407,36,3636,2026-09-21 13:42:20.897635+05:30,2026-09-21 13:42:20.897635+05:30
370,301,3.60,False,False,,407,36,3637,2026-09-21 13:42:20.897635+05:30,2026-09-21 13:42:20.897635+05:30
370,302,3.60,False,False,,407,36,3638,2026-09-21 13:42:20.897635+05:30,2026-09-21 13:42:20.897635+05:30
370,303,4.20,False,False,,407,36,3639,2026-09-21 13:42:20.897635+05:30,2026-09-21 13:42:20.897635+05:30
370,304,4.85,False,False,,407,36,3640,2026-09-21 13:42:20.897635+05:30,2026-09-21 13:42:20.897635+05:30
370,305,1.85,False,False,,407,36,3641,2026-09-21 13:42:20.897635+05:30,2026-09-21 13:42:20.897635+05:30
370,306,1.90,False,False,,407,36,3642,2026-09-21 13:42:20.897635+05:30,2026-09-21 13:42:20.897635+05:30
370,307,3.10,False,False,,407,36,3643,2026-09-21 13:42:20.897635+05:30,2026-09-21 13:42:20.897635+05:30
371,298,2.20,False,False,,413,36,3644,2026-09-21 13:42:20.897635+05:30,2026-09-21 13:42:20.897635+05:30
371,299,2.10,False,False,,413,36,3645,2026-09-21 13:42:20.897635+05:30,2026-09-21 13:42:20.897635+05:30
371,300,2.85,False,False,,413,36,3646,2026-09-21 13:42:20.897635+05:30,2026-09-21 13:42:20.897635+05:30
371,301,3.25,False,False,,413,36,3647,2026-09-21 13:42:20.897635+05:30,2026-09-21 13:42:20.897635+05:30
371,302,3.55,False,False,,413,36,3648,2026-09-21 13:42:20.897635+05:30,2026-09-21 13:42:20.897635+05:30
371,303,4.50,False,False,,413,36,3649,2026-09-21 13:42:20.897635+05:30,2026-09-21 13:42:20.897635+05:30
371,304,4.80,False,False,,413,36,3650,2026-09-21 13:42:20.897635+05:30,2026-09-21 13:42:20.897635+05:30
371,305,2.25,False,False,,413,36,3651,2026-09-21 13:42:20.897635+05:30,2026-09-21 13:42:20.897635+05:30
371,306,2.20,False,False,,413,36,3652,2026-09-21 13:42:20.897635+05:30,2026-09-21 13:42:20.897635+05:30
371,307,2.60,False,False,,413,36,3653,2026-09-21 13:42:20.897635+05:30,2026-09-21 13:42:20.897635+05:30
372,298,2.05,False,False,,411,36,3654,2026-09-21 13:42:20.897635+05:30,2026-09-21 13:42:20.897635+05:30
372,299,2.50,False,False,,411,36,3655,2026-09-21 13:42:20.897635+05:30,2026-09-21 13:42:20.897635+05:30
372,300,2.70,False,False,,411,36,3656,2026-09-21 13:42:20.897635+05:30,2026-09-21 13:42:20.897635+05:30
372,301,3.10,False,False,,411,36,3657,2026-09-21 13:42:20.897635+05:30,2026-09-21 13:42:20.897635+05:30
372,302,3.80,False,False,,411,36,3658,2026-09-21 13:42:20.897635+05:30,2026-09-21 13:42:20.897635+05:30
372,303,4.25,False,False,,411,36,3659,2026-09-21 13:42:20.897635+05:30,2026-09-21 13:42:20.897635+05:30
372,304,4.65,False,False,,411,36,3660,2026-09-21 13:42:20.897635+05:30,2026-09-21 13:42:20.897635+05:30
372,305,2.15,False,False,,411,36,3661,2026-09-21 13:42:20.897635+05:30,2026-09-21 13:42:20.897635+05:30
372,306,2.45,False,False,,411,36,3662,2026-09-21 13:42:20.897635+05:30,2026-09-21 13:42:20.897635+05:30
372,307,2.80,False,False,,411,36,3663,2026-09-21 13:42:20.897635+05:30,2026-09-21 13:42:20.897635+05:30
373,298,2.35,False,False,,416,36,3664,2026-09-21 13:42:20.897635+05:30,2026-09-21 13:42:20.897635+05:30
373,299,2.10,False,False,,416,36,3665,2026-09-21 13:42:20.897635+05:30,2026-09-21 13:42:20.897635+05:30
373,300,2.75,False,False,,416,36,3666,2026-09-21 13:42:20.897635+05:30,2026-09-21 13:42:20.897635+05:30
373,301,3.60,False,False,,416,36,3667,2026-09-21 13:42:20.897635+05:30,2026-09-21 13:42:20.897635+05:30
373,302,3.25,False,False,,416,36,3668,2026-09-21 13:42:20.897635+05:30,2026-09-21 13:42:20.897635+05:30
373,303,4.20,False,False,,416,36,3669,2026-09-21 13:42:20.897635+05:30,2026-09-21 13:42:20.897635+05:30
373,304,4.80,False,False,,416,36,3670,2026-09-21 13:42:20.897635+05:30,2026-09-21 13:42:20.897635+05:30
373,305,1.80,False,False,,416,36,3671,2026-09-21 13:42:20.897635+05:30,2026-09-21 13:42:20.897635+05:30
373,306,2.20,False,False,,416,36,3672,2026-09-21 13:42:20.897635+05:30,2026-09-21 13:42:20.897635+05:30
373,307,2.75,False,False,,416,36,3673,2026-09-21 13:42:20.897635+05:30,2026-09-21 13:42:20.897635+05:30
374,308,1.60,False,False,,408,36,3674,2026-09-21 13:42:20.897635+05:30,2026-09-21 13:42:20.897635+05:30
374,309,2.55,False,False,,408,36,3675,2026-09-21 13:42:20.897635+05:30,2026-09-21 13:42:20.897635+05:30
374,310,2.65,False,False,,408,36,3676,2026-09-21 13:42:20.897635+05:30,2026-09-21 13:42:20.897635+05:30
374,311,3.20,False,False,,408,36,3677,2026-09-21 13:42:20.897635+05:30,2026-09-21 13:42:20.897635+05:30
374,312,4.05,False,False,,408,36,3678,2026-09-21 13:42:20.897635+05:30,2026-09-21 13:42:20.897635+05:30
374,313,3.70,False,False,,408,36,3679,2026-09-21 13:42:20.897635+05:30,2026-09-21 13:42:20.897635+05:30
374,314,4.60,False,False,,408,36,3680,2026-09-21 13:42:20.897635+05:30,2026-09-21 13:42:20.897635+05:30
374,315,1.95,False,False,,408,36,3681,2026-09-21 13:42:20.897635+05:30,2026-09-21 13:42:20.897635+05:30
374,316,2.05,False,False,,408,36,3682,2026-09-21 13:42:20.897635+05:30,2026-09-21 13:42:20.897635+05:30
374,317,2.35,False,False,,408,36,3683,2026-09-21 13:42:20.897635+05:30,2026-09-21 13:42:20.897635+05:30
375,308,2.35,False,False,,409,36,3684,2026-09-21 13:42:20.897635+05:30,2026-09-21 13:42:20.897635+05:30
375,309,2.15,False,False,,409,36,3685,2026-09-21 13:42:20.897635+05:30,2026-09-21 13:42:20.897635+05:30
375,310,2.45,False,False,,409,36,3686,2026-09-21 13:42:20.897635+05:30,2026-09-21 13:42:20.897635+05:30
375,311,3.70,False,False,,409,36,3687,2026-09-21 13:42:20.897635+05:30,2026-09-21 13:42:20.897635+05:30
375,312,3.75,False,False,,409,36,3688,2026-09-21 13:42:20.897635+05:30,2026-09-21 13:42:20.897635+05:30
375,313,4.00,False,False,,409,36,3689,2026-09-21 13:42:20.897635+05:30,2026-09-21 13:42:20.897635+05:30
375,314,4.90,False,False,,409,36,3690,2026-09-21 13:42:20.897635+05:30,2026-09-21 13:42:20.897635+05:30
375,315,2.05,False,False,,409,36,3691,2026-09-21 13:42:20.897635+05:30,2026-09-21 13:42:20.897635+05:30
375,316,2.20,False,False,,409,36,3692,2026-09-21 13:42:20.897635+05:30,2026-09-21 13:42:20.897635+05:30
375,317,2.45,False,False,,409,36,3693,2026-09-21 13:42:20.897635+05:30,2026-09-21 13:42:20.897635+05:30
376,308,1.60,False,False,,407,36,3694,2026-09-21 13:42:20.897635+05:30,2026-09-21 13:42:20.897635+05:30
376,309,2.35,False,False,,407,36,3695,2026-09-21 13:42:20.897635+05:30,2026-09-21 13:42:20.897635+05:30
376,310,3.05,False,False,,407,36,3696,2026-09-21 13:42:20.897635+05:30,2026-09-21 13:42:20.897635+05:30
376,311,3.65,False,False,,407,36,3697,2026-09-21 13:42:20.897635+05:30,2026-09-21 13:42:20.897635+05:30
376,312,3.20,False,False,,407,36,3698,2026-09-21 13:42:20.897635+05:30,2026-09-21 13:42:20.897635+05:30
376,313,3.85,False,False,,407,36,3699,2026-09-21 13:42:20.897635+05:30,2026-09-21 13:42:20.897635+05:30
376,314,4.65,False,False,,407,36,3700,2026-09-21 13:42:20.897635+05:30,2026-09-21 13:42:20.897635+05:30
376,315,1.70,False,False,,407,36,3701,2026-09-21 13:42:20.897635+05:30,2026-09-21 13:42:20.897635+05:30
376,316,2.10,False,False,,407,36,3702,2026-09-21 13:42:20.897635+05:30,2026-09-21 13:42:20.897635+05:30
376,317,2.90,False,False,,407,36,3703,2026-09-21 13:42:20.897635+05:30,2026-09-21 13:42:20.897635+05:30
377,308,2.10,False,False,,413,36,3704,2026-09-21 13:42:20.897635+05:30,2026-09-21 13:42:20.897635+05:30
377,309,2.75,False,False,,413,36,3705,2026-09-21 13:42:20.897635+05:30,2026-09-21 13:42:20.897635+05:30
377,310,3.20,False,False,,413,36,3706,2026-09-21 13:42:20.897635+05:30,2026-09-21 13:42:20.897635+05:30
377,311,3.50,False,False,,413,36,3707,2026-09-21 13:42:20.897635+05:30,2026-09-21 13:42:20.897635+05:30
377,312,3.45,False,False,,413,36,3708,2026-09-21 13:42:20.897635+05:30,2026-09-21 13:42:20.897635+05:30
377,313,3.95,False,False,,413,36,3709,2026-09-21 13:42:20.897635+05:30,2026-09-21 13:42:20.897635+05:30
377,314,4.20,False,False,,413,36,3710,2026-09-21 13:42:20.897635+05:30,2026-09-21 13:42:20.897635+05:30
377,315,2.15,False,False,,413,36,3711,2026-09-21 13:42:20.897635+05:30,2026-09-21 13:42:20.897635+05:30
377,316,2.10,False,False,,413,36,3712,2026-09-21 13:42:20.897635+05:30,2026-09-21 13:42:20.897635+05:30
377,317,3.10,False,False,,413,36,3713,2026-09-21 13:42:20.897635+05:30,2026-09-21 13:42:20.897635+05:30
378,308,1.90,False,False,,411,36,3714,2026-09-21 13:42:20.897635+05:30,2026-09-21 13:42:20.897635+05:30
378,309,2.55,False,False,,411,36,3715,2026-09-21 13:42:20.897635+05:30,2026-09-21 13:42:20.897635+05:30
378,310,3.10,False,False,,411,36,3716,2026-09-21 13:42:20.897635+05:30,2026-09-21 13:42:20.897635+05:30
378,311,3.55,False,False,,411,36,3717,2026-09-21 13:42:20.897635+05:30,2026-09-21 13:42:20.897635+05:30
378,312,3.35,False,False,,411,36,3718,2026-09-21 13:42:20.897635+05:30,2026-09-21 13:42:20.897635+05:30
378,313,3.60,False,False,,411,36,3719,2026-09-21 13:42:20.897635+05:30,2026-09-21 13:42:20.897635+05:30
378,314,4.45,False,False,,411,36,3720,2026-09-21 13:42:20.897635+05:30,2026-09-21 13:42:20.897635+05:30
378,315,1.60,False,False,,411,36,3721,2026-09-21 13:42:20.897635+05:30,2026-09-21 13:42:20.897635+05:30
378,316,2.05,False,False,,411,36,3722,2026-09-21 13:42:20.897635+05:30,2026-09-21 13:42:20.897635+05:30
378,317,2.95,False,False,,411,36,3723,2026-09-21 13:42:20.897635+05:30,2026-09-21 13:42:20.897635+05:30
379,308,1.85,False,False,,416,36,3724,2026-09-21 13:42:20.897635+05:30,2026-09-21 13:42:20.897635+05:30
379,309,2.70,False,False,,416,36,3725,2026-09-21 13:42:20.897635+05:30,2026-09-21 13:42:20.897635+05:30
379,310,2.50,False,False,,416,36,3726,2026-09-21 13:42:20.897635+05:30,2026-09-21 13:42:20.897635+05:30
379,311,2.85,False,False,,416,36,3727,2026-09-21 13:42:20.897635+05:30,2026-09-21 13:42:20.897635+05:30
379,312,4.05,False,False,,416,36,3728,2026-09-21 13:42:20.897635+05:30,2026-09-21 13:42:20.897635+05:30
379,313,4.35,False,False,,416,36,3729,2026-09-21 13:42:20.897635+05:30,2026-09-21 13:42:20.897635+05:30
379,314,4.90,False,False,,416,36,3730,2026-09-21 13:42:20.897635+05:30,2026-09-21 13:42:20.897635+05:30
379,315,1.40,False,False,,416,36,3731,2026-09-21 13:42:20.897635+05:30,2026-09-21 13:42:20.897635+05:30
379,316,2.30,False,False,,416,36,3732,2026-09-21 13:42:20.897635+05:30,2026-09-21 13:42:20.897635+05:30
379,317,2.20,False,False,,416,36,3733,2026-09-21 13:42:20.897635+05:30,2026-09-21 13:42:20.897635+05:30
380,318,2.30,False,False,,408,36,3734,2026-09-21 13:42:20.897635+05:30,2026-09-21 13:42:20.897635+05:30
380,319,2.10,False,False,,408,36,3735,2026-09-21 13:42:20.897635+05:30,2026-09-21 13:42:20.897635+05:30
380,320,2.50,False,False,,408,36,3736,2026-09-21 13:42:20.897635+05:30,2026-09-21 13:42:20.897635+05:30
380,321,3.45,False,False,,408,36,3737,2026-09-21 13:42:20.897635+05:30,2026-09-21 13:42:20.897635+05:30
380,322,3.60,False,False,,408,36,3738,2026-09-21 13:42:20.897635+05:30,2026-09-21 13:42:20.897635+05:30
380,323,3.70,False,False,,408,36,3739,2026-09-21 13:42:20.897635+05:30,2026-09-21 13:42:20.897635+05:30
380,324,4.40,False,False,,408,36,3740,2026-09-21 13:42:20.897635+05:30,2026-09-21 13:42:20.897635+05:30
380,325,1.90,False,False,,408,36,3741,2026-09-21 13:42:20.897635+05:30,2026-09-21 13:42:20.897635+05:30
380,326,1.90,False,False,,408,36,3742,2026-09-21 13:42:20.897635+05:30,2026-09-21 13:42:20.897635+05:30
380,327,2.45,False,False,,408,36,3743,2026-09-21 13:42:20.897635+05:30,2026-09-21 13:42:20.897635+05:30
381,318,2.50,False,False,,409,36,3744,2026-09-21 13:42:20.897635+05:30,2026-09-21 13:42:20.897635+05:30
381,319,2.50,False,False,,409,36,3745,2026-09-21 13:42:20.897635+05:30,2026-09-21 13:42:20.897635+05:30
381,320,3.20,False,False,,409,36,3746,2026-09-21 13:42:20.897635+05:30,2026-09-21 13:42:20.897635+05:30
381,321,3.40,False,False,,409,36,3747,2026-09-21 13:42:20.897635+05:30,2026-09-21 13:42:20.897635+05:30
381,322,3.55,False,False,,409,36,3748,2026-09-21 13:42:20.897635+05:30,2026-09-21 13:42:20.897635+05:30
381,323,4.35,False,False,,409,36,3749,2026-09-21 13:42:20.897635+05:30,2026-09-21 13:42:20.897635+05:30
381,324,4.65,False,False,,409,36,3750,2026-09-21 13:42:20.897635+05:30,2026-09-21 13:42:20.897635+05:30
381,325,2.25,False,False,,409,36,3751,2026-09-21 13:42:20.897635+05:30,2026-09-21 13:42:20.897635+05:30
381,326,2.35,False,False,,409,36,3752,2026-09-21 13:42:20.897635+05:30,2026-09-21 13:42:20.897635+05:30
381,327,2.60,False,False,,409,36,3753,2026-09-21 13:42:20.897635+05:30,2026-09-21 13:42:20.897635+05:30
382,318,2.15,False,False,,407,36,3754,2026-09-21 13:42:20.897635+05:30,2026-09-21 13:42:20.897635+05:30
382,319,2.25,False,False,,407,36,3755,2026-09-21 13:42:20.897635+05:30,2026-09-21 13:42:20.897635+05:30
382,320,2.95,False,False,,407,36,3756,2026-09-21 13:42:20.897635+05:30,2026-09-21 13:42:20.897635+05:30
382,321,3.40,False,False,,407,36,3757,2026-09-21 13:42:20.897635+05:30,2026-09-21 13:42:20.897635+05:30
382,322,4.05,False,False,,407,36,3758,2026-09-21 13:42:20.897635+05:30,2026-09-21 13:42:20.897635+05:30
382,323,4.50,False,False,,407,36,3759,2026-09-21 13:42:20.897635+05:30,2026-09-21 13:42:20.897635+05:30
382,324,4.10,False,False,,407,36,3760,2026-09-21 13:42:20.897635+05:30,2026-09-21 13:42:20.897635+05:30
382,325,1.50,False,False,,407,36,3761,2026-09-21 13:42:20.897635+05:30,2026-09-21 13:42:20.897635+05:30
382,326,2.20,False,False,,407,36,3762,2026-09-21 13:42:20.897635+05:30,2026-09-21 13:42:20.897635+05:30
382,327,2.85,False,False,,407,36,3763,2026-09-21 13:42:20.897635+05:30,2026-09-21 13:42:20.897635+05:30
383,318,2.40,False,False,,413,36,3764,2026-09-21 13:42:20.897635+05:30,2026-09-21 13:42:20.897635+05:30
383,319,2.15,False,False,,413,36,3765,2026-09-21 13:42:20.897635+05:30,2026-09-21 13:42:20.897635+05:30
383,320,3.20,False,False,,413,36,3766,2026-09-21 13:42:20.897635+05:30,2026-09-21 13:42:20.897635+05:30
383,321,3.15,False,False,,413,36,3767,2026-09-21 13:42:20.897635+05:30,2026-09-21 13:42:20.897635+05:30
383,322,3.55,False,False,,413,36,3768,2026-09-21 13:42:20.897635+05:30,2026-09-21 13:42:20.897635+05:30
383,323,3.85,False,False,,413,36,3769,2026-09-21 13:42:20.897635+05:30,2026-09-21 13:42:20.897635+05:30
383,324,4.20,False,False,,413,36,3770,2026-09-21 13:42:20.897635+05:30,2026-09-21 13:42:20.897635+05:30
383,325,2.10,False,False,,413,36,3771,2026-09-21 13:42:20.897635+05:30,2026-09-21 13:42:20.897635+05:30
383,326,2.00,False,False,,413,36,3772,2026-09-21 13:42:20.897635+05:30,2026-09-21 13:42:20.897635+05:30
383,327,2.55,False,False,,413,36,3773,2026-09-21 13:42:20.897635+05:30,2026-09-21 13:42:20.897635+05:30
384,318,1.80,False,False,,411,36,3774,2026-09-21 13:42:20.897635+05:30,2026-09-21 13:42:20.897635+05:30
384,319,2.30,False,False,,411,36,3775,2026-09-21 13:42:20.897635+05:30,2026-09-21 13:42:20.897635+05:30
384,320,2.65,False,False,,411,36,3776,2026-09-21 13:42:20.897635+05:30,2026-09-21 13:42:20.897635+05:30
384,321,3.70,False,False,,411,36,3777,2026-09-21 13:42:20.897635+05:30,2026-09-21 13:42:20.897635+05:30
384,322,3.25,False,False,,411,36,3778,2026-09-21 13:42:20.897635+05:30,2026-09-21 13:42:20.897635+05:30
384,323,4.40,False,False,,411,36,3779,2026-09-21 13:42:20.897635+05:30,2026-09-21 13:42:20.897635+05:30
384,324,4.25,False,False,,411,36,3780,2026-09-21 13:42:20.897635+05:30,2026-09-21 13:42:20.897635+05:30
384,325,1.40,False,False,,411,36,3781,2026-09-21 13:42:20.897635+05:30,2026-09-21 13:42:20.897635+05:30
384,326,1.95,False,False,,411,36,3782,2026-09-21 13:42:20.897635+05:30,2026-09-21 13:42:20.897635+05:30
384,327,2.75,False,False,,411,36,3783,2026-09-21 13:42:20.897635+05:30,2026-09-21 13:42:20.897635+05:30
385,318,2.05,False,False,,416,36,3784,2026-09-21 13:42:20.897635+05:30,2026-09-21 13:42:20.897635+05:30
385,319,2.85,False,False,,416,36,3785,2026-09-21 13:42:20.897635+05:30,2026-09-21 13:42:20.897635+05:30
385,320,2.80,False,False,,416,36,3786,2026-09-21 13:42:20.897635+05:30,2026-09-21 13:42:20.897635+05:30
385,321,3.30,False,False,,416,36,3787,2026-09-21 13:42:20.897635+05:30,2026-09-21 13:42:20.897635+05:30
385,322,3.20,False,False,,416,36,3788,2026-09-21 13:42:20.897635+05:30,2026-09-21 13:42:20.897635+05:30
385,323,3.95,False,False,,416,36,3789,2026-09-21 13:42:20.897635+05:30,2026-09-21 13:42:20.897635+05:30
385,324,4.00,False,False,,416,36,3790,2026-09-21 13:42:20.897635+05:30,2026-09-21 13:42:20.897635+05:30
385,325,2.10,False,False,,416,36,3791,2026-09-21 13:42:20.897635+05:30,2026-09-21 13:42:20.897635+05:30
385,326,2.40,False,False,,416,36,3792,2026-09-21 13:42:20.897635+05:30,2026-09-21 13:42:20.897635+05:30
385,327,2.80,False,False,,416,36,3793,2026-09-21 13:42:20.897635+05:30,2026-09-21 13:42:20.897635+05:30
386,328,2.35,False,False,,408,36,3794,2026-09-21 13:42:20.897635+05:30,2026-09-21 13:42:20.897635+05:30
386,329,2.50,False,False,,408,36,3795,2026-09-21 13:42:20.897635+05:30,2026-09-21 13:42:20.897635+05:30
386,330,2.85,False,False,,408,36,3796,2026-09-21 13:42:20.897635+05:30,2026-09-21 13:42:20.897635+05:30
386,331,3.55,False,False,,408,36,3797,2026-09-21 13:42:20.897635+05:30,2026-09-21 13:42:20.897635+05:30
386,332,3.80,False,False,,408,36,3798,2026-09-21 13:42:20.897635+05:30,2026-09-21 13:42:20.897635+05:30
386,333,4.00,False,False,,408,36,3799,2026-09-21 13:42:20.897635+05:30,2026-09-21 13:42:20.897635+05:30
386,334,4.50,False,False,,408,36,3800,2026-09-21 13:42:20.897635+05:30,2026-09-21 13:42:20.897635+05:30
386,335,1.50,False,False,,408,36,3801,2026-09-21 13:42:20.897635+05:30,2026-09-21 13:42:20.897635+05:30
386,336,2.65,False,False,,408,36,3802,2026-09-21 13:42:20.897635+05:30,2026-09-21 13:42:20.897635+05:30
386,337,2.60,False,False,,408,36,3803,2026-09-21 13:42:20.897635+05:30,2026-09-21 13:42:20.897635+05:30
387,328,1.65,False,False,,409,36,3804,2026-09-21 13:42:20.897635+05:30,2026-09-21 13:42:20.897635+05:30
387,329,2.20,False,False,,409,36,3805,2026-09-21 13:42:20.897635+05:30,2026-09-21 13:42:20.897635+05:30
387,330,3.30,False,False,,409,36,3806,2026-09-21 13:42:20.897635+05:30,2026-09-21 13:42:20.897635+05:30
387,331,3.50,False,False,,409,36,3807,2026-09-21 13:42:20.897635+05:30,2026-09-21 13:42:20.897635+05:30
387,332,3.90,False,False,,409,36,3808,2026-09-21 13:42:20.897635+05:30,2026-09-21 13:42:20.897635+05:30
387,333,3.85,False,False,,409,36,3809,2026-09-21 13:42:20.897635+05:30,2026-09-21 13:42:20.897635+05:30
387,334,4.70,False,False,,409,36,3810,2026-09-21 13:42:20.897635+05:30,2026-09-21 13:42:20.897635+05:30
387,335,2.05,False,False,,409,36,3811,2026-09-21 13:42:20.897635+05:30,2026-09-21 13:42:20.897635+05:30
387,336,2.70,False,False,,409,36,3812,2026-09-21 13:42:20.897635+05:30,2026-09-21 13:42:20.897635+05:30
387,337,2.30,False,False,,409,36,3813,2026-09-21 13:42:20.897635+05:30,2026-09-21 13:42:20.897635+05:30
388,328,2.40,False,False,,407,36,3814,2026-09-21 13:42:20.897635+05:30,2026-09-21 13:42:20.897635+05:30
388,329,2.75,False,False,,407,36,3815,2026-09-21 13:42:20.897635+05:30,2026-09-21 13:42:20.897635+05:30
388,330,3.05,False,False,,407,36,3816,2026-09-21 13:42:20.897635+05:30,2026-09-21 13:42:20.897635+05:30
388,331,3.00,False,False,,407,36,3817,2026-09-21 13:42:20.897635+05:30,2026-09-21 13:42:20.897635+05:30
388,332,3.70,False,False,,407,36,3818,2026-09-21 13:42:20.897635+05:30,2026-09-21 13:42:20.897635+05:30
388,333,3.60,False,False,,407,36,3819,2026-09-21 13:42:20.897635+05:30,2026-09-21 13:42:20.897635+05:30
388,334,4.65,False,False,,407,36,3820,2026-09-21 13:42:20.897635+05:30,2026-09-21 13:42:20.897635+05:30
388,335,2.20,False,False,,407,36,3821,2026-09-21 13:42:20.897635+05:30,2026-09-21 13:42:20.897635+05:30
388,336,2.25,False,False,,407,36,3822,2026-09-21 13:42:20.897635+05:30,2026-09-21 13:42:20.897635+05:30
388,337,2.55,False,False,,407,36,3823,2026-09-21 13:42:20.897635+05:30,2026-09-21 13:42:20.897635+05:30
389,328,1.60,False,False,,413,36,3824,2026-09-21 13:42:20.897635+05:30,2026-09-21 13:42:20.897635+05:30
389,329,2.80,False,False,,413,36,3825,2026-09-21 13:42:20.897635+05:30,2026-09-21 13:42:20.897635+05:30
389,330,2.65,False,False,,413,36,3826,2026-09-21 13:42:20.897635+05:30,2026-09-21 13:42:20.897635+05:30
389,331,2.80,False,False,,413,36,3827,2026-09-21 13:42:20.897635+05:30,2026-09-21 13:42:20.897635+05:30
389,332,3.45,False,False,,413,36,3828,2026-09-21 13:42:20.897635+05:30,2026-09-21 13:42:20.897635+05:30
389,333,3.70,False,False,,413,36,3829,2026-09-21 13:42:20.897635+05:30,2026-09-21 13:42:20.897635+05:30
389,334,4.40,False,False,,413,36,3830,2026-09-21 13:42:20.897635+05:30,2026-09-21 13:42:20.897635+05:30
389,335,1.65,False,False,,413,36,3831,2026-09-21 13:42:20.897635+05:30,2026-09-21 13:42:20.897635+05:30
389,336,2.40,False,False,,413,36,3832,2026-09-21 13:42:20.897635+05:30,2026-09-21 13:42:20.897635+05:30
389,337,2.20,False,False,,413,36,3833,2026-09-21 13:42:20.897635+05:30,2026-09-21 13:42:20.897635+05:30
390,328,2.00,False,False,,411,36,3834,2026-09-21 13:42:20.897635+05:30,2026-09-21 13:42:20.897635+05:30
390,329,2.80,False,False,,411,36,3835,2026-09-21 13:42:20.897635+05:30,2026-09-21 13:42:20.897635+05:30
390,330,3.20,False,False,,411,36,3836,2026-09-21 13:42:20.897635+05:30,2026-09-21 13:42:20.897635+05:30
390,331,3.40,False,False,,411,36,3837,2026-09-21 13:42:20.897635+05:30,2026-09-21 13:42:20.897635+05:30
390,332,4.05,False,False,,411,36,3838,2026-09-21 13:42:20.897635+05:30,2026-09-21 13:42:20.897635+05:30
390,333,4.20,False,False,,411,36,3839,2026-09-21 13:42:20.897635+05:30,2026-09-21 13:42:20.897635+05:30
390,334,4.50,False,False,,411,36,3840,2026-09-21 13:42:20.897635+05:30,2026-09-21 13:42:20.897635+05:30
390,335,1.45,False,False,,411,36,3841,2026-09-21 13:42:20.897635+05:30,2026-09-21 13:42:20.897635+05:30
390,336,2.35,False,False,,411,36,3842,2026-09-21 13:42:20.897635+05:30,2026-09-21 13:42:20.897635+05:30
390,337,3.00,False,False,,411,36,3843,2026-09-21 13:42:20.897635+05:30,2026-09-21 13:42:20.897635+05:30
391,328,2.35,False,False,,416,36,3844,2026-09-21 13:42:20.897635+05:30,2026-09-21 13:42:20.897635+05:30
391,329,2.50,False,False,,416,36,3845,2026-09-21 13:42:20.897635+05:30,2026-09-21 13:42:20.897635+05:30
391,330,3.00,False,False,,416,36,3846,2026-09-21 13:42:20.897635+05:30,2026-09-21 13:42:20.897635+05:30
391,331,3.60,False,False,,416,36,3847,2026-09-21 13:42:20.897635+05:30,2026-09-21 13:42:20.897635+05:30
391,332,3.90,False,False,,416,36,3848,2026-09-21 13:42:20.897635+05:30,2026-09-21 13:42:20.897635+05:30
391,333,4.20,False,False,,416,36,3849,2026-09-21 13:42:20.897635+05:30,2026-09-21 13:42:20.897635+05:30
391,334,4.30,False,False,,416,36,3850,2026-09-21 13:42:20.897635+05:30,2026-09-21 13:42:20.897635+05:30
391,335,1.40,False,False,,416,36,3851,2026-09-21 13:42:20.897635+05:30,2026-09-21 13:42:20.897635+05:30
391,336,2.30,False,False,,416,36,3852,2026-09-21 13:42:20.897635+05:30,2026-09-21 13:42:20.897635+05:30
391,337,2.30,False,False,,416,36,3853,2026-09-21 13:42:20.897635+05:30,2026-09-21 13:42:20.897635+05:30
392,338,1.75,False,False,,408,36,3854,2026-09-21 13:42:20.897635+05:30,2026-09-21 13:42:20.897635+05:30
392,339,2.35,False,False,,408,36,3855,2026-09-21 13:42:20.897635+05:30,2026-09-21 13:42:20.897635+05:30
392,340,2.80,False,False,,408,36,3856,2026-09-21 13:42:20.897635+05:30,2026-09-21 13:42:20.897635+05:30
392,341,2.90,False,False,,408,36,3857,2026-09-21 13:42:20.897635+05:30,2026-09-21 13:42:20.897635+05:30
392,342,3.30,False,False,,408,36,3858,2026-09-21 13:42:20.897635+05:30,2026-09-21 13:42:20.897635+05:30
392,343,4.25,False,False,,408,36,3859,2026-09-21 13:42:20.897635+05:30,2026-09-21 13:42:20.897635+05:30
392,344,4.70,False,False,,408,36,3860,2026-09-21 13:42:20.897635+05:30,2026-09-21 13:42:20.897635+05:30
392,345,2.20,False,False,,408,36,3861,2026-09-21 13:42:20.897635+05:30,2026-09-21 13:42:20.897635+05:30
392,346,2.25,False,False,,408,36,3862,2026-09-21 13:42:20.897635+05:30,2026-09-21 13:42:20.897635+05:30
392,347,2.35,False,False,,408,36,3863,2026-09-21 13:42:20.897635+05:30,2026-09-21 13:42:20.897635+05:30
393,338,2.20,False,False,,409,36,3864,2026-09-21 13:42:20.897635+05:30,2026-09-21 13:42:20.897635+05:30
393,339,2.75,False,False,,409,36,3865,2026-09-21 13:42:20.897635+05:30,2026-09-21 13:42:20.897635+05:30
393,340,2.55,False,False,,409,36,3866,2026-09-21 13:42:20.897635+05:30,2026-09-21 13:42:20.897635+05:30
393,341,2.95,False,False,,409,36,3867,2026-09-21 13:42:20.897635+05:30,2026-09-21 13:42:20.897635+05:30
393,342,3.40,False,False,,409,36,3868,2026-09-21 13:42:20.897635+05:30,2026-09-21 13:42:20.897635+05:30
393,343,3.70,False,False,,409,36,3869,2026-09-21 13:42:20.897635+05:30,2026-09-21 13:42:20.897635+05:30
393,344,4.25,False,False,,409,36,3870,2026-09-21 13:42:20.897635+05:30,2026-09-21 13:42:20.897635+05:30
393,345,1.60,False,False,,409,36,3871,2026-09-21 13:42:20.897635+05:30,2026-09-21 13:42:20.897635+05:30
393,346,2.70,False,False,,409,36,3872,2026-09-21 13:42:20.897635+05:30,2026-09-21 13:42:20.897635+05:30
393,347,2.20,False,False,,409,36,3873,2026-09-21 13:42:20.897635+05:30,2026-09-21 13:42:20.897635+05:30
394,338,2.10,False,False,,407,36,3874,2026-09-21 13:42:20.897635+05:30,2026-09-21 13:42:20.897635+05:30
394,339,2.65,False,False,,407,36,3875,2026-09-21 13:42:20.897635+05:30,2026-09-21 13:42:20.897635+05:30
394,340,2.75,False,False,,407,36,3876,2026-09-21 13:42:20.897635+05:30,2026-09-21 13:42:20.897635+05:30
394,341,2.85,False,False,,407,36,3877,2026-09-21 13:42:20.897635+05:30,2026-09-21 13:42:20.897635+05:30
394,342,3.70,False,False,,407,36,3878,2026-09-21 13:42:20.897635+05:30,2026-09-21 13:42:20.897635+05:30
394,343,4.20,False,False,,407,36,3879,2026-09-21 13:42:20.897635+05:30,2026-09-21 13:42:20.897635+05:30
394,344,4.40,False,False,,407,36,3880,2026-09-21 13:42:20.897635+05:30,2026-09-21 13:42:20.897635+05:30
394,345,1.55,False,False,,407,36,3881,2026-09-21 13:42:20.897635+05:30,2026-09-21 13:42:20.897635+05:30
394,346,2.20,False,False,,407,36,3882,2026-09-21 13:42:20.897635+05:30,2026-09-21 13:42:20.897635+05:30
394,347,2.65,False,False,,407,36,3883,2026-09-21 13:42:20.897635+05:30,2026-09-21 13:42:20.897635+05:30
395,338,1.75,False,False,,413,36,3884,2026-09-21 13:42:20.897635+05:30,2026-09-21 13:42:20.897635+05:30
395,339,2.40,False,False,,413,36,3885,2026-09-21 13:42:20.897635+05:30,2026-09-21 13:42:20.897635+05:30
395,340,2.55,False,False,,413,36,3886,2026-09-21 13:42:20.897635+05:30,2026-09-21 13:42:20.897635+05:30
395,341,3.00,False,False,,413,36,3887,2026-09-21 13:42:20.897635+05:30,2026-09-21 13:42:20.897635+05:30
395,342,3.30,False,False,,413,36,3888,2026-09-21 13:42:20.897635+05:30,2026-09-21 13:42:20.897635+05:30
395,343,4.50,False,False,,413,36,3889,2026-09-21 13:42:20.897635+05:30,2026-09-21 13:42:20.897635+05:30
395,344,4.80,False,False,,413,36,3890,2026-09-21 13:42:20.897635+05:30,2026-09-21 13:42:20.897635+05:30
395,345,2.30,False,False,,413,36,3891,2026-09-21 13:42:20.897635+05:30,2026-09-21 13:42:20.897635+05:30
395,346,2.45,False,False,,413,36,3892,2026-09-21 13:42:20.897635+05:30,2026-09-21 13:42:20.897635+05:30
395,347,2.40,False,False,,413,36,3893,2026-09-21 13:42:20.897635+05:30,2026-09-21 13:42:20.897635+05:30
396,338,1.95,False,False,,411,36,3894,2026-09-21 13:42:20.897635+05:30,2026-09-21 13:42:20.897635+05:30
396,339,2.00,False,False,,411,36,3895,2026-09-21 13:42:20.897635+05:30,2026-09-21 13:42:20.897635+05:30
396,340,3.30,False,False,,411,36,3896,2026-09-21 13:42:20.897635+05:30,2026-09-21 13:42:20.897635+05:30
396,341,3.15,False,False,,411,36,3897,2026-09-21 13:42:20.897635+05:30,2026-09-21 13:42:20.897635+05:30
396,342,3.90,False,False,,411,36,3898,2026-09-21 13:42:20.897635+05:30,2026-09-21 13:42:20.897635+05:30
396,343,3.95,False,False,,411,36,3899,2026-09-21 13:42:20.897635+05:30,2026-09-21 13:42:20.897635+05:30
396,344,4.50,False,False,,411,36,3900,2026-09-21 13:42:20.897635+05:30,2026-09-21 13:42:20.897635+05:30
396,345,1.80,False,False,,411,36,3901,2026-09-21 13:42:20.897635+05:30,2026-09-21 13:42:20.897635+05:30
396,346,1.90,False,False,,411,36,3902,2026-09-21 13:42:20.897635+05:30,2026-09-21 13:42:20.897635+05:30
396,347,2.35,False,False,,411,36,3903,2026-09-21 13:42:20.897635+05:30,2026-09-21 13:42:20.897635+05:30
397,338,2.05,False,False,,416,36,3904,2026-09-21 13:42:20.897635+05:30,2026-09-21 13:42:20.897635+05:30
397,339,2.55,False,False,,416,36,3905,2026-09-21 13:42:20.897635+05:30,2026-09-21 13:42:20.897635+05:30
397,340,2.55,False,False,,416,36,3906,2026-09-21 13:42:20.897635+05:30,2026-09-21 13:42:20.897635+05:30
397,341,3.10,False,False,,416,36,3907,2026-09-21 13:42:20.897635+05:30,2026-09-21 13:42:20.897635+05:30
397,342,4.10,False,False,,416,36,3908,2026-09-21 13:42:20.897635+05:30,2026-09-21 13:42:20.897635+05:30
397,343,3.85,False,False,,416,36,3909,2026-09-21 13:42:20.897635+05:30,2026-09-21 13:42:20.897635+05:30
397,344,4.85,False,False,,416,36,3910,2026-09-21 13:42:20.897635+05:30,2026-09-21 13:42:20.897635+05:30
397,345,1.85,False,False,,416,36,3911,2026-09-21 13:42:20.897635+05:30,2026-09-21 13:42:20.897635+05:30
397,346,2.25,False,False,,416,36,3912,2026-09-21 13:42:20.897635+05:30,2026-09-21 13:42:20.897635+05:30
397,347,3.05,False,False,,416,36,3913,2026-09-21 13:42:20.897635+05:30,2026-09-21 13:42:20.897635+05:30
398,348,2.50,False,False,,417,36,3914,2026-09-21 13:42:20.897635+05:30,2026-09-21 13:42:20.897635+05:30
398,349,2.50,False,False,,417,36,3915,2026-09-21 13:42:20.897635+05:30,2026-09-21 13:42:20.897635+05:30
398,350,2.75,False,False,,417,36,3916,2026-09-21 13:42:20.897635+05:30,2026-09-21 13:42:20.897635+05:30
398,351,3.55,False,False,,417,36,3917,2026-09-21 13:42:20.897635+05:30,2026-09-21 13:42:20.897635+05:30
398,352,3.40,False,False,,417,36,3918,2026-09-21 13:42:20.897635+05:30,2026-09-21 13:42:20.897635+05:30
398,353,3.85,False,False,,417,36,3919,2026-09-21 13:42:20.897635+05:30,2026-09-21 13:42:20.897635+05:30
398,354,4.30,False,False,,417,36,3920,2026-09-21 13:42:20.897635+05:30,2026-09-21 13:42:20.897635+05:30
398,355,2.15,False,False,,417,36,3921,2026-09-21 13:42:20.897635+05:30,2026-09-21 13:42:20.897635+05:30
398,356,2.45,False,False,,417,36,3922,2026-09-21 13:42:20.897635+05:30,2026-09-21 13:42:20.897635+05:30
398,357,2.55,False,False,,417,36,3923,2026-09-21 13:42:20.897635+05:30,2026-09-21 13:42:20.897635+05:30
399,348,2.50,False,False,,414,36,3924,2026-09-21 13:42:20.897635+05:30,2026-09-21 13:42:20.897635+05:30
399,349,2.50,False,False,,414,36,3925,2026-09-21 13:42:20.897635+05:30,2026-09-21 13:42:20.897635+05:30
399,350,3.20,False,False,,414,36,3926,2026-09-21 13:42:20.897635+05:30,2026-09-21 13:42:20.897635+05:30
399,351,2.85,False,False,,414,36,3927,2026-09-21 13:42:20.897635+05:30,2026-09-21 13:42:20.897635+05:30
399,352,4.00,False,False,,414,36,3928,2026-09-21 13:42:20.897635+05:30,2026-09-21 13:42:20.897635+05:30
399,353,4.20,False,False,,414,36,3929,2026-09-21 13:42:20.897635+05:30,2026-09-21 13:42:20.897635+05:30
399,354,4.25,False,False,,414,36,3930,2026-09-21 13:42:20.897635+05:30,2026-09-21 13:42:20.897635+05:30
399,355,1.70,False,False,,414,36,3931,2026-09-21 13:42:20.897635+05:30,2026-09-21 13:42:20.897635+05:30
399,356,2.70,False,False,,414,36,3932,2026-09-21 13:42:20.897635+05:30,2026-09-21 13:42:20.897635+05:30
399,357,2.60,False,False,,414,36,3933,2026-09-21 13:42:20.897635+05:30,2026-09-21 13:42:20.897635+05:30
400,348,2.35,False,False,,418,36,3934,2026-09-21 13:42:20.897635+05:30,2026-09-21 13:42:20.897635+05:30
400,349,2.15,False,False,,418,36,3935,2026-09-21 13:42:20.897635+05:30,2026-09-21 13:42:20.897635+05:30
400,350,2.90,False,False,,418,36,3936,2026-09-21 13:42:20.897635+05:30,2026-09-21 13:42:20.897635+05:30
400,351,3.70,False,False,,418,36,3937,2026-09-21 13:42:20.897635+05:30,2026-09-21 13:42:20.897635+05:30
400,352,3.90,False,False,,418,36,3938,2026-09-21 13:42:20.897635+05:30,2026-09-21 13:42:20.897635+05:30
400,353,4.15,False,False,,418,36,3939,2026-09-21 13:42:20.897635+05:30,2026-09-21 13:42:20.897635+05:30
400,354,4.35,False,False,,418,36,3940,2026-09-21 13:42:20.897635+05:30,2026-09-21 13:42:20.897635+05:30
400,355,1.50,False,False,,418,36,3941,2026-09-21 13:42:20.897635+05:30,2026-09-21 13:42:20.897635+05:30
400,356,1.80,False,False,,418,36,3942,2026-09-21 13:42:20.897635+05:30,2026-09-21 13:42:20.897635+05:30
400,357,2.40,False,False,,418,36,3943,2026-09-21 13:42:20.897635+05:30,2026-09-21 13:42:20.897635+05:30
401,348,2.35,False,False,,415,36,3944,2026-09-21 13:42:20.897635+05:30,2026-09-21 13:42:20.897635+05:30
401,349,2.30,False,False,,415,36,3945,2026-09-21 13:42:20.897635+05:30,2026-09-21 13:42:20.897635+05:30
401,350,2.55,False,False,,415,36,3946,2026-09-21 13:42:20.897635+05:30,2026-09-21 13:42:20.897635+05:30
401,351,2.80,False,False,,415,36,3947,2026-09-21 13:42:20.897635+05:30,2026-09-21 13:42:20.897635+05:30
401,352,3.30,False,False,,415,36,3948,2026-09-21 13:42:20.897635+05:30,2026-09-21 13:42:20.897635+05:30
401,353,3.90,False,False,,415,36,3949,2026-09-21 13:42:20.897635+05:30,2026-09-21 13:42:20.897635+05:30
401,354,4.50,False,False,,415,36,3950,2026-09-21 13:42:20.897635+05:30,2026-09-21 13:42:20.897635+05:30
401,355,1.60,False,False,,415,36,3951,2026-09-21 13:42:20.897635+05:30,2026-09-21 13:42:20.897635+05:30
401,356,2.40,False,False,,415,36,3952,2026-09-21 13:42:20.897635+05:30,2026-09-21 13:42:20.897635+05:30
401,357,2.70,False,False,,415,36,3953,2026-09-21 13:42:20.897635+05:30,2026-09-21 13:42:20.897635+05:30
402,348,1.70,False,False,,412,36,3954,2026-09-21 13:42:20.897635+05:30,2026-09-21 13:42:20.897635+05:30
402,349,2.00,False,False,,412,36,3955,2026-09-21 13:42:20.897635+05:30,2026-09-21 13:42:20.897635+05:30
402,350,2.90,False,False,,412,36,3956,2026-09-21 13:42:20.897635+05:30,2026-09-21 13:42:20.897635+05:30
402,351,2.95,False,False,,412,36,3957,2026-09-21 13:42:20.897635+05:30,2026-09-21 13:42:20.897635+05:30
402,352,3.40,False,False,,412,36,3958,2026-09-21 13:42:20.897635+05:30,2026-09-21 13:42:20.897635+05:30
402,353,3.70,False,False,,412,36,3959,2026-09-21 13:42:20.897635+05:30,2026-09-21 13:42:20.897635+05:30
402,354,4.35,False,False,,412,36,3960,2026-09-21 13:42:20.897635+05:30,2026-09-21 13:42:20.897635+05:30
402,355,1.40,False,False,,412,36,3961,2026-09-21 13:42:20.897635+05:30,2026-09-21 13:42:20.897635+05:30
402,356,2.15,False,False,,412,36,3962,2026-09-21 13:42:20.897635+05:30,2026-09-21 13:42:20.897635+05:30
402,357,2.90,False,False,,412,36,3963,2026-09-21 13:42:20.897635+05:30,2026-09-21 13:42:20.897635+05:30
403,348,1.70,False,False,,410,36,3964,2026-09-21 13:42:20.897635+05:30,2026-09-21 13:42:20.897635+05:30
403,349,2.45,False,False,,410,36,3965,2026-09-21 13:42:20.897635+05:30,2026-09-21 13:42:20.897635+05:30
403,350,3.25,False,False,,410,36,3966,2026-09-21 13:42:20.897635+05:30,2026-09-21 13:42:20.897635+05:30
403,351,3.60,False,False,,410,36,3967,2026-09-21 13:42:20.897635+05:30,2026-09-21 13:42:20.897635+05:30
403,352,4.05,False,False,,410,36,3968,2026-09-21 13:42:20.897635+05:30,2026-09-21 13:42:20.897635+05:30
403,353,4.40,False,False,,410,36,3969,2026-09-21 13:42:20.897635+05:30,2026-09-21 13:42:20.897635+05:30
403,354,4.90,False,False,,410,36,3970,2026-09-21 13:42:20.897635+05:30,2026-09-21 13:42:20.897635+05:30
403,355,1.60,False,False,,410,36,3971,2026-09-21 13:42:20.897635+05:30,2026-09-21 13:42:20.897635+05:30
403,356,2.35,False,False,,410,36,3972,2026-09-21 13:42:20.897635+05:30,2026-09-21 13:42:20.897635+05:30
403,357,2.25,False,False,,410,36,3973,2026-09-21 13:42:20.897635+05:30,2026-09-21 13:42:20.897635+05:30
404,358,1.75,False,False,,417,36,3974,2026-09-21 13:42:20.897635+05:30,2026-09-21 13:42:20.897635+05:30
404,359,2.55,False,False,,417,36,3975,2026-09-21 13:42:20.897635+05:30,2026-09-21 13:42:20.897635+05:30
404,360,2.55,False,False,,417,36,3976,2026-09-21 13:42:20.897635+05:30,2026-09-21 13:42:20.897635+05:30
404,361,3.00,False,False,,417,36,3977,2026-09-21 13:42:20.897635+05:30,2026-09-21 13:42:20.897635+05:30
404,362,3.50,False,False,,417,36,3978,2026-09-21 13:42:20.897635+05:30,2026-09-21 13:42:20.897635+05:30
404,363,3.60,False,False,,417,36,3979,2026-09-21 13:42:20.897635+05:30,2026-09-21 13:42:20.897635+05:30
404,364,4.40,False,False,,417,36,3980,2026-09-21 13:42:20.897635+05:30,2026-09-21 13:42:20.897635+05:30
404,365,2.25,False,False,,417,36,3981,2026-09-21 13:42:20.897635+05:30,2026-09-21 13:42:20.897635+05:30
404,366,1.95,False,False,,417,36,3982,2026-09-21 13:42:20.897635+05:30,2026-09-21 13:42:20.897635+05:30
404,367,2.30,False,False,,417,36,3983,2026-09-21 13:42:20.897635+05:30,2026-09-21 13:42:20.897635+05:30
405,358,2.40,False,False,,414,36,3984,2026-09-21 13:42:20.897635+05:30,2026-09-21 13:42:20.897635+05:30
405,359,2.50,False,False,,414,36,3985,2026-09-21 13:42:20.897635+05:30,2026-09-21 13:42:20.897635+05:30
405,360,2.70,False,False,,414,36,3986,2026-09-21 13:42:20.897635+05:30,2026-09-21 13:42:20.897635+05:30
405,361,3.10,False,False,,414,36,3987,2026-09-21 13:42:20.897635+05:30,2026-09-21 13:42:20.897635+05:30
405,362,4.10,False,False,,414,36,3988,2026-09-21 13:42:20.897635+05:30,2026-09-21 13:42:20.897635+05:30
405,363,3.85,False,False,,414,36,3989,2026-09-21 13:42:20.897635+05:30,2026-09-21 13:42:20.897635+05:30
405,364,4.25,False,False,,414,36,3990,2026-09-21 13:42:20.897635+05:30,2026-09-21 13:42:20.897635+05:30
405,365,1.75,False,False,,414,36,3991,2026-09-21 13:42:20.897635+05:30,2026-09-21 13:42:20.897635+05:30
405,366,2.35,False,False,,414,36,3992,2026-09-21 13:42:20.897635+05:30,2026-09-21 13:42:20.897635+05:30
405,367,2.45,False,False,,414,36,3993,2026-09-21 13:42:20.897635+05:30,2026-09-21 13:42:20.897635+05:30
406,358,2.25,False,False,,418,36,3994,2026-09-21 13:42:20.897635+05:30,2026-09-21 13:42:20.897635+05:30
406,359,2.55,False,False,,418,36,3995,2026-09-21 13:42:20.897635+05:30,2026-09-21 13:42:20.897635+05:30
406,360,3.00,False,False,,418,36,3996,2026-09-21 13:42:20.897635+05:30,2026-09-21 13:42:20.897635+05:30
406,361,2.80,False,False,,418,36,3997,2026-09-21 13:42:20.897635+05:30,2026-09-21 13:42:20.897635+05:30
406,362,3.35,False,False,,418,36,3998,2026-09-21 13:42:20.897635+05:30,2026-09-21 13:42:20.897635+05:30
406,363,4.15,False,False,,418,36,3999,2026-09-21 13:42:20.897635+05:30,2026-09-21 13:42:20.897635+05:30
406,364,4.70,False,False,,418,36,4000,2026-09-21 13:42:20.897635+05:30,2026-09-21 13:42:20.897635+05:30
406,365,1.85,False,False,,418,36,4001,2026-09-21 13:42:20.897635+05:30,2026-09-21 13:42:20.897635+05:30
406,366,2.65,False,False,,418,36,4002,2026-09-21 13:42:20.897635+05:30,2026-09-21 13:42:20.897635+05:30
406,367,2.80,False,False,,418,36,4003,2026-09-21 13:42:20.897635+05:30,2026-09-21 13:42:20.897635+05:30
407,358,2.40,False,False,,415,36,4004,2026-09-21 13:42:20.897635+05:30,2026-09-21 13:42:20.897635+05:30
407,359,2.55,False,False,,415,36,4005,2026-09-21 13:42:20.897635+05:30,2026-09-21 13:42:20.897635+05:30
407,360,2.50,False,False,,415,36,4006,2026-09-21 13:42:20.897635+05:30,2026-09-21 13:42:20.897635+05:30
407,361,3.00,False,False,,415,36,4007,2026-09-21 13:42:20.897635+05:30,2026-09-21 13:42:20.897635+05:30
407,362,3.70,False,False,,415,36,4008,2026-09-21 13:42:20.897635+05:30,2026-09-21 13:42:20.897635+05:30
407,363,4.50,False,False,,415,36,4009,2026-09-21 13:42:20.897635+05:30,2026-09-21 13:42:20.897635+05:30
407,364,4.00,False,False,,415,36,4010,2026-09-21 13:42:20.897635+05:30,2026-09-21 13:42:20.897635+05:30
407,365,1.60,False,False,,415,36,4011,2026-09-21 13:42:20.897635+05:30,2026-09-21 13:42:20.897635+05:30
407,366,2.50,False,False,,415,36,4012,2026-09-21 13:42:20.897635+05:30,2026-09-21 13:42:20.897635+05:30
407,367,2.55,False,False,,415,36,4013,2026-09-21 13:42:20.897635+05:30,2026-09-21 13:42:20.897635+05:30
408,358,2.45,False,False,,412,36,4014,2026-09-21 13:42:20.897635+05:30,2026-09-21 13:42:20.897635+05:30
408,359,2.35,False,False,,412,36,4015,2026-09-21 13:42:20.897635+05:30,2026-09-21 13:42:20.897635+05:30
408,360,2.95,False,False,,412,36,4016,2026-09-21 13:42:20.897635+05:30,2026-09-21 13:42:20.897635+05:30
408,361,3.30,False,False,,412,36,4017,2026-09-21 13:42:20.897635+05:30,2026-09-21 13:42:20.897635+05:30
408,362,3.85,False,False,,412,36,4018,2026-09-21 13:42:20.897635+05:30,2026-09-21 13:42:20.897635+05:30
408,363,3.60,False,False,,412,36,4019,2026-09-21 13:42:20.897635+05:30,2026-09-21 13:42:20.897635+05:30
408,364,4.15,False,False,,412,36,4020,2026-09-21 13:42:20.897635+05:30,2026-09-21 13:42:20.897635+05:30
408,365,2.25,False,False,,412,36,4021,2026-09-21 13:42:20.897635+05:30,2026-09-21 13:42:20.897635+05:30
408,366,1.80,False,False,,412,36,4022,2026-09-21 13:42:20.897635+05:30,2026-09-21 13:42:20.897635+05:30
408,367,2.40,False,False,,412,36,4023,2026-09-21 13:42:20.897635+05:30,2026-09-21 13:42:20.897635+05:30
409,358,2.50,False,False,,410,36,4024,2026-09-21 13:42:20.897635+05:30,2026-09-21 13:42:20.897635+05:30
409,359,2.70,False,False,,410,36,4025,2026-09-21 13:42:20.897635+05:30,2026-09-21 13:42:20.897635+05:30
409,360,2.70,False,False,,410,36,4026,2026-09-21 13:42:20.897635+05:30,2026-09-21 13:42:20.897635+05:30
409,361,3.40,False,False,,410,36,4027,2026-09-21 13:42:20.897635+05:30,2026-09-21 13:42:20.897635+05:30
409,362,3.40,False,False,,410,36,4028,2026-09-21 13:42:20.897635+05:30,2026-09-21 13:42:20.897635+05:30
409,363,4.15,False,False,,410,36,4029,2026-09-21 13:42:20.897635+05:30,2026-09-21 13:42:20.897635+05:30
409,364,4.00,False,False,,410,36,4030,2026-09-21 13:42:20.897635+05:30,2026-09-21 13:42:20.897635+05:30
409,365,1.95,False,False,,410,36,4031,2026-09-21 13:42:20.897635+05:30,2026-09-21 13:42:20.897635+05:30
409,366,1.90,False,False,,410,36,4032,2026-09-21 13:42:20.897635+05:30,2026-09-21 13:42:20.897635+05:30
409,367,3.05,False,False,,410,36,4033,2026-09-21 13:42:20.897635+05:30,2026-09-21 13:42:20.897635+05:30
410,368,2.40,False,False,,417,36,4034,2026-09-21 13:42:20.897635+05:30,2026-09-21 13:42:20.897635+05:30
410,369,2.20,False,False,,417,36,4035,2026-09-21 13:42:20.897635+05:30,2026-09-21 13:42:20.897635+05:30
410,370,2.55,False,False,,417,36,4036,2026-09-21 13:42:20.897635+05:30,2026-09-21 13:42:20.897635+05:30
410,371,3.60,False,False,,417,36,4037,2026-09-21 13:42:20.897635+05:30,2026-09-21 13:42:20.897635+05:30
410,372,3.25,False,False,,417,36,4038,2026-09-21 13:42:20.897635+05:30,2026-09-21 13:42:20.897635+05:30
410,373,4.40,False,False,,417,36,4039,2026-09-21 13:42:20.897635+05:30,2026-09-21 13:42:20.897635+05:30
410,374,4.45,False,False,,417,36,4040,2026-09-21 13:42:20.897635+05:30,2026-09-21 13:42:20.897635+05:30
410,375,2.10,False,False,,417,36,4041,2026-09-21 13:42:20.897635+05:30,2026-09-21 13:42:20.897635+05:30
410,376,2.10,False,False,,417,36,4042,2026-09-21 13:42:20.897635+05:30,2026-09-21 13:42:20.897635+05:30
410,377,2.90,False,False,,417,36,4043,2026-09-21 13:42:20.897635+05:30,2026-09-21 13:42:20.897635+05:30
411,368,2.20,False,False,,414,36,4044,2026-09-21 13:42:20.897635+05:30,2026-09-21 13:42:20.897635+05:30
411,369,2.50,False,False,,414,36,4045,2026-09-21 13:42:20.897635+05:30,2026-09-21 13:42:20.897635+05:30
411,370,3.25,False,False,,414,36,4046,2026-09-21 13:42:20.897635+05:30,2026-09-21 13:42:20.897635+05:30
411,371,2.80,False,False,,414,36,4047,2026-09-21 13:42:20.897635+05:30,2026-09-21 13:42:20.897635+05:30
411,372,4.05,False,False,,414,36,4048,2026-09-21 13:42:20.897635+05:30,2026-09-21 13:42:20.897635+05:30
411,373,3.75,False,False,,414,36,4049,2026-09-21 13:42:20.897635+05:30,2026-09-21 13:42:20.897635+05:30
411,374,4.45,False,False,,414,36,4050,2026-09-21 13:42:20.897635+05:30,2026-09-21 13:42:20.897635+05:30
411,375,2.30,False,False,,414,36,4051,2026-09-21 13:42:20.897635+05:30,2026-09-21 13:42:20.897635+05:30
411,376,2.15,False,False,,414,36,4052,2026-09-21 13:42:20.897635+05:30,2026-09-21 13:42:20.897635+05:30
411,377,2.95,False,False,,414,36,4053,2026-09-21 13:42:20.897635+05:30,2026-09-21 13:42:20.897635+05:30
412,368,2.10,False,False,,418,36,4054,2026-09-21 13:42:20.897635+05:30,2026-09-21 13:42:20.897635+05:30
412,369,2.35,False,False,,418,36,4055,2026-09-21 13:42:20.897635+05:30,2026-09-21 13:42:20.897635+05:30
412,370,2.90,False,False,,418,36,4056,2026-09-21 13:42:20.897635+05:30,2026-09-21 13:42:20.897635+05:30
412,371,3.00,False,False,,418,36,4057,2026-09-21 13:42:20.897635+05:30,2026-09-21 13:42:20.897635+05:30
412,372,3.45,False,False,,418,36,4058,2026-09-21 13:42:20.897635+05:30,2026-09-21 13:42:20.897635+05:30
412,373,4.35,False,False,,418,36,4059,2026-09-21 13:42:20.897635+05:30,2026-09-21 13:42:20.897635+05:30
412,374,4.65,False,False,,418,36,4060,2026-09-21 13:42:20.897635+05:30,2026-09-21 13:42:20.897635+05:30
412,375,2.15,False,False,,418,36,4061,2026-09-21 13:42:20.897635+05:30,2026-09-21 13:42:20.897635+05:30
412,376,2.30,False,False,,418,36,4062,2026-09-21 13:42:20.897635+05:30,2026-09-21 13:42:20.897635+05:30
412,377,2.80,False,False,,418,36,4063,2026-09-21 13:42:20.897635+05:30,2026-09-21 13:42:20.897635+05:30
413,368,2.45,False,False,,415,36,4064,2026-09-21 13:42:20.897635+05:30,2026-09-21 13:42:20.897635+05:30
413,369,2.30,False,False,,415,36,4065,2026-09-21 13:42:20.897635+05:30,2026-09-21 13:42:20.897635+05:30
413,370,3.00,False,False,,415,36,4066,2026-09-21 13:42:20.897635+05:30,2026-09-21 13:42:20.897635+05:30
413,371,3.00,False,False,,415,36,4067,2026-09-21 13:42:20.897635+05:30,2026-09-21 13:42:20.897635+05:30
413,372,3.55,False,False,,415,36,4068,2026-09-21 13:42:20.897635+05:30,2026-09-21 13:42:20.897635+05:30
413,373,4.25,False,False,,415,36,4069,2026-09-21 13:42:20.897635+05:30,2026-09-21 13:42:20.897635+05:30
413,374,4.60,False,False,,415,36,4070,2026-09-21 13:42:20.897635+05:30,2026-09-21 13:42:20.897635+05:30
413,375,1.65,False,False,,415,36,4071,2026-09-21 13:42:20.897635+05:30,2026-09-21 13:42:20.897635+05:30
413,376,2.15,False,False,,415,36,4072,2026-09-21 13:42:20.897635+05:30,2026-09-21 13:42:20.897635+05:30
413,377,2.70,False,False,,415,36,4073,2026-09-21 13:42:20.897635+05:30,2026-09-21 13:42:20.897635+05:30
414,368,1.70,False,False,,412,36,4074,2026-09-21 13:42:20.897635+05:30,2026-09-21 13:42:20.897635+05:30
414,369,2.60,False,False,,412,36,4075,2026-09-21 13:42:20.897635+05:30,2026-09-21 13:42:20.897635+05:30
414,370,2.65,False,False,,412,36,4076,2026-09-21 13:42:20.897635+05:30,2026-09-21 13:42:20.897635+05:30
414,371,3.10,False,False,,412,36,4077,2026-09-21 13:42:20.897635+05:30,2026-09-21 13:42:20.897635+05:30
414,372,3.55,False,False,,412,36,4078,2026-09-21 13:42:20.897635+05:30,2026-09-21 13:42:20.897635+05:30
414,373,4.50,False,False,,412,36,4079,2026-09-21 13:42:20.897635+05:30,2026-09-21 13:42:20.897635+05:30
414,374,4.05,False,False,,412,36,4080,2026-09-21 13:42:20.897635+05:30,2026-09-21 13:42:20.897635+05:30
414,375,1.85,False,False,,412,36,4081,2026-09-21 13:42:20.897635+05:30,2026-09-21 13:42:20.897635+05:30
414,376,2.65,False,False,,412,36,4082,2026-09-21 13:42:20.897635+05:30,2026-09-21 13:42:20.897635+05:30
414,377,2.55,False,False,,412,36,4083,2026-09-21 13:42:20.897635+05:30,2026-09-21 13:42:20.897635+05:30
415,368,2.20,False,False,,410,36,4084,2026-09-21 13:42:20.897635+05:30,2026-09-21 13:42:20.897635+05:30
415,369,2.45,False,False,,410,36,4085,2026-09-21 13:42:20.897635+05:30,2026-09-21 13:42:20.897635+05:30
415,370,2.60,False,False,,410,36,4086,2026-09-21 13:42:20.897635+05:30,2026-09-21 13:42:20.897635+05:30
415,371,3.50,False,False,,410,36,4087,2026-09-21 13:42:20.897635+05:30,2026-09-21 13:42:20.897635+05:30
415,372,3.25,False,False,,410,36,4088,2026-09-21 13:42:20.897635+05:30,2026-09-21 13:42:20.897635+05:30
415,373,4.20,False,False,,410,36,4089,2026-09-21 13:42:20.897635+05:30,2026-09-21 13:42:20.897635+05:30
415,374,4.80,False,False,,410,36,4090,2026-09-21 13:42:20.897635+05:30,2026-09-21 13:42:20.897635+05:30
415,375,1.80,False,False,,410,36,4091,2026-09-21 13:42:20.897635+05:30,2026-09-21 13:42:20.897635+05:30
415,376,1.85,False,False,,410,36,4092,2026-09-21 13:42:20.897635+05:30,2026-09-21 13:42:20.897635+05:30
415,377,2.25,False,False,,410,36,4093,2026-09-21 13:42:20.897635+05:30,2026-09-21 13:42:20.897635+05:30
416,378,2.10,False,False,,417,36,4094,2026-09-21 13:42:20.897635+05:30,2026-09-21 13:42:20.897635+05:30
416,379,2.65,False,False,,417,36,4095,2026-09-21 13:42:20.897635+05:30,2026-09-21 13:42:20.897635+05:30
416,380,3.25,False,False,,417,36,4096,2026-09-21 13:42:20.897635+05:30,2026-09-21 13:42:20.897635+05:30
416,381,3.65,False,False,,417,36,4097,2026-09-21 13:42:20.897635+05:30,2026-09-21 13:42:20.897635+05:30
416,382,3.20,False,False,,417,36,4098,2026-09-21 13:42:20.897635+05:30,2026-09-21 13:42:20.897635+05:30
416,383,3.70,False,False,,417,36,4099,2026-09-21 13:42:20.897635+05:30,2026-09-21 13:42:20.897635+05:30
416,384,4.30,False,False,,417,36,4100,2026-09-21 13:42:20.897635+05:30,2026-09-21 13:42:20.897635+05:30
416,385,1.55,False,False,,417,36,4101,2026-09-21 13:42:20.897635+05:30,2026-09-21 13:42:20.897635+05:30
416,386,2.45,False,False,,417,36,4102,2026-09-21 13:42:20.897635+05:30,2026-09-21 13:42:20.897635+05:30
416,387,2.70,False,False,,417,36,4103,2026-09-21 13:42:20.897635+05:30,2026-09-21 13:42:20.897635+05:30
417,378,2.40,False,False,,414,36,4104,2026-09-21 13:42:20.897635+05:30,2026-09-21 13:42:20.897635+05:30
417,379,2.45,False,False,,414,36,4105,2026-09-21 13:42:20.897635+05:30,2026-09-21 13:42:20.897635+05:30
417,380,3.05,False,False,,414,36,4106,2026-09-21 13:42:20.897635+05:30,2026-09-21 13:42:20.897635+05:30
417,381,2.95,False,False,,414,36,4107,2026-09-21 13:42:20.897635+05:30,2026-09-21 13:42:20.897635+05:30
417,382,4.00,False,False,,414,36,4108,2026-09-21 13:42:20.897635+05:30,2026-09-21 13:42:20.897635+05:30
417,383,3.85,False,False,,414,36,4109,2026-09-21 13:42:20.897635+05:30,2026-09-21 13:42:20.897635+05:30
417,384,4.45,False,False,,414,36,4110,2026-09-21 13:42:20.897635+05:30,2026-09-21 13:42:20.897635+05:30
417,385,2.20,False,False,,414,36,4111,2026-09-21 13:42:20.897635+05:30,2026-09-21 13:42:20.897635+05:30
417,386,2.70,False,False,,414,36,4112,2026-09-21 13:42:20.897635+05:30,2026-09-21 13:42:20.897635+05:30
417,387,2.65,False,False,,414,36,4113,2026-09-21 13:42:20.897635+05:30,2026-09-21 13:42:20.897635+05:30
418,378,1.60,False,False,,418,36,4114,2026-09-21 13:42:20.897635+05:30,2026-09-21 13:42:20.897635+05:30
418,379,2.60,False,False,,418,36,4115,2026-09-21 13:42:20.897635+05:30,2026-09-21 13:42:20.897635+05:30
418,380,3.20,False,False,,418,36,4116,2026-09-21 13:42:20.897635+05:30,2026-09-21 13:42:20.897635+05:30
418,381,3.50,False,False,,418,36,4117,2026-09-21 13:42:20.897635+05:30,2026-09-21 13:42:20.897635+05:30
418,382,3.45,False,False,,418,36,4118,2026-09-21 13:42:20.897635+05:30,2026-09-21 13:42:20.897635+05:30
418,383,3.85,False,False,,418,36,4119,2026-09-21 13:42:20.897635+05:30,2026-09-21 13:42:20.897635+05:30
418,384,4.15,False,False,,418,36,4120,2026-09-21 13:42:20.897635+05:30,2026-09-21 13:42:20.897635+05:30
418,385,2.20,False,False,,418,36,4121,2026-09-21 13:42:20.897635+05:30,2026-09-21 13:42:20.897635+05:30
418,386,1.90,False,False,,418,36,4122,2026-09-21 13:42:20.897635+05:30,2026-09-21 13:42:20.897635+05:30
418,387,3.00,False,False,,418,36,4123,2026-09-21 13:42:20.897635+05:30,2026-09-21 13:42:20.897635+05:30
419,378,2.10,False,False,,415,36,4124,2026-09-21 13:42:20.897635+05:30,2026-09-21 13:42:20.897635+05:30
419,379,2.25,False,False,,415,36,4125,2026-09-21 13:42:20.897635+05:30,2026-09-21 13:42:20.897635+05:30
419,380,3.20,False,False,,415,36,4126,2026-09-21 13:42:20.897635+05:30,2026-09-21 13:42:20.897635+05:30
419,381,3.10,False,False,,415,36,4127,2026-09-21 13:42:20.897635+05:30,2026-09-21 13:42:20.897635+05:30
419,382,4.10,False,False,,415,36,4128,2026-09-21 13:42:20.897635+05:30,2026-09-21 13:42:20.897635+05:30
419,383,4.30,False,False,,415,36,4129,2026-09-21 13:42:20.897635+05:30,2026-09-21 13:42:20.897635+05:30
419,384,4.00,False,False,,415,36,4130,2026-09-21 13:42:20.897635+05:30,2026-09-21 13:42:20.897635+05:30
419,385,1.85,False,False,,415,36,4131,2026-09-21 13:42:20.897635+05:30,2026-09-21 13:42:20.897635+05:30
419,386,1.95,False,False,,415,36,4132,2026-09-21 13:42:20.897635+05:30,2026-09-21 13:42:20.897635+05:30
419,387,2.30,False,False,,415,36,4133,2026-09-21 13:42:20.897635+05:30,2026-09-21 13:42:20.897635+05:30
420,378,2.25,False,False,,412,36,4134,2026-09-21 13:42:20.897635+05:30,2026-09-21 13:42:20.897635+05:30
420,379,2.55,False,False,,412,36,4135,2026-09-21 13:42:20.897635+05:30,2026-09-21 13:42:20.897635+05:30
420,380,2.50,False,False,,412,36,4136,2026-09-21 13:42:20.897635+05:30,2026-09-21 13:42:20.897635+05:30
420,381,3.05,False,False,,412,36,4137,2026-09-21 13:42:20.897635+05:30,2026-09-21 13:42:20.897635+05:30
420,382,3.20,False,False,,412,36,4138,2026-09-21 13:42:20.897635+05:30,2026-09-21 13:42:20.897635+05:30
420,383,3.60,False,False,,412,36,4139,2026-09-21 13:42:20.897635+05:30,2026-09-21 13:42:20.897635+05:30
420,384,4.65,False,False,,412,36,4140,2026-09-21 13:42:20.897635+05:30,2026-09-21 13:42:20.897635+05:30
420,385,1.90,False,False,,412,36,4141,2026-09-21 13:42:20.897635+05:30,2026-09-21 13:42:20.897635+05:30
420,386,2.40,False,False,,412,36,4142,2026-09-21 13:42:20.897635+05:30,2026-09-21 13:42:20.897635+05:30
420,387,2.30,False,False,,412,36,4143,2026-09-21 13:42:20.897635+05:30,2026-09-21 13:42:20.897635+05:30
421,378,1.60,False,False,,410,36,4144,2026-09-21 13:42:20.897635+05:30,2026-09-21 13:42:20.897635+05:30
421,379,2.80,False,False,,410,36,4145,2026-09-21 13:42:20.897635+05:30,2026-09-21 13:42:20.897635+05:30
421,380,3.20,False,False,,410,36,4146,2026-09-21 13:42:20.897635+05:30,2026-09-21 13:42:20.897635+05:30
421,381,3.10,False,False,,410,36,4147,2026-09-21 13:42:20.897635+05:30,2026-09-21 13:42:20.897635+05:30
421,382,3.70,False,False,,410,36,4148,2026-09-21 13:42:20.897635+05:30,2026-09-21 13:42:20.897635+05:30
421,383,3.85,False,False,,410,36,4149,2026-09-21 13:42:20.897635+05:30,2026-09-21 13:42:20.897635+05:30
421,384,4.40,False,False,,410,36,4150,2026-09-21 13:42:20.897635+05:30,2026-09-21 13:42:20.897635+05:30
421,385,2.25,False,False,,410,36,4151,2026-09-21 13:42:20.897635+05:30,2026-09-21 13:42:20.897635+05:30
421,386,1.85,False,False,,410,36,4152,2026-09-21 13:42:20.897635+05:30,2026-09-21 13:42:20.897635+05:30
421,387,2.80,False,False,,410,36,4153,2026-09-21 13:42:20.897635+05:30,2026-09-21 13:42:20.897635+05:30
422,388,2.20,False,False,,417,36,4154,2026-09-21 13:42:20.897635+05:30,2026-09-21 13:42:20.897635+05:30
422,389,2.30,False,False,,417,36,4155,2026-09-21 13:42:20.897635+05:30,2026-09-21 13:42:20.897635+05:30
422,390,3.30,False,False,,417,36,4156,2026-09-21 13:42:20.897635+05:30,2026-09-21 13:42:20.897635+05:30
422,391,2.80,False,False,,417,36,4157,2026-09-21 13:42:20.897635+05:30,2026-09-21 13:42:20.897635+05:30
422,392,3.60,False,False,,417,36,4158,2026-09-21 13:42:20.897635+05:30,2026-09-21 13:42:20.897635+05:30
422,393,3.80,False,False,,417,36,4159,2026-09-21 13:42:20.897635+05:30,2026-09-21 13:42:20.897635+05:30
422,394,4.85,False,False,,417,36,4160,2026-09-21 13:42:20.897635+05:30,2026-09-21 13:42:20.897635+05:30
422,395,1.85,False,False,,417,36,4161,2026-09-21 13:42:20.897635+05:30,2026-09-21 13:42:20.897635+05:30
422,396,2.65,False,False,,417,36,4162,2026-09-21 13:42:20.897635+05:30,2026-09-21 13:42:20.897635+05:30
422,397,2.70,False,False,,417,36,4163,2026-09-21 13:42:20.897635+05:30,2026-09-21 13:42:20.897635+05:30
423,388,2.45,False,False,,414,36,4164,2026-09-21 13:42:20.897635+05:30,2026-09-21 13:42:20.897635+05:30
423,389,2.45,False,False,,414,36,4165,2026-09-21 13:42:20.897635+05:30,2026-09-21 13:42:20.897635+05:30
423,390,2.60,False,False,,414,36,4166,2026-09-21 13:42:20.897635+05:30,2026-09-21 13:42:20.897635+05:30
423,391,2.85,False,False,,414,36,4167,2026-09-21 13:42:20.897635+05:30,2026-09-21 13:42:20.897635+05:30
423,392,4.00,False,False,,414,36,4168,2026-09-21 13:42:20.897635+05:30,2026-09-21 13:42:20.897635+05:30
423,393,3.65,False,False,,414,36,4169,2026-09-21 13:42:20.897635+05:30,2026-09-21 13:42:20.897635+05:30
423,394,4.20,False,False,,414,36,4170,2026-09-21 13:42:20.897635+05:30,2026-09-21 13:42:20.897635+05:30
423,395,1.80,False,False,,414,36,4171,2026-09-21 13:42:20.897635+05:30,2026-09-21 13:42:20.897635+05:30
423,396,2.35,False,False,,414,36,4172,2026-09-21 13:42:20.897635+05:30,2026-09-21 13:42:20.897635+05:30
423,397,3.10,False,False,,414,36,4173,2026-09-21 13:42:20.897635+05:30,2026-09-21 13:42:20.897635+05:30
424,388,1.65,False,False,,418,36,4174,2026-09-21 13:42:20.897635+05:30,2026-09-21 13:42:20.897635+05:30
424,389,2.00,False,False,,418,36,4175,2026-09-21 13:42:20.897635+05:30,2026-09-21 13:42:20.897635+05:30
424,390,2.80,False,False,,418,36,4176,2026-09-21 13:42:20.897635+05:30,2026-09-21 13:42:20.897635+05:30
424,391,3.60,False,False,,418,36,4177,2026-09-21 13:42:20.897635+05:30,2026-09-21 13:42:20.897635+05:30
424,392,3.85,False,False,,418,36,4178,2026-09-21 13:42:20.897635+05:30,2026-09-21 13:42:20.897635+05:30
424,393,4.05,False,False,,418,36,4179,2026-09-21 13:42:20.897635+05:30,2026-09-21 13:42:20.897635+05:30
424,394,4.85,False,False,,418,36,4180,2026-09-21 13:42:20.897635+05:30,2026-09-21 13:42:20.897635+05:30
424,395,2.00,False,False,,418,36,4181,2026-09-21 13:42:20.897635+05:30,2026-09-21 13:42:20.897635+05:30
424,396,2.00,False,False,,418,36,4182,2026-09-21 13:42:20.897635+05:30,2026-09-21 13:42:20.897635+05:30
424,397,3.05,False,False,,418,36,4183,2026-09-21 13:42:20.897635+05:30,2026-09-21 13:42:20.897635+05:30
425,388,2.50,False,False,,415,36,4184,2026-09-21 13:42:20.897635+05:30,2026-09-21 13:42:20.897635+05:30
425,389,2.90,False,False,,415,36,4185,2026-09-21 13:42:20.897635+05:30,2026-09-21 13:42:20.897635+05:30
425,390,2.55,False,False,,415,36,4186,2026-09-21 13:42:20.897635+05:30,2026-09-21 13:42:20.897635+05:30
425,391,3.05,False,False,,415,36,4187,2026-09-21 13:42:20.897635+05:30,2026-09-21 13:42:20.897635+05:30
425,392,3.20,False,False,,415,36,4188,2026-09-21 13:42:20.897635+05:30,2026-09-21 13:42:20.897635+05:30
425,393,4.10,False,False,,415,36,4189,2026-09-21 13:42:20.897635+05:30,2026-09-21 13:42:20.897635+05:30
425,394,4.05,False,False,,415,36,4190,2026-09-21 13:42:20.897635+05:30,2026-09-21 13:42:20.897635+05:30
425,395,1.40,False,False,,415,36,4191,2026-09-21 13:42:20.897635+05:30,2026-09-21 13:42:20.897635+05:30
425,396,1.95,False,False,,415,36,4192,2026-09-21 13:42:20.897635+05:30,2026-09-21 13:42:20.897635+05:30
425,397,2.20,False,False,,415,36,4193,2026-09-21 13:42:20.897635+05:30,2026-09-21 13:42:20.897635+05:30
426,388,1.90,False,False,,412,36,4194,2026-09-21 13:42:20.897635+05:30,2026-09-21 13:42:20.897635+05:30
426,389,2.40,False,False,,412,36,4195,2026-09-21 13:42:20.897635+05:30,2026-09-21 13:42:20.897635+05:30
426,390,2.40,False,False,,412,36,4196,2026-09-21 13:42:20.897635+05:30,2026-09-21 13:42:20.897635+05:30
426,391,3.20,False,False,,412,36,4197,2026-09-21 13:42:20.897635+05:30,2026-09-21 13:42:20.897635+05:30
426,392,3.20,False,False,,412,36,4198,2026-09-21 13:42:20.897635+05:30,2026-09-21 13:42:20.897635+05:30
426,393,4.00,False,False,,412,36,4199,2026-09-21 13:42:20.897635+05:30,2026-09-21 13:42:20.897635+05:30
426,394,4.55,False,False,,412,36,4200,2026-09-21 13:42:20.897635+05:30,2026-09-21 13:42:20.897635+05:30
426,395,2.10,False,False,,412,36,4201,2026-09-21 13:42:20.897635+05:30,2026-09-21 13:42:20.897635+05:30
426,396,2.35,False,False,,412,36,4202,2026-09-21 13:42:20.897635+05:30,2026-09-21 13:42:20.897635+05:30
426,397,2.50,False,False,,412,36,4203,2026-09-21 13:42:20.897635+05:30,2026-09-21 13:42:20.897635+05:30
427,388,1.75,False,False,,410,36,4204,2026-09-21 13:42:20.897635+05:30,2026-09-21 13:42:20.897635+05:30
427,389,2.50,False,False,,410,36,4205,2026-09-21 13:42:20.897635+05:30,2026-09-21 13:42:20.897635+05:30
427,390,2.45,False,False,,410,36,4206,2026-09-21 13:42:20.897635+05:30,2026-09-21 13:42:20.897635+05:30
427,391,2.90,False,False,,410,36,4207,2026-09-21 13:42:20.897635+05:30,2026-09-21 13:42:20.897635+05:30
427,392,4.05,False,False,,410,36,4208,2026-09-21 13:42:20.897635+05:30,2026-09-21 13:42:20.897635+05:30
427,393,4.25,False,False,,410,36,4209,2026-09-21 13:42:20.897635+05:30,2026-09-21 13:42:20.897635+05:30
427,394,4.75,False,False,,410,36,4210,2026-09-21 13:42:20.897635+05:30,2026-09-21 13:42:20.897635+05:30
427,395,2.20,False,False,,410,36,4211,2026-09-21 13:42:20.897635+05:30,2026-09-21 13:42:20.897635+05:30
427,396,2.55,False,False,,410,36,4212,2026-09-21 13:42:20.897635+05:30,2026-09-21 13:42:20.897635+05:30
427,397,2.90,False,False,,410,36,4213,2026-09-21 13:42:20.897635+05:30,2026-09-21 13:42:20.897635+05:30
428,298,35.20,False,False,,408,36,4214,2026-09-21 13:42:20.897635+05:30,2026-09-21 13:42:20.897635+05:30
428,299,46.40,False,False,,408,36,4215,2026-09-21 13:42:20.897635+05:30,2026-09-21 13:42:20.897635+05:30
428,300,50.40,False,False,,408,36,4216,2026-09-21 13:42:20.897635+05:30,2026-09-21 13:42:20.897635+05:30
428,301,51.20,False,False,,408,36,4217,2026-09-21 13:42:20.897635+05:30,2026-09-21 13:42:20.897635+05:30
428,302,62.40,False,False,,408,36,4218,2026-09-21 13:42:20.897635+05:30,2026-09-21 13:42:20.897635+05:30
428,303,65.60,False,False,,408,36,4219,2026-09-21 13:42:20.897635+05:30,2026-09-21 13:42:20.897635+05:30
428,304,74.40,False,False,,408,36,4220,2026-09-21 13:42:20.897635+05:30,2026-09-21 13:42:20.897635+05:30
428,305,36.80,False,False,,408,36,4221,2026-09-21 13:42:20.897635+05:30,2026-09-21 13:42:20.897635+05:30
428,306,40.00,False,False,,408,36,4222,2026-09-21 13:42:20.897635+05:30,2026-09-21 13:42:20.897635+05:30
428,307,44.00,False,False,,408,36,4223,2026-09-21 13:42:20.897635+05:30,2026-09-21 13:42:20.897635+05:30
429,298,27.20,False,False,,409,36,4224,2026-09-21 13:42:20.897635+05:30,2026-09-21 13:42:20.897635+05:30
429,299,36.00,False,False,,409,36,4225,2026-09-21 13:42:20.897635+05:30,2026-09-21 13:42:20.897635+05:30
429,300,44.80,False,False,,409,36,4226,2026-09-21 13:42:20.897635+05:30,2026-09-21 13:42:20.897635+05:30
429,301,51.20,False,False,,409,36,4227,2026-09-21 13:42:20.897635+05:30,2026-09-21 13:42:20.897635+05:30
429,302,55.20,False,False,,409,36,4228,2026-09-21 13:42:20.897635+05:30,2026-09-21 13:42:20.897635+05:30
429,303,63.20,False,False,,409,36,4229,2026-09-21 13:42:20.897635+05:30,2026-09-21 13:42:20.897635+05:30
429,304,77.60,False,False,,409,36,4230,2026-09-21 13:42:20.897635+05:30,2026-09-21 13:42:20.897635+05:30
429,305,24.80,False,False,,409,36,4231,2026-09-21 13:42:20.897635+05:30,2026-09-21 13:42:20.897635+05:30
429,306,32.00,False,False,,409,36,4232,2026-09-21 13:42:20.897635+05:30,2026-09-21 13:42:20.897635+05:30
429,307,46.40,False,False,,409,36,4233,2026-09-21 13:42:20.897635+05:30,2026-09-21 13:42:20.897635+05:30
430,298,29.60,False,False,,407,36,4234,2026-09-21 13:42:20.897635+05:30,2026-09-21 13:42:20.897635+05:30
430,299,36.00,False,False,,407,36,4235,2026-09-21 13:42:20.897635+05:30,2026-09-21 13:42:20.897635+05:30
430,300,40.00,False,False,,407,36,4236,2026-09-21 13:42:20.897635+05:30,2026-09-21 13:42:20.897635+05:30
430,301,52.80,False,False,,407,36,4237,2026-09-21 13:42:20.897635+05:30,2026-09-21 13:42:20.897635+05:30
430,302,54.40,False,False,,407,36,4238,2026-09-21 13:42:20.897635+05:30,2026-09-21 13:42:20.897635+05:30
430,303,57.60,False,False,,407,36,4239,2026-09-21 13:42:20.897635+05:30,2026-09-21 13:42:20.897635+05:30
430,304,68.00,False,False,,407,36,4240,2026-09-21 13:42:20.897635+05:30,2026-09-21 13:42:20.897635+05:30
430,305,30.40,False,False,,407,36,4241,2026-09-21 13:42:20.897635+05:30,2026-09-21 13:42:20.897635+05:30
430,306,30.40,False,False,,407,36,4242,2026-09-21 13:42:20.897635+05:30,2026-09-21 13:42:20.897635+05:30
430,307,48.80,False,False,,407,36,4243,2026-09-21 13:42:20.897635+05:30,2026-09-21 13:42:20.897635+05:30
431,298,25.60,False,False,,413,36,4244,2026-09-21 13:42:20.897635+05:30,2026-09-21 13:42:20.897635+05:30
431,299,44.80,False,False,,413,36,4245,2026-09-21 13:42:20.897635+05:30,2026-09-21 13:42:20.897635+05:30
431,300,44.00,False,False,,413,36,4246,2026-09-21 13:42:20.897635+05:30,2026-09-21 13:42:20.897635+05:30
431,301,48.00,False,False,,413,36,4247,2026-09-21 13:42:20.897635+05:30,2026-09-21 13:42:20.897635+05:30
431,302,51.20,False,False,,413,36,4248,2026-09-21 13:42:20.897635+05:30,2026-09-21 13:42:20.897635+05:30
431,303,58.40,False,False,,413,36,4249,2026-09-21 13:42:20.897635+05:30,2026-09-21 13:42:20.897635+05:30
431,304,64.80,False,False,,413,36,4250,2026-09-21 13:42:20.897635+05:30,2026-09-21 13:42:20.897635+05:30
431,305,36.80,False,False,,413,36,4251,2026-09-21 13:42:20.897635+05:30,2026-09-21 13:42:20.897635+05:30
431,306,42.40,False,False,,413,36,4252,2026-09-21 13:42:20.897635+05:30,2026-09-21 13:42:20.897635+05:30
431,307,47.20,False,False,,413,36,4253,2026-09-21 13:42:20.897635+05:30,2026-09-21 13:42:20.897635+05:30
432,298,32.00,False,False,,411,36,4254,2026-09-21 13:42:20.897635+05:30,2026-09-21 13:42:20.897635+05:30
432,299,33.60,False,False,,411,36,4255,2026-09-21 13:42:20.897635+05:30,2026-09-21 13:42:20.897635+05:30
432,300,42.40,False,False,,411,36,4256,2026-09-21 13:42:20.897635+05:30,2026-09-21 13:42:20.897635+05:30
432,301,56.80,False,False,,411,36,4257,2026-09-21 13:42:20.897635+05:30,2026-09-21 13:42:20.897635+05:30
432,302,60.80,False,False,,411,36,4258,2026-09-21 13:42:20.897635+05:30,2026-09-21 13:42:20.897635+05:30
432,303,68.80,False,False,,411,36,4259,2026-09-21 13:42:20.897635+05:30,2026-09-21 13:42:20.897635+05:30
432,304,64.00,False,False,,411,36,4260,2026-09-21 13:42:20.897635+05:30,2026-09-21 13:42:20.897635+05:30
432,305,24.00,False,False,,411,36,4261,2026-09-21 13:42:20.897635+05:30,2026-09-21 13:42:20.897635+05:30
432,306,37.60,False,False,,411,36,4262,2026-09-21 13:42:20.897635+05:30,2026-09-21 13:42:20.897635+05:30
432,307,42.40,False,False,,411,36,4263,2026-09-21 13:42:20.897635+05:30,2026-09-21 13:42:20.897635+05:30
433,298,28.80,False,False,,416,36,4264,2026-09-21 13:42:20.897635+05:30,2026-09-21 13:42:20.897635+05:30
433,299,43.20,False,False,,416,36,4265,2026-09-21 13:42:20.897635+05:30,2026-09-21 13:42:20.897635+05:30
433,300,48.00,False,False,,416,36,4266,2026-09-21 13:42:20.897635+05:30,2026-09-21 13:42:20.897635+05:30
433,301,49.60,False,False,,416,36,4267,2026-09-21 13:42:20.897635+05:30,2026-09-21 13:42:20.897635+05:30
433,302,57.60,False,False,,416,36,4268,2026-09-21 13:42:20.897635+05:30,2026-09-21 13:42:20.897635+05:30
433,303,72.00,False,False,,416,36,4269,2026-09-21 13:42:20.897635+05:30,2026-09-21 13:42:20.897635+05:30
433,304,74.40,False,False,,416,36,4270,2026-09-21 13:42:20.897635+05:30,2026-09-21 13:42:20.897635+05:30
433,305,32.00,False,False,,416,36,4271,2026-09-21 13:42:20.897635+05:30,2026-09-21 13:42:20.897635+05:30
433,306,39.20,False,False,,416,36,4272,2026-09-21 13:42:20.897635+05:30,2026-09-21 13:42:20.897635+05:30
433,307,44.80,False,False,,416,36,4273,2026-09-21 13:42:20.897635+05:30,2026-09-21 13:42:20.897635+05:30
434,308,35.20,False,False,,408,36,4274,2026-09-21 13:42:20.897635+05:30,2026-09-21 13:42:20.897635+05:30
434,309,40.80,False,False,,408,36,4275,2026-09-21 13:42:20.897635+05:30,2026-09-21 13:42:20.897635+05:30
434,310,38.40,False,False,,408,36,4276,2026-09-21 13:42:20.897635+05:30,2026-09-21 13:42:20.897635+05:30
434,311,50.40,False,False,,408,36,4277,2026-09-21 13:42:20.897635+05:30,2026-09-21 13:42:20.897635+05:30
434,312,65.60,False,False,,408,36,4278,2026-09-21 13:42:20.897635+05:30,2026-09-21 13:42:20.897635+05:30
434,313,59.20,False,False,,408,36,4279,2026-09-21 13:42:20.897635+05:30,2026-09-21 13:42:20.897635+05:30
434,314,73.60,False,False,,408,36,4280,2026-09-21 13:42:20.897635+05:30,2026-09-21 13:42:20.897635+05:30
434,315,27.20,False,False,,408,36,4281,2026-09-21 13:42:20.897635+05:30,2026-09-21 13:42:20.897635+05:30
434,316,32.80,False,False,,408,36,4282,2026-09-21 13:42:20.897635+05:30,2026-09-21 13:42:20.897635+05:30
434,317,44.00,False,False,,408,36,4283,2026-09-21 13:42:20.897635+05:30,2026-09-21 13:42:20.897635+05:30
435,308,34.40,False,False,,409,36,4284,2026-09-21 13:42:20.897635+05:30,2026-09-21 13:42:20.897635+05:30
435,309,32.00,False,False,,409,36,4285,2026-09-21 13:42:20.897635+05:30,2026-09-21 13:42:20.897635+05:30
435,310,50.40,False,False,,409,36,4286,2026-09-21 13:42:20.897635+05:30,2026-09-21 13:42:20.897635+05:30
435,311,53.60,False,False,,409,36,4287,2026-09-21 13:42:20.897635+05:30,2026-09-21 13:42:20.897635+05:30
435,312,55.20,False,False,,409,36,4288,2026-09-21 13:42:20.897635+05:30,2026-09-21 13:42:20.897635+05:30
435,313,60.80,False,False,,409,36,4289,2026-09-21 13:42:20.897635+05:30,2026-09-21 13:42:20.897635+05:30
435,314,77.60,False,False,,409,36,4290,2026-09-21 13:42:20.897635+05:30,2026-09-21 13:42:20.897635+05:30
435,315,33.60,False,False,,409,36,4291,2026-09-21 13:42:20.897635+05:30,2026-09-21 13:42:20.897635+05:30
435,316,36.00,False,False,,409,36,4292,2026-09-21 13:42:20.897635+05:30,2026-09-21 13:42:20.897635+05:30
435,317,38.40,False,False,,409,36,4293,2026-09-21 13:42:20.897635+05:30,2026-09-21 13:42:20.897635+05:30
436,308,35.20,False,False,,407,36,4294,2026-09-21 13:42:20.897635+05:30,2026-09-21 13:42:20.897635+05:30
436,309,32.80,False,False,,407,36,4295,2026-09-21 13:42:20.897635+05:30,2026-09-21 13:42:20.897635+05:30
436,310,49.60,False,False,,407,36,4296,2026-09-21 13:42:20.897635+05:30,2026-09-21 13:42:20.897635+05:30
436,311,52.00,False,False,,407,36,4297,2026-09-21 13:42:20.897635+05:30,2026-09-21 13:42:20.897635+05:30
436,312,53.60,False,False,,407,36,4298,2026-09-21 13:42:20.897635+05:30,2026-09-21 13:42:20.897635+05:30
436,313,61.60,False,False,,407,36,4299,2026-09-21 13:42:20.897635+05:30,2026-09-21 13:42:20.897635+05:30
436,314,77.60,False,False,,407,36,4300,2026-09-21 13:42:20.897635+05:30,2026-09-21 13:42:20.897635+05:30
436,315,22.40,False,False,,407,36,4301,2026-09-21 13:42:20.897635+05:30,2026-09-21 13:42:20.897635+05:30
436,316,36.00,False,False,,407,36,4302,2026-09-21 13:42:20.897635+05:30,2026-09-21 13:42:20.897635+05:30
436,317,40.80,False,False,,407,36,4303,2026-09-21 13:42:20.897635+05:30,2026-09-21 13:42:20.897635+05:30
437,308,28.80,False,False,,413,36,4304,2026-09-21 13:42:20.897635+05:30,2026-09-21 13:42:20.897635+05:30
437,309,41.60,False,False,,413,36,4305,2026-09-21 13:42:20.897635+05:30,2026-09-21 13:42:20.897635+05:30
437,310,42.40,False,False,,413,36,4306,2026-09-21 13:42:20.897635+05:30,2026-09-21 13:42:20.897635+05:30
437,311,46.40,False,False,,413,36,4307,2026-09-21 13:42:20.897635+05:30,2026-09-21 13:42:20.897635+05:30
437,312,56.00,False,False,,413,36,4308,2026-09-21 13:42:20.897635+05:30,2026-09-21 13:42:20.897635+05:30
437,313,64.00,False,False,,413,36,4309,2026-09-21 13:42:20.897635+05:30,2026-09-21 13:42:20.897635+05:30
437,314,76.00,False,False,,413,36,4310,2026-09-21 13:42:20.897635+05:30,2026-09-21 13:42:20.897635+05:30
437,315,25.60,False,False,,413,36,4311,2026-09-21 13:42:20.897635+05:30,2026-09-21 13:42:20.897635+05:30
437,316,35.20,False,False,,413,36,4312,2026-09-21 13:42:20.897635+05:30,2026-09-21 13:42:20.897635+05:30
437,317,44.00,False,False,,413,36,4313,2026-09-21 13:42:20.897635+05:30,2026-09-21 13:42:20.897635+05:30
438,308,30.40,False,False,,411,36,4314,2026-09-21 13:42:20.897635+05:30,2026-09-21 13:42:20.897635+05:30
438,309,40.80,False,False,,411,36,4315,2026-09-21 13:42:20.897635+05:30,2026-09-21 13:42:20.897635+05:30
438,310,49.60,False,False,,411,36,4316,2026-09-21 13:42:20.897635+05:30,2026-09-21 13:42:20.897635+05:30
438,311,59.20,False,False,,411,36,4317,2026-09-21 13:42:20.897635+05:30,2026-09-21 13:42:20.897635+05:30
438,312,51.20,False,False,,411,36,4318,2026-09-21 13:42:20.897635+05:30,2026-09-21 13:42:20.897635+05:30
438,313,60.80,False,False,,411,36,4319,2026-09-21 13:42:20.897635+05:30,2026-09-21 13:42:20.897635+05:30
438,314,65.60,False,False,,411,36,4320,2026-09-21 13:42:20.897635+05:30,2026-09-21 13:42:20.897635+05:30
438,315,36.80,False,False,,411,36,4321,2026-09-21 13:42:20.897635+05:30,2026-09-21 13:42:20.897635+05:30
438,316,29.60,False,False,,411,36,4322,2026-09-21 13:42:20.897635+05:30,2026-09-21 13:42:20.897635+05:30
438,317,48.80,False,False,,411,36,4323,2026-09-21 13:42:20.897635+05:30,2026-09-21 13:42:20.897635+05:30
439,308,34.40,False,False,,416,36,4324,2026-09-21 13:42:20.897635+05:30,2026-09-21 13:42:20.897635+05:30
439,309,41.60,False,False,,416,36,4325,2026-09-21 13:42:20.897635+05:30,2026-09-21 13:42:20.897635+05:30
439,310,41.60,False,False,,416,36,4326,2026-09-21 13:42:20.897635+05:30,2026-09-21 13:42:20.897635+05:30
439,311,47.20,False,False,,416,36,4327,2026-09-21 13:42:20.897635+05:30,2026-09-21 13:42:20.897635+05:30
439,312,64.00,False,False,,416,36,4328,2026-09-21 13:42:20.897635+05:30,2026-09-21 13:42:20.897635+05:30
439,313,63.20,False,False,,416,36,4329,2026-09-21 13:42:20.897635+05:30,2026-09-21 13:42:20.897635+05:30
439,314,76.80,False,False,,416,36,4330,2026-09-21 13:42:20.897635+05:30,2026-09-21 13:42:20.897635+05:30
439,315,28.00,False,False,,416,36,4331,2026-09-21 13:42:20.897635+05:30,2026-09-21 13:42:20.897635+05:30
439,316,38.40,False,False,,416,36,4332,2026-09-21 13:42:20.897635+05:30,2026-09-21 13:42:20.897635+05:30
439,317,44.80,False,False,,416,36,4333,2026-09-21 13:42:20.897635+05:30,2026-09-21 13:42:20.897635+05:30
440,318,36.00,False,False,,408,36,4334,2026-09-21 13:42:20.897635+05:30,2026-09-21 13:42:20.897635+05:30
440,319,34.40,False,False,,408,36,4335,2026-09-21 13:42:20.897635+05:30,2026-09-21 13:42:20.897635+05:30
440,320,48.00,False,False,,408,36,4336,2026-09-21 13:42:20.897635+05:30,2026-09-21 13:42:20.897635+05:30
440,321,56.80,False,False,,408,36,4337,2026-09-21 13:42:20.897635+05:30,2026-09-21 13:42:20.897635+05:30
440,322,60.00,False,False,,408,36,4338,2026-09-21 13:42:20.897635+05:30,2026-09-21 13:42:20.897635+05:30
440,323,60.80,False,False,,408,36,4339,2026-09-21 13:42:20.897635+05:30,2026-09-21 13:42:20.897635+05:30
440,324,77.60,False,False,,408,36,4340,2026-09-21 13:42:20.897635+05:30,2026-09-21 13:42:20.897635+05:30
440,325,23.20,False,False,,408,36,4341,2026-09-21 13:42:20.897635+05:30,2026-09-21 13:42:20.897635+05:30
440,326,43.20,False,False,,408,36,4342,2026-09-21 13:42:20.897635+05:30,2026-09-21 13:42:20.897635+05:30
440,327,40.00,False,False,,408,36,4343,2026-09-21 13:42:20.897635+05:30,2026-09-21 13:42:20.897635+05:30
441,318,33.60,False,False,,409,36,4344,2026-09-21 13:42:20.897635+05:30,2026-09-21 13:42:20.897635+05:30
441,319,34.40,False,False,,409,36,4345,2026-09-21 13:42:20.897635+05:30,2026-09-21 13:42:20.897635+05:30
441,320,48.00,False,False,,409,36,4346,2026-09-21 13:42:20.897635+05:30,2026-09-21 13:42:20.897635+05:30
441,321,52.80,False,False,,409,36,4347,2026-09-21 13:42:20.897635+05:30,2026-09-21 13:42:20.897635+05:30
441,322,65.60,False,False,,409,36,4348,2026-09-21 13:42:20.897635+05:30,2026-09-21 13:42:20.897635+05:30
441,323,68.80,False,False,,409,36,4349,2026-09-21 13:42:20.897635+05:30,2026-09-21 13:42:20.897635+05:30
441,324,64.80,False,False,,409,36,4350,2026-09-21 13:42:20.897635+05:30,2026-09-21 13:42:20.897635+05:30
441,325,30.40,False,False,,409,36,4351,2026-09-21 13:42:20.897635+05:30,2026-09-21 13:42:20.897635+05:30
441,326,35.20,False,False,,409,36,4352,2026-09-21 13:42:20.897635+05:30,2026-09-21 13:42:20.897635+05:30
441,327,41.60,False,False,,409,36,4353,2026-09-21 13:42:20.897635+05:30,2026-09-21 13:42:20.897635+05:30
442,318,28.80,False,False,,407,36,4354,2026-09-21 13:42:20.897635+05:30,2026-09-21 13:42:20.897635+05:30
442,319,46.40,False,False,,407,36,4355,2026-09-21 13:42:20.897635+05:30,2026-09-21 13:42:20.897635+05:30
442,320,44.00,False,False,,407,36,4356,2026-09-21 13:42:20.897635+05:30,2026-09-21 13:42:20.897635+05:30
442,321,51.20,False,False,,407,36,4357,2026-09-21 13:42:20.897635+05:30,2026-09-21 13:42:20.897635+05:30
442,322,59.20,False,False,,407,36,4358,2026-09-21 13:42:20.897635+05:30,2026-09-21 13:42:20.897635+05:30
442,323,60.00,False,False,,407,36,4359,2026-09-21 13:42:20.897635+05:30,2026-09-21 13:42:20.897635+05:30
442,324,71.20,False,False,,407,36,4360,2026-09-21 13:42:20.897635+05:30,2026-09-21 13:42:20.897635+05:30
442,325,28.80,False,False,,407,36,4361,2026-09-21 13:42:20.897635+05:30,2026-09-21 13:42:20.897635+05:30
442,326,32.00,False,False,,407,36,4362,2026-09-21 13:42:20.897635+05:30,2026-09-21 13:42:20.897635+05:30
442,327,40.00,False,False,,407,36,4363,2026-09-21 13:42:20.897635+05:30,2026-09-21 13:42:20.897635+05:30
443,318,25.60,False,False,,413,36,4364,2026-09-21 13:42:20.897635+05:30,2026-09-21 13:42:20.897635+05:30
443,319,38.40,False,False,,413,36,4365,2026-09-21 13:42:20.897635+05:30,2026-09-21 13:42:20.897635+05:30
443,320,52.00,False,False,,413,36,4366,2026-09-21 13:42:20.897635+05:30,2026-09-21 13:42:20.897635+05:30
443,321,45.60,False,False,,413,36,4367,2026-09-21 13:42:20.897635+05:30,2026-09-21 13:42:20.897635+05:30
443,322,60.00,False,False,,413,36,4368,2026-09-21 13:42:20.897635+05:30,2026-09-21 13:42:20.897635+05:30
443,323,61.60,False,False,,413,36,4369,2026-09-21 13:42:20.897635+05:30,2026-09-21 13:42:20.897635+05:30
443,324,68.80,False,False,,413,36,4370,2026-09-21 13:42:20.897635+05:30,2026-09-21 13:42:20.897635+05:30
443,325,29.60,False,False,,413,36,4371,2026-09-21 13:42:20.897635+05:30,2026-09-21 13:42:20.897635+05:30
443,326,32.80,False,False,,413,36,4372,2026-09-21 13:42:20.897635+05:30,2026-09-21 13:42:20.897635+05:30
443,327,41.60,False,False,,413,36,4373,2026-09-21 13:42:20.897635+05:30,2026-09-21 13:42:20.897635+05:30
444,318,33.60,False,False,,411,36,4374,2026-09-21 13:42:20.897635+05:30,2026-09-21 13:42:20.897635+05:30
444,319,39.20,False,False,,411,36,4375,2026-09-21 13:42:20.897635+05:30,2026-09-21 13:42:20.897635+05:30
444,320,48.00,False,False,,411,36,4376,2026-09-21 13:42:20.897635+05:30,2026-09-21 13:42:20.897635+05:30
444,321,45.60,False,False,,411,36,4377,2026-09-21 13:42:20.897635+05:30,2026-09-21 13:42:20.897635+05:30
444,322,51.20,False,False,,411,36,4378,2026-09-21 13:42:20.897635+05:30,2026-09-21 13:42:20.897635+05:30
444,323,60.00,False,False,,411,36,4379,2026-09-21 13:42:20.897635+05:30,2026-09-21 13:42:20.897635+05:30
444,324,77.60,False,False,,411,36,4380,2026-09-21 13:42:20.897635+05:30,2026-09-21 13:42:20.897635+05:30
444,325,23.20,False,False,,411,36,4381,2026-09-21 13:42:20.897635+05:30,2026-09-21 13:42:20.897635+05:30
444,326,43.20,False,False,,411,36,4382,2026-09-21 13:42:20.897635+05:30,2026-09-21 13:42:20.897635+05:30
444,327,39.20,False,False,,411,36,4383,2026-09-21 13:42:20.897635+05:30,2026-09-21 13:42:20.897635+05:30
445,318,40.00,False,False,,416,36,4384,2026-09-21 13:42:20.897635+05:30,2026-09-21 13:42:20.897635+05:30
445,319,43.20,False,False,,416,36,4385,2026-09-21 13:42:20.897635+05:30,2026-09-21 13:42:20.897635+05:30
445,320,38.40,False,False,,416,36,4386,2026-09-21 13:42:20.897635+05:30,2026-09-21 13:42:20.897635+05:30
445,321,54.40,False,False,,416,36,4387,2026-09-21 13:42:20.897635+05:30,2026-09-21 13:42:20.897635+05:30
445,322,55.20,False,False,,416,36,4388,2026-09-21 13:42:20.897635+05:30,2026-09-21 13:42:20.897635+05:30
445,323,66.40,False,False,,416,36,4389,2026-09-21 13:42:20.897635+05:30,2026-09-21 13:42:20.897635+05:30
445,324,75.20,False,False,,416,36,4390,2026-09-21 13:42:20.897635+05:30,2026-09-21 13:42:20.897635+05:30
445,325,31.20,False,False,,416,36,4391,2026-09-21 13:42:20.897635+05:30,2026-09-21 13:42:20.897635+05:30
445,326,38.40,False,False,,416,36,4392,2026-09-21 13:42:20.897635+05:30,2026-09-21 13:42:20.897635+05:30
445,327,43.20,False,False,,416,36,4393,2026-09-21 13:42:20.897635+05:30,2026-09-21 13:42:20.897635+05:30
446,328,25.60,False,False,,408,36,4394,2026-09-21 13:42:20.897635+05:30,2026-09-21 13:42:20.897635+05:30
446,329,33.60,False,False,,408,36,4395,2026-09-21 13:42:20.897635+05:30,2026-09-21 13:42:20.897635+05:30
446,330,44.80,False,False,,408,36,4396,2026-09-21 13:42:20.897635+05:30,2026-09-21 13:42:20.897635+05:30
446,331,47.20,False,False,,408,36,4397,2026-09-21 13:42:20.897635+05:30,2026-09-21 13:42:20.897635+05:30
446,332,64.00,False,False,,408,36,4398,2026-09-21 13:42:20.897635+05:30,2026-09-21 13:42:20.897635+05:30
446,333,62.40,False,False,,408,36,4399,2026-09-21 13:42:20.897635+05:30,2026-09-21 13:42:20.897635+05:30
446,334,68.00,False,False,,408,36,4400,2026-09-21 13:42:20.897635+05:30,2026-09-21 13:42:20.897635+05:30
446,335,27.20,False,False,,408,36,4401,2026-09-21 13:42:20.897635+05:30,2026-09-21 13:42:20.897635+05:30
446,336,35.20,False,False,,408,36,4402,2026-09-21 13:42:20.897635+05:30,2026-09-21 13:42:20.897635+05:30
446,337,38.40,False,False,,408,36,4403,2026-09-21 13:42:20.897635+05:30,2026-09-21 13:42:20.897635+05:30
447,328,25.60,False,False,,409,36,4404,2026-09-21 13:42:20.897635+05:30,2026-09-21 13:42:20.897635+05:30
447,329,36.80,False,False,,409,36,4405,2026-09-21 13:42:20.897635+05:30,2026-09-21 13:42:20.897635+05:30
447,330,44.80,False,False,,409,36,4406,2026-09-21 13:42:20.897635+05:30,2026-09-21 13:42:20.897635+05:30
447,331,50.40,False,False,,409,36,4407,2026-09-21 13:42:20.897635+05:30,2026-09-21 13:42:20.897635+05:30
447,332,60.80,False,False,,409,36,4408,2026-09-21 13:42:20.897635+05:30,2026-09-21 13:42:20.897635+05:30
447,333,71.20,False,False,,409,36,4409,2026-09-21 13:42:20.897635+05:30,2026-09-21 13:42:20.897635+05:30
447,334,67.20,False,False,,409,36,4410,2026-09-21 13:42:20.897635+05:30,2026-09-21 13:42:20.897635+05:30
447,335,28.00,False,False,,409,36,4411,2026-09-21 13:42:20.897635+05:30,2026-09-21 13:42:20.897635+05:30
447,336,41.60,False,False,,409,36,4412,2026-09-21 13:42:20.897635+05:30,2026-09-21 13:42:20.897635+05:30
447,337,35.20,False,False,,409,36,4413,2026-09-21 13:42:20.897635+05:30,2026-09-21 13:42:20.897635+05:30
448,328,27.20,False,False,,407,36,4414,2026-09-21 13:42:20.897635+05:30,2026-09-21 13:42:20.897635+05:30
448,329,42.40,False,False,,407,36,4415,2026-09-21 13:42:20.897635+05:30,2026-09-21 13:42:20.897635+05:30
448,330,44.80,False,False,,407,36,4416,2026-09-21 13:42:20.897635+05:30,2026-09-21 13:42:20.897635+05:30
448,331,59.20,False,False,,407,36,4417,2026-09-21 13:42:20.897635+05:30,2026-09-21 13:42:20.897635+05:30
448,332,51.20,False,False,,407,36,4418,2026-09-21 13:42:20.897635+05:30,2026-09-21 13:42:20.897635+05:30
448,333,60.00,False,False,,407,36,4419,2026-09-21 13:42:20.897635+05:30,2026-09-21 13:42:20.897635+05:30
448,334,77.60,False,False,,407,36,4420,2026-09-21 13:42:20.897635+05:30,2026-09-21 13:42:20.897635+05:30
448,335,29.60,False,False,,407,36,4421,2026-09-21 13:42:20.897635+05:30,2026-09-21 13:42:20.897635+05:30
448,336,34.40,False,False,,407,36,4422,2026-09-21 13:42:20.897635+05:30,2026-09-21 13:42:20.897635+05:30
448,337,36.80,False,False,,407,36,4423,2026-09-21 13:42:20.897635+05:30,2026-09-21 13:42:20.897635+05:30
449,328,39.20,False,False,,413,36,4424,2026-09-21 13:42:20.897635+05:30,2026-09-21 13:42:20.897635+05:30
449,329,40.00,False,False,,413,36,4425,2026-09-21 13:42:20.897635+05:30,2026-09-21 13:42:20.897635+05:30
449,330,40.80,False,False,,413,36,4426,2026-09-21 13:42:20.897635+05:30,2026-09-21 13:42:20.897635+05:30
449,331,47.20,False,False,,413,36,4427,2026-09-21 13:42:20.897635+05:30,2026-09-21 13:42:20.897635+05:30
449,332,60.00,False,False,,413,36,4428,2026-09-21 13:42:20.897635+05:30,2026-09-21 13:42:20.897635+05:30
449,333,60.80,False,False,,413,36,4429,2026-09-21 13:42:20.897635+05:30,2026-09-21 13:42:20.897635+05:30
449,334,66.40,False,False,,413,36,4430,2026-09-21 13:42:20.897635+05:30,2026-09-21 13:42:20.897635+05:30
449,335,28.00,False,False,,413,36,4431,2026-09-21 13:42:20.897635+05:30,2026-09-21 13:42:20.897635+05:30
449,336,30.40,False,False,,413,36,4432,2026-09-21 13:42:20.897635+05:30,2026-09-21 13:42:20.897635+05:30
449,337,37.60,False,False,,413,36,4433,2026-09-21 13:42:20.897635+05:30,2026-09-21 13:42:20.897635+05:30
450,328,33.60,False,False,,411,36,4434,2026-09-21 13:42:20.897635+05:30,2026-09-21 13:42:20.897635+05:30
450,329,36.80,False,False,,411,36,4435,2026-09-21 13:42:20.897635+05:30,2026-09-21 13:42:20.897635+05:30
450,330,40.00,False,False,,411,36,4436,2026-09-21 13:42:20.897635+05:30,2026-09-21 13:42:20.897635+05:30
450,331,56.00,False,False,,411,36,4437,2026-09-21 13:42:20.897635+05:30,2026-09-21 13:42:20.897635+05:30
450,332,60.80,False,False,,411,36,4438,2026-09-21 13:42:20.897635+05:30,2026-09-21 13:42:20.897635+05:30
450,333,60.80,False,False,,411,36,4439,2026-09-21 13:42:20.897635+05:30,2026-09-21 13:42:20.897635+05:30
450,334,78.40,False,False,,411,36,4440,2026-09-21 13:42:20.897635+05:30,2026-09-21 13:42:20.897635+05:30
450,335,28.00,False,False,,411,36,4441,2026-09-21 13:42:20.897635+05:30,2026-09-21 13:42:20.897635+05:30
450,336,31.20,False,False,,411,36,4442,2026-09-21 13:42:20.897635+05:30,2026-09-21 13:42:20.897635+05:30
450,337,38.40,False,False,,411,36,4443,2026-09-21 13:42:20.897635+05:30,2026-09-21 13:42:20.897635+05:30
451,328,28.00,False,False,,416,36,4444,2026-09-21 13:42:20.897635+05:30,2026-09-21 13:42:20.897635+05:30
451,329,43.20,False,False,,416,36,4445,2026-09-21 13:42:20.897635+05:30,2026-09-21 13:42:20.897635+05:30
451,330,49.60,False,False,,416,36,4446,2026-09-21 13:42:20.897635+05:30,2026-09-21 13:42:20.897635+05:30
451,331,52.80,False,False,,416,36,4447,2026-09-21 13:42:20.897635+05:30,2026-09-21 13:42:20.897635+05:30
451,332,57.60,False,False,,416,36,4448,2026-09-21 13:42:20.897635+05:30,2026-09-21 13:42:20.897635+05:30
451,333,64.80,False,False,,416,36,4449,2026-09-21 13:42:20.897635+05:30,2026-09-21 13:42:20.897635+05:30
451,334,65.60,False,False,,416,36,4450,2026-09-21 13:42:20.897635+05:30,2026-09-21 13:42:20.897635+05:30
451,335,31.20,False,False,,416,36,4451,2026-09-21 13:42:20.897635+05:30,2026-09-21 13:42:20.897635+05:30
451,336,42.40,False,False,,416,36,4452,2026-09-21 13:42:20.897635+05:30,2026-09-21 13:42:20.897635+05:30
451,337,36.80,False,False,,416,36,4453,2026-09-21 13:42:20.897635+05:30,2026-09-21 13:42:20.897635+05:30
452,338,32.80,False,False,,408,36,4454,2026-09-21 13:42:20.897635+05:30,2026-09-21 13:42:20.897635+05:30
452,339,34.40,False,False,,408,36,4455,2026-09-21 13:42:20.897635+05:30,2026-09-21 13:42:20.897635+05:30
452,340,41.60,False,False,,408,36,4456,2026-09-21 13:42:20.897635+05:30,2026-09-21 13:42:20.897635+05:30
452,341,48.80,False,False,,408,36,4457,2026-09-21 13:42:20.897635+05:30,2026-09-21 13:42:20.897635+05:30
452,342,51.20,False,False,,408,36,4458,2026-09-21 13:42:20.897635+05:30,2026-09-21 13:42:20.897635+05:30
452,343,66.40,False,False,,408,36,4459,2026-09-21 13:42:20.897635+05:30,2026-09-21 13:42:20.897635+05:30
452,344,74.40,False,False,,408,36,4460,2026-09-21 13:42:20.897635+05:30,2026-09-21 13:42:20.897635+05:30
452,345,29.60,False,False,,408,36,4461,2026-09-21 13:42:20.897635+05:30,2026-09-21 13:42:20.897635+05:30
452,346,31.20,False,False,,408,36,4462,2026-09-21 13:42:20.897635+05:30,2026-09-21 13:42:20.897635+05:30
452,347,49.60,False,False,,408,36,4463,2026-09-21 13:42:20.897635+05:30,2026-09-21 13:42:20.897635+05:30
453,338,34.40,False,False,,409,36,4464,2026-09-21 13:42:20.897635+05:30,2026-09-21 13:42:20.897635+05:30
453,339,35.20,False,False,,409,36,4465,2026-09-21 13:42:20.897635+05:30,2026-09-21 13:42:20.897635+05:30
453,340,50.40,False,False,,409,36,4466,2026-09-21 13:42:20.897635+05:30,2026-09-21 13:42:20.897635+05:30
453,341,58.40,False,False,,409,36,4467,2026-09-21 13:42:20.897635+05:30,2026-09-21 13:42:20.897635+05:30
453,342,56.00,False,False,,409,36,4468,2026-09-21 13:42:20.897635+05:30,2026-09-21 13:42:20.897635+05:30
453,343,69.60,False,False,,409,36,4469,2026-09-21 13:42:20.897635+05:30,2026-09-21 13:42:20.897635+05:30
453,344,64.80,False,False,,409,36,4470,2026-09-21 13:42:20.897635+05:30,2026-09-21 13:42:20.897635+05:30
453,345,30.40,False,False,,409,36,4471,2026-09-21 13:42:20.897635+05:30,2026-09-21 13:42:20.897635+05:30
453,346,37.60,False,False,,409,36,4472,2026-09-21 13:42:20.897635+05:30,2026-09-21 13:42:20.897635+05:30
453,347,44.00,False,False,,409,36,4473,2026-09-21 13:42:20.897635+05:30,2026-09-21 13:42:20.897635+05:30
454,338,38.40,False,False,,407,36,4474,2026-09-21 13:42:20.897635+05:30,2026-09-21 13:42:20.897635+05:30
454,339,40.00,False,False,,407,36,4475,2026-09-21 13:42:20.897635+05:30,2026-09-21 13:42:20.897635+05:30
454,340,39.20,False,False,,407,36,4476,2026-09-21 13:42:20.897635+05:30,2026-09-21 13:42:20.897635+05:30
454,341,49.60,False,False,,407,36,4477,2026-09-21 13:42:20.897635+05:30,2026-09-21 13:42:20.897635+05:30
454,342,62.40,False,False,,407,36,4478,2026-09-21 13:42:20.897635+05:30,2026-09-21 13:42:20.897635+05:30
454,343,70.40,False,False,,407,36,4479,2026-09-21 13:42:20.897635+05:30,2026-09-21 13:42:20.897635+05:30
454,344,69.60,False,False,,407,36,4480,2026-09-21 13:42:20.897635+05:30,2026-09-21 13:42:20.897635+05:30
454,345,25.60,False,False,,407,36,4481,2026-09-21 13:42:20.897635+05:30,2026-09-21 13:42:20.897635+05:30
454,346,36.00,False,False,,407,36,4482,2026-09-21 13:42:20.897635+05:30,2026-09-21 13:42:20.897635+05:30
454,347,35.20,False,False,,407,36,4483,2026-09-21 13:42:20.897635+05:30,2026-09-21 13:42:20.897635+05:30
455,338,26.40,False,False,,413,36,4484,2026-09-21 13:42:20.897635+05:30,2026-09-21 13:42:20.897635+05:30
455,339,33.60,False,False,,413,36,4485,2026-09-21 13:42:20.897635+05:30,2026-09-21 13:42:20.897635+05:30
455,340,47.20,False,False,,413,36,4486,2026-09-21 13:42:20.897635+05:30,2026-09-21 13:42:20.897635+05:30
455,341,45.60,False,False,,413,36,4487,2026-09-21 13:42:20.897635+05:30,2026-09-21 13:42:20.897635+05:30
455,342,62.40,False,False,,413,36,4488,2026-09-21 13:42:20.897635+05:30,2026-09-21 13:42:20.897635+05:30
455,343,62.40,False,False,,413,36,4489,2026-09-21 13:42:20.897635+05:30,2026-09-21 13:42:20.897635+05:30
455,344,71.20,False,False,,413,36,4490,2026-09-21 13:42:20.897635+05:30,2026-09-21 13:42:20.897635+05:30
455,345,24.00,False,False,,413,36,4491,2026-09-21 13:42:20.897635+05:30,2026-09-21 13:42:20.897635+05:30
455,346,36.00,False,False,,413,36,4492,2026-09-21 13:42:20.897635+05:30,2026-09-21 13:42:20.897635+05:30
455,347,47.20,False,False,,413,36,4493,2026-09-21 13:42:20.897635+05:30,2026-09-21 13:42:20.897635+05:30
456,338,38.40,False,False,,411,36,4494,2026-09-21 13:42:20.897635+05:30,2026-09-21 13:42:20.897635+05:30
456,339,34.40,False,False,,411,36,4495,2026-09-21 13:42:20.897635+05:30,2026-09-21 13:42:20.897635+05:30
456,340,45.60,False,False,,411,36,4496,2026-09-21 13:42:20.897635+05:30,2026-09-21 13:42:20.897635+05:30
456,341,53.60,False,False,,411,36,4497,2026-09-21 13:42:20.897635+05:30,2026-09-21 13:42:20.897635+05:30
456,342,60.00,False,False,,411,36,4498,2026-09-21 13:42:20.897635+05:30,2026-09-21 13:42:20.897635+05:30
456,343,65.60,False,False,,411,36,4499,2026-09-21 13:42:20.897635+05:30,2026-09-21 13:42:20.897635+05:30
456,344,72.00,False,False,,411,36,4500,2026-09-21 13:42:20.897635+05:30,2026-09-21 13:42:20.897635+05:30
456,345,33.60,False,False,,411,36,4501,2026-09-21 13:42:20.897635+05:30,2026-09-21 13:42:20.897635+05:30
456,346,29.60,False,False,,411,36,4502,2026-09-21 13:42:20.897635+05:30,2026-09-21 13:42:20.897635+05:30
456,347,46.40,False,False,,411,36,4503,2026-09-21 13:42:20.897635+05:30,2026-09-21 13:42:20.897635+05:30
457,338,28.80,False,False,,416,36,4504,2026-09-21 13:42:20.897635+05:30,2026-09-21 13:42:20.897635+05:30
457,339,40.80,False,False,,416,36,4505,2026-09-21 13:42:20.897635+05:30,2026-09-21 13:42:20.897635+05:30
457,340,41.60,False,False,,416,36,4506,2026-09-21 13:42:20.897635+05:30,2026-09-21 13:42:20.897635+05:30
457,341,59.20,False,False,,416,36,4507,2026-09-21 13:42:20.897635+05:30,2026-09-21 13:42:20.897635+05:30
457,342,53.60,False,False,,416,36,4508,2026-09-21 13:42:20.897635+05:30,2026-09-21 13:42:20.897635+05:30
457,343,58.40,False,False,,416,36,4509,2026-09-21 13:42:20.897635+05:30,2026-09-21 13:42:20.897635+05:30
457,344,66.40,False,False,,416,36,4510,2026-09-21 13:42:20.897635+05:30,2026-09-21 13:42:20.897635+05:30
457,345,23.20,False,False,,416,36,4511,2026-09-21 13:42:20.897635+05:30,2026-09-21 13:42:20.897635+05:30
457,346,36.00,False,False,,416,36,4512,2026-09-21 13:42:20.897635+05:30,2026-09-21 13:42:20.897635+05:30
457,347,49.60,False,False,,416,36,4513,2026-09-21 13:42:20.897635+05:30,2026-09-21 13:42:20.897635+05:30
458,348,40.00,False,False,,417,36,4514,2026-09-21 13:42:20.897635+05:30,2026-09-21 13:42:20.897635+05:30
458,349,34.40,False,False,,417,36,4515,2026-09-21 13:42:20.897635+05:30,2026-09-21 13:42:20.897635+05:30
458,350,47.20,False,False,,417,36,4516,2026-09-21 13:42:20.897635+05:30,2026-09-21 13:42:20.897635+05:30
458,351,48.00,False,False,,417,36,4517,2026-09-21 13:42:20.897635+05:30,2026-09-21 13:42:20.897635+05:30
458,352,57.60,False,False,,417,36,4518,2026-09-21 13:42:20.897635+05:30,2026-09-21 13:42:20.897635+05:30
458,353,60.80,False,False,,417,36,4519,2026-09-21 13:42:20.897635+05:30,2026-09-21 13:42:20.897635+05:30
458,354,72.80,False,False,,417,36,4520,2026-09-21 13:42:20.897635+05:30,2026-09-21 13:42:20.897635+05:30
458,355,26.40,False,False,,417,36,4521,2026-09-21 13:42:20.897635+05:30,2026-09-21 13:42:20.897635+05:30
458,356,30.40,False,False,,417,36,4522,2026-09-21 13:42:20.897635+05:30,2026-09-21 13:42:20.897635+05:30
458,357,47.20,False,False,,417,36,4523,2026-09-21 13:42:20.897635+05:30,2026-09-21 13:42:20.897635+05:30
459,348,37.60,False,False,,414,36,4524,2026-09-21 13:42:20.897635+05:30,2026-09-21 13:42:20.897635+05:30
459,349,44.00,False,False,,414,36,4525,2026-09-21 13:42:20.897635+05:30,2026-09-21 13:42:20.897635+05:30
459,350,48.80,False,False,,414,36,4526,2026-09-21 13:42:20.897635+05:30,2026-09-21 13:42:20.897635+05:30
459,351,53.60,False,False,,414,36,4527,2026-09-21 13:42:20.897635+05:30,2026-09-21 13:42:20.897635+05:30
459,352,60.80,False,False,,414,36,4528,2026-09-21 13:42:20.897635+05:30,2026-09-21 13:42:20.897635+05:30
459,353,60.80,False,False,,414,36,4529,2026-09-21 13:42:20.897635+05:30,2026-09-21 13:42:20.897635+05:30
459,354,72.80,False,False,,414,36,4530,2026-09-21 13:42:20.897635+05:30,2026-09-21 13:42:20.897635+05:30
459,355,26.40,False,False,,414,36,4531,2026-09-21 13:42:20.897635+05:30,2026-09-21 13:42:20.897635+05:30
459,356,41.60,False,False,,414,36,4532,2026-09-21 13:42:20.897635+05:30,2026-09-21 13:42:20.897635+05:30
459,357,37.60,False,False,,414,36,4533,2026-09-21 13:42:20.897635+05:30,2026-09-21 13:42:20.897635+05:30
460,348,34.40,False,False,,418,36,4534,2026-09-21 13:42:20.897635+05:30,2026-09-21 13:42:20.897635+05:30
460,349,42.40,False,False,,418,36,4535,2026-09-21 13:42:20.897635+05:30,2026-09-21 13:42:20.897635+05:30
460,350,44.00,False,False,,418,36,4536,2026-09-21 13:42:20.897635+05:30,2026-09-21 13:42:20.897635+05:30
460,351,46.40,False,False,,418,36,4537,2026-09-21 13:42:20.897635+05:30,2026-09-21 13:42:20.897635+05:30
460,352,57.60,False,False,,418,36,4538,2026-09-21 13:42:20.897635+05:30,2026-09-21 13:42:20.897635+05:30
460,353,66.40,False,False,,418,36,4539,2026-09-21 13:42:20.897635+05:30,2026-09-21 13:42:20.897635+05:30
460,354,73.60,False,False,,418,36,4540,2026-09-21 13:42:20.897635+05:30,2026-09-21 13:42:20.897635+05:30
460,355,28.00,False,False,,418,36,4541,2026-09-21 13:42:20.897635+05:30,2026-09-21 13:42:20.897635+05:30
460,356,32.80,False,False,,418,36,4542,2026-09-21 13:42:20.897635+05:30,2026-09-21 13:42:20.897635+05:30
460,357,44.00,False,False,,418,36,4543,2026-09-21 13:42:20.897635+05:30,2026-09-21 13:42:20.897635+05:30
461,348,34.40,False,False,,415,36,4544,2026-09-21 13:42:20.897635+05:30,2026-09-21 13:42:20.897635+05:30
461,349,45.60,False,False,,415,36,4545,2026-09-21 13:42:20.897635+05:30,2026-09-21 13:42:20.897635+05:30
461,350,51.20,False,False,,415,36,4546,2026-09-21 13:42:20.897635+05:30,2026-09-21 13:42:20.897635+05:30
461,351,53.60,False,False,,415,36,4547,2026-09-21 13:42:20.897635+05:30,2026-09-21 13:42:20.897635+05:30
461,352,54.40,False,False,,415,36,4548,2026-09-21 13:42:20.897635+05:30,2026-09-21 13:42:20.897635+05:30
461,353,70.40,False,False,,415,36,4549,2026-09-21 13:42:20.897635+05:30,2026-09-21 13:42:20.897635+05:30
461,354,64.80,False,False,,415,36,4550,2026-09-21 13:42:20.897635+05:30,2026-09-21 13:42:20.897635+05:30
461,355,26.40,False,False,,415,36,4551,2026-09-21 13:42:20.897635+05:30,2026-09-21 13:42:20.897635+05:30
461,356,29.60,False,False,,415,36,4552,2026-09-21 13:42:20.897635+05:30,2026-09-21 13:42:20.897635+05:30
461,357,48.00,False,False,,415,36,4553,2026-09-21 13:42:20.897635+05:30,2026-09-21 13:42:20.897635+05:30
462,348,32.80,False,False,,412,36,4554,2026-09-21 13:42:20.897635+05:30,2026-09-21 13:42:20.897635+05:30
462,349,32.00,False,False,,412,36,4555,2026-09-21 13:42:20.897635+05:30,2026-09-21 13:42:20.897635+05:30
462,350,38.40,False,False,,412,36,4556,2026-09-21 13:42:20.897635+05:30,2026-09-21 13:42:20.897635+05:30
462,351,47.20,False,False,,412,36,4557,2026-09-21 13:42:20.897635+05:30,2026-09-21 13:42:20.897635+05:30
462,352,56.80,False,False,,412,36,4558,2026-09-21 13:42:20.897635+05:30,2026-09-21 13:42:20.897635+05:30
462,353,60.00,False,False,,412,36,4559,2026-09-21 13:42:20.897635+05:30,2026-09-21 13:42:20.897635+05:30
462,354,68.80,False,False,,412,36,4560,2026-09-21 13:42:20.897635+05:30,2026-09-21 13:42:20.897635+05:30
462,355,34.40,False,False,,412,36,4561,2026-09-21 13:42:20.897635+05:30,2026-09-21 13:42:20.897635+05:30
462,356,36.00,False,False,,412,36,4562,2026-09-21 13:42:20.897635+05:30,2026-09-21 13:42:20.897635+05:30
462,357,45.60,False,False,,412,36,4563,2026-09-21 13:42:20.897635+05:30,2026-09-21 13:42:20.897635+05:30
463,348,38.40,False,False,,410,36,4564,2026-09-21 13:42:20.897635+05:30,2026-09-21 13:42:20.897635+05:30
463,349,40.00,False,False,,410,36,4565,2026-09-21 13:42:20.897635+05:30,2026-09-21 13:42:20.897635+05:30
463,350,47.20,False,False,,410,36,4566,2026-09-21 13:42:20.897635+05:30,2026-09-21 13:42:20.897635+05:30
463,351,48.80,False,False,,410,36,4567,2026-09-21 13:42:20.897635+05:30,2026-09-21 13:42:20.897635+05:30
463,352,60.80,False,False,,410,36,4568,2026-09-21 13:42:20.897635+05:30,2026-09-21 13:42:20.897635+05:30
463,353,65.60,False,False,,410,36,4569,2026-09-21 13:42:20.897635+05:30,2026-09-21 13:42:20.897635+05:30
463,354,66.40,False,False,,410,36,4570,2026-09-21 13:42:20.897635+05:30,2026-09-21 13:42:20.897635+05:30
463,355,24.80,False,False,,410,36,4571,2026-09-21 13:42:20.897635+05:30,2026-09-21 13:42:20.897635+05:30
463,356,41.60,False,False,,410,36,4572,2026-09-21 13:42:20.897635+05:30,2026-09-21 13:42:20.897635+05:30
463,357,47.20,False,False,,410,36,4573,2026-09-21 13:42:20.897635+05:30,2026-09-21 13:42:20.897635+05:30
464,358,39.20,False,False,,417,36,4574,2026-09-21 13:42:20.897635+05:30,2026-09-21 13:42:20.897635+05:30
464,359,37.60,False,False,,417,36,4575,2026-09-21 13:42:20.897635+05:30,2026-09-21 13:42:20.897635+05:30
464,360,47.20,False,False,,417,36,4576,2026-09-21 13:42:20.897635+05:30,2026-09-21 13:42:20.897635+05:30
464,361,52.80,False,False,,417,36,4577,2026-09-21 13:42:20.897635+05:30,2026-09-21 13:42:20.897635+05:30
464,362,55.20,False,False,,417,36,4578,2026-09-21 13:42:20.897635+05:30,2026-09-21 13:42:20.897635+05:30
464,363,60.00,False,False,,417,36,4579,2026-09-21 13:42:20.897635+05:30,2026-09-21 13:42:20.897635+05:30
464,364,73.60,False,False,,417,36,4580,2026-09-21 13:42:20.897635+05:30,2026-09-21 13:42:20.897635+05:30
464,365,31.20,False,False,,417,36,4581,2026-09-21 13:42:20.897635+05:30,2026-09-21 13:42:20.897635+05:30
464,366,38.40,False,False,,417,36,4582,2026-09-21 13:42:20.897635+05:30,2026-09-21 13:42:20.897635+05:30
464,367,49.60,False,False,,417,36,4583,2026-09-21 13:42:20.897635+05:30,2026-09-21 13:42:20.897635+05:30
465,358,37.60,False,False,,414,36,4584,2026-09-21 13:42:20.897635+05:30,2026-09-21 13:42:20.897635+05:30
465,359,40.00,False,False,,414,36,4585,2026-09-21 13:42:20.897635+05:30,2026-09-21 13:42:20.897635+05:30
465,360,45.60,False,False,,414,36,4586,2026-09-21 13:42:20.897635+05:30,2026-09-21 13:42:20.897635+05:30
465,361,56.80,False,False,,414,36,4587,2026-09-21 13:42:20.897635+05:30,2026-09-21 13:42:20.897635+05:30
465,362,63.20,False,False,,414,36,4588,2026-09-21 13:42:20.897635+05:30,2026-09-21 13:42:20.897635+05:30
465,363,64.00,False,False,,414,36,4589,2026-09-21 13:42:20.897635+05:30,2026-09-21 13:42:20.897635+05:30
465,364,76.80,False,False,,414,36,4590,2026-09-21 13:42:20.897635+05:30,2026-09-21 13:42:20.897635+05:30
465,365,36.00,False,False,,414,36,4591,2026-09-21 13:42:20.897635+05:30,2026-09-21 13:42:20.897635+05:30
465,366,36.00,False,False,,414,36,4592,2026-09-21 13:42:20.897635+05:30,2026-09-21 13:42:20.897635+05:30
465,367,44.80,False,False,,414,36,4593,2026-09-21 13:42:20.897635+05:30,2026-09-21 13:42:20.897635+05:30
466,358,29.60,False,False,,418,36,4594,2026-09-21 13:42:20.897635+05:30,2026-09-21 13:42:20.897635+05:30
466,359,43.20,False,False,,418,36,4595,2026-09-21 13:42:20.897635+05:30,2026-09-21 13:42:20.897635+05:30
466,360,44.00,False,False,,418,36,4596,2026-09-21 13:42:20.897635+05:30,2026-09-21 13:42:20.897635+05:30
466,361,50.40,False,False,,418,36,4597,2026-09-21 13:42:20.897635+05:30,2026-09-21 13:42:20.897635+05:30
466,362,56.80,False,False,,418,36,4598,2026-09-21 13:42:20.897635+05:30,2026-09-21 13:42:20.897635+05:30
466,363,59.20,False,False,,418,36,4599,2026-09-21 13:42:20.897635+05:30,2026-09-21 13:42:20.897635+05:30
466,364,78.40,False,False,,418,36,4600,2026-09-21 13:42:20.897635+05:30,2026-09-21 13:42:20.897635+05:30
466,365,22.40,False,False,,418,36,4601,2026-09-21 13:42:20.897635+05:30,2026-09-21 13:42:20.897635+05:30
466,366,41.60,False,False,,418,36,4602,2026-09-21 13:42:20.897635+05:30,2026-09-21 13:42:20.897635+05:30
466,367,36.80,False,False,,418,36,4603,2026-09-21 13:42:20.897635+05:30,2026-09-21 13:42:20.897635+05:30
467,358,28.00,False,False,,415,36,4604,2026-09-21 13:42:20.897635+05:30,2026-09-21 13:42:20.897635+05:30
467,359,32.00,False,False,,415,36,4605,2026-09-21 13:42:20.897635+05:30,2026-09-21 13:42:20.897635+05:30
467,360,48.80,False,False,,415,36,4606,2026-09-21 13:42:20.897635+05:30,2026-09-21 13:42:20.897635+05:30
467,361,47.20,False,False,,415,36,4607,2026-09-21 13:42:20.897635+05:30,2026-09-21 13:42:20.897635+05:30
467,362,55.20,False,False,,415,36,4608,2026-09-21 13:42:20.897635+05:30,2026-09-21 13:42:20.897635+05:30
467,363,65.60,False,False,,415,36,4609,2026-09-21 13:42:20.897635+05:30,2026-09-21 13:42:20.897635+05:30
467,364,71.20,False,False,,415,36,4610,2026-09-21 13:42:20.897635+05:30,2026-09-21 13:42:20.897635+05:30
467,365,27.20,False,False,,415,36,4611,2026-09-21 13:42:20.897635+05:30,2026-09-21 13:42:20.897635+05:30
467,366,34.40,False,False,,415,36,4612,2026-09-21 13:42:20.897635+05:30,2026-09-21 13:42:20.897635+05:30
467,367,43.20,False,False,,415,36,4613,2026-09-21 13:42:20.897635+05:30,2026-09-21 13:42:20.897635+05:30
468,358,30.40,False,False,,412,36,4614,2026-09-21 13:42:20.897635+05:30,2026-09-21 13:42:20.897635+05:30
468,359,41.60,False,False,,412,36,4615,2026-09-21 13:42:20.897635+05:30,2026-09-21 13:42:20.897635+05:30
468,360,45.60,False,False,,412,36,4616,2026-09-21 13:42:20.897635+05:30,2026-09-21 13:42:20.897635+05:30
468,361,57.60,False,False,,412,36,4617,2026-09-21 13:42:20.897635+05:30,2026-09-21 13:42:20.897635+05:30
468,362,55.20,False,False,,412,36,4618,2026-09-21 13:42:20.897635+05:30,2026-09-21 13:42:20.897635+05:30
468,363,64.80,False,False,,412,36,4619,2026-09-21 13:42:20.897635+05:30,2026-09-21 13:42:20.897635+05:30
468,364,76.80,False,False,,412,36,4620,2026-09-21 13:42:20.897635+05:30,2026-09-21 13:42:20.897635+05:30
468,365,28.80,False,False,,412,36,4621,2026-09-21 13:42:20.897635+05:30,2026-09-21 13:42:20.897635+05:30
468,366,29.60,False,False,,412,36,4622,2026-09-21 13:42:20.897635+05:30,2026-09-21 13:42:20.897635+05:30
468,367,42.40,False,False,,412,36,4623,2026-09-21 13:42:20.897635+05:30,2026-09-21 13:42:20.897635+05:30
469,358,35.20,False,False,,410,36,4624,2026-09-21 13:42:20.897635+05:30,2026-09-21 13:42:20.897635+05:30
469,359,40.00,False,False,,410,36,4625,2026-09-21 13:42:20.897635+05:30,2026-09-21 13:42:20.897635+05:30
469,360,42.40,False,False,,410,36,4626,2026-09-21 13:42:20.897635+05:30,2026-09-21 13:42:20.897635+05:30
469,361,50.40,False,False,,410,36,4627,2026-09-21 13:42:20.897635+05:30,2026-09-21 13:42:20.897635+05:30
469,362,53.60,False,False,,410,36,4628,2026-09-21 13:42:20.897635+05:30,2026-09-21 13:42:20.897635+05:30
469,363,70.40,False,False,,410,36,4629,2026-09-21 13:42:20.897635+05:30,2026-09-21 13:42:20.897635+05:30
469,364,78.40,False,False,,410,36,4630,2026-09-21 13:42:20.897635+05:30,2026-09-21 13:42:20.897635+05:30
469,365,22.40,False,False,,410,36,4631,2026-09-21 13:42:20.897635+05:30,2026-09-21 13:42:20.897635+05:30
469,366,43.20,False,False,,410,36,4632,2026-09-21 13:42:20.897635+05:30,2026-09-21 13:42:20.897635+05:30
469,367,36.80,False,False,,410,36,4633,2026-09-21 13:42:20.897635+05:30,2026-09-21 13:42:20.897635+05:30
470,368,28.80,False,False,,417,36,4634,2026-09-21 13:42:20.897635+05:30,2026-09-21 13:42:20.897635+05:30
470,369,37.60,False,False,,417,36,4635,2026-09-21 13:42:20.897635+05:30,2026-09-21 13:42:20.897635+05:30
470,370,48.00,False,False,,417,36,4636,2026-09-21 13:42:20.897635+05:30,2026-09-21 13:42:20.897635+05:30
470,371,50.40,False,False,,417,36,4637,2026-09-21 13:42:20.897635+05:30,2026-09-21 13:42:20.897635+05:30
470,372,63.20,False,False,,417,36,4638,2026-09-21 13:42:20.897635+05:30,2026-09-21 13:42:20.897635+05:30
470,373,60.00,False,False,,417,36,4639,2026-09-21 13:42:20.897635+05:30,2026-09-21 13:42:20.897635+05:30
470,374,66.40,False,False,,417,36,4640,2026-09-21 13:42:20.897635+05:30,2026-09-21 13:42:20.897635+05:30
470,375,26.40,False,False,,417,36,4641,2026-09-21 13:42:20.897635+05:30,2026-09-21 13:42:20.897635+05:30
470,376,37.60,False,False,,417,36,4642,2026-09-21 13:42:20.897635+05:30,2026-09-21 13:42:20.897635+05:30
470,377,42.40,False,False,,417,36,4643,2026-09-21 13:42:20.897635+05:30,2026-09-21 13:42:20.897635+05:30
471,368,26.40,False,False,,414,36,4644,2026-09-21 13:42:20.897635+05:30,2026-09-21 13:42:20.897635+05:30
471,369,39.20,False,False,,414,36,4645,2026-09-21 13:42:20.897635+05:30,2026-09-21 13:42:20.897635+05:30
471,370,41.60,False,False,,414,36,4646,2026-09-21 13:42:20.897635+05:30,2026-09-21 13:42:20.897635+05:30
471,371,52.80,False,False,,414,36,4647,2026-09-21 13:42:20.897635+05:30,2026-09-21 13:42:20.897635+05:30
471,372,55.20,False,False,,414,36,4648,2026-09-21 13:42:20.897635+05:30,2026-09-21 13:42:20.897635+05:30
471,373,67.20,False,False,,414,36,4649,2026-09-21 13:42:20.897635+05:30,2026-09-21 13:42:20.897635+05:30
471,374,78.40,False,False,,414,36,4650,2026-09-21 13:42:20.897635+05:30,2026-09-21 13:42:20.897635+05:30
471,375,24.80,False,False,,414,36,4651,2026-09-21 13:42:20.897635+05:30,2026-09-21 13:42:20.897635+05:30
471,376,34.40,False,False,,414,36,4652,2026-09-21 13:42:20.897635+05:30,2026-09-21 13:42:20.897635+05:30
471,377,40.00,False,False,,414,36,4653,2026-09-21 13:42:20.897635+05:30,2026-09-21 13:42:20.897635+05:30
472,368,26.40,False,False,,418,36,4654,2026-09-21 13:42:20.897635+05:30,2026-09-21 13:42:20.897635+05:30
472,369,42.40,False,False,,418,36,4655,2026-09-21 13:42:20.897635+05:30,2026-09-21 13:42:20.897635+05:30
472,370,48.00,False,False,,418,36,4656,2026-09-21 13:42:20.897635+05:30,2026-09-21 13:42:20.897635+05:30
472,371,52.00,False,False,,418,36,4657,2026-09-21 13:42:20.897635+05:30,2026-09-21 13:42:20.897635+05:30
472,372,65.60,False,False,,418,36,4658,2026-09-21 13:42:20.897635+05:30,2026-09-21 13:42:20.897635+05:30
472,373,69.60,False,False,,418,36,4659,2026-09-21 13:42:20.897635+05:30,2026-09-21 13:42:20.897635+05:30
472,374,76.80,False,False,,418,36,4660,2026-09-21 13:42:20.897635+05:30,2026-09-21 13:42:20.897635+05:30
472,375,34.40,False,False,,418,36,4661,2026-09-21 13:42:20.897635+05:30,2026-09-21 13:42:20.897635+05:30
472,376,33.60,False,False,,418,36,4662,2026-09-21 13:42:20.897635+05:30,2026-09-21 13:42:20.897635+05:30
472,377,47.20,False,False,,418,36,4663,2026-09-21 13:42:20.897635+05:30,2026-09-21 13:42:20.897635+05:30
473,368,30.40,False,False,,415,36,4664,2026-09-21 13:42:20.897635+05:30,2026-09-21 13:42:20.897635+05:30
473,369,44.00,False,False,,415,36,4665,2026-09-21 13:42:20.897635+05:30,2026-09-21 13:42:20.897635+05:30
473,370,38.40,False,False,,415,36,4666,2026-09-21 13:42:20.897635+05:30,2026-09-21 13:42:20.897635+05:30
473,371,56.00,False,False,,415,36,4667,2026-09-21 13:42:20.897635+05:30,2026-09-21 13:42:20.897635+05:30
473,372,62.40,False,False,,415,36,4668,2026-09-21 13:42:20.897635+05:30,2026-09-21 13:42:20.897635+05:30
473,373,60.80,False,False,,415,36,4669,2026-09-21 13:42:20.897635+05:30,2026-09-21 13:42:20.897635+05:30
473,374,73.60,False,False,,415,36,4670,2026-09-21 13:42:20.897635+05:30,2026-09-21 13:42:20.897635+05:30
473,375,23.20,False,False,,415,36,4671,2026-09-21 13:42:20.897635+05:30,2026-09-21 13:42:20.897635+05:30
473,376,31.20,False,False,,415,36,4672,2026-09-21 13:42:20.897635+05:30,2026-09-21 13:42:20.897635+05:30
473,377,42.40,False,False,,415,36,4673,2026-09-21 13:42:20.897635+05:30,2026-09-21 13:42:20.897635+05:30
474,368,32.80,False,False,,412,36,4674,2026-09-21 13:42:20.897635+05:30,2026-09-21 13:42:20.897635+05:30
474,369,44.00,False,False,,412,36,4675,2026-09-21 13:42:20.897635+05:30,2026-09-21 13:42:20.897635+05:30
474,370,52.80,False,False,,412,36,4676,2026-09-21 13:42:20.897635+05:30,2026-09-21 13:42:20.897635+05:30
474,371,45.60,False,False,,412,36,4677,2026-09-21 13:42:20.897635+05:30,2026-09-21 13:42:20.897635+05:30
474,372,54.40,False,False,,412,36,4678,2026-09-21 13:42:20.897635+05:30,2026-09-21 13:42:20.897635+05:30
474,373,66.40,False,False,,412,36,4679,2026-09-21 13:42:20.897635+05:30,2026-09-21 13:42:20.897635+05:30
474,374,76.80,False,False,,412,36,4680,2026-09-21 13:42:20.897635+05:30,2026-09-21 13:42:20.897635+05:30
474,375,24.00,False,False,,412,36,4681,2026-09-21 13:42:20.897635+05:30,2026-09-21 13:42:20.897635+05:30
474,376,30.40,False,False,,412,36,4682,2026-09-21 13:42:20.897635+05:30,2026-09-21 13:42:20.897635+05:30
474,377,40.80,False,False,,412,36,4683,2026-09-21 13:42:20.897635+05:30,2026-09-21 13:42:20.897635+05:30
475,368,26.40,False,False,,410,36,4684,2026-09-21 13:42:20.897635+05:30,2026-09-21 13:42:20.897635+05:30
475,369,36.80,False,False,,410,36,4685,2026-09-21 13:42:20.897635+05:30,2026-09-21 13:42:20.897635+05:30
475,370,42.40,False,False,,410,36,4686,2026-09-21 13:42:20.897635+05:30,2026-09-21 13:42:20.897635+05:30
475,371,55.20,False,False,,410,36,4687,2026-09-21 13:42:20.897635+05:30,2026-09-21 13:42:20.897635+05:30
475,372,65.60,False,False,,410,36,4688,2026-09-21 13:42:20.897635+05:30,2026-09-21 13:42:20.897635+05:30
475,373,68.80,False,False,,410,36,4689,2026-09-21 13:42:20.897635+05:30,2026-09-21 13:42:20.897635+05:30
475,374,71.20,False,False,,410,36,4690,2026-09-21 13:42:20.897635+05:30,2026-09-21 13:42:20.897635+05:30
475,375,29.60,False,False,,410,36,4691,2026-09-21 13:42:20.897635+05:30,2026-09-21 13:42:20.897635+05:30
475,376,43.20,False,False,,410,36,4692,2026-09-21 13:42:20.897635+05:30,2026-09-21 13:42:20.897635+05:30
475,377,42.40,False,False,,410,36,4693,2026-09-21 13:42:20.897635+05:30,2026-09-21 13:42:20.897635+05:30
476,378,32.00,False,False,,417,36,4694,2026-09-21 13:42:20.897635+05:30,2026-09-21 13:42:20.897635+05:30
476,379,38.40,False,False,,417,36,4695,2026-09-21 13:42:20.897635+05:30,2026-09-21 13:42:20.897635+05:30
476,380,40.80,False,False,,417,36,4696,2026-09-21 13:42:20.897635+05:30,2026-09-21 13:42:20.897635+05:30
476,381,46.40,False,False,,417,36,4697,2026-09-21 13:42:20.897635+05:30,2026-09-21 13:42:20.897635+05:30
476,382,54.40,False,False,,417,36,4698,2026-09-21 13:42:20.897635+05:30,2026-09-21 13:42:20.897635+05:30
476,383,68.00,False,False,,417,36,4699,2026-09-21 13:42:20.897635+05:30,2026-09-21 13:42:20.897635+05:30
476,384,69.60,False,False,,417,36,4700,2026-09-21 13:42:20.897635+05:30,2026-09-21 13:42:20.897635+05:30
476,385,36.00,False,False,,417,36,4701,2026-09-21 13:42:20.897635+05:30,2026-09-21 13:42:20.897635+05:30
476,386,36.00,False,False,,417,36,4702,2026-09-21 13:42:20.897635+05:30,2026-09-21 13:42:20.897635+05:30
476,387,36.00,False,False,,417,36,4703,2026-09-21 13:42:20.897635+05:30,2026-09-21 13:42:20.897635+05:30
477,378,40.00,False,False,,414,36,4704,2026-09-21 13:42:20.897635+05:30,2026-09-21 13:42:20.897635+05:30
477,379,36.00,False,False,,414,36,4705,2026-09-21 13:42:20.897635+05:30,2026-09-21 13:42:20.897635+05:30
477,380,44.00,False,False,,414,36,4706,2026-09-21 13:42:20.897635+05:30,2026-09-21 13:42:20.897635+05:30
477,381,47.20,False,False,,414,36,4707,2026-09-21 13:42:20.897635+05:30,2026-09-21 13:42:20.897635+05:30
477,382,57.60,False,False,,414,36,4708,2026-09-21 13:42:20.897635+05:30,2026-09-21 13:42:20.897635+05:30
477,383,61.60,False,False,,414,36,4709,2026-09-21 13:42:20.897635+05:30,2026-09-21 13:42:20.897635+05:30
477,384,73.60,False,False,,414,36,4710,2026-09-21 13:42:20.897635+05:30,2026-09-21 13:42:20.897635+05:30
477,385,23.20,False,False,,414,36,4711,2026-09-21 13:42:20.897635+05:30,2026-09-21 13:42:20.897635+05:30
477,386,32.00,False,False,,414,36,4712,2026-09-21 13:42:20.897635+05:30,2026-09-21 13:42:20.897635+05:30
477,387,45.60,False,False,,414,36,4713,2026-09-21 13:42:20.897635+05:30,2026-09-21 13:42:20.897635+05:30
478,378,28.80,False,False,,418,36,4714,2026-09-21 13:42:20.897635+05:30,2026-09-21 13:42:20.897635+05:30
478,379,40.80,False,False,,418,36,4715,2026-09-21 13:42:20.897635+05:30,2026-09-21 13:42:20.897635+05:30
478,380,41.60,False,False,,418,36,4716,2026-09-21 13:42:20.897635+05:30,2026-09-21 13:42:20.897635+05:30
478,381,52.00,False,False,,418,36,4717,2026-09-21 13:42:20.897635+05:30,2026-09-21 13:42:20.897635+05:30
478,382,56.00,False,False,,418,36,4718,2026-09-21 13:42:20.897635+05:30,2026-09-21 13:42:20.897635+05:30
478,383,58.40,False,False,,418,36,4719,2026-09-21 13:42:20.897635+05:30,2026-09-21 13:42:20.897635+05:30
478,384,73.60,False,False,,418,36,4720,2026-09-21 13:42:20.897635+05:30,2026-09-21 13:42:20.897635+05:30
478,385,23.20,False,False,,418,36,4721,2026-09-21 13:42:20.897635+05:30,2026-09-21 13:42:20.897635+05:30
478,386,36.80,False,False,,418,36,4722,2026-09-21 13:42:20.897635+05:30,2026-09-21 13:42:20.897635+05:30
478,387,48.80,False,False,,418,36,4723,2026-09-21 13:42:20.897635+05:30,2026-09-21 13:42:20.897635+05:30
479,378,38.40,False,False,,415,36,4724,2026-09-21 13:42:20.897635+05:30,2026-09-21 13:42:20.897635+05:30
479,379,38.40,False,False,,415,36,4725,2026-09-21 13:42:20.897635+05:30,2026-09-21 13:42:20.897635+05:30
479,380,49.60,False,False,,415,36,4726,2026-09-21 13:42:20.897635+05:30,2026-09-21 13:42:20.897635+05:30
479,381,47.20,False,False,,415,36,4727,2026-09-21 13:42:20.897635+05:30,2026-09-21 13:42:20.897635+05:30
479,382,58.40,False,False,,415,36,4728,2026-09-21 13:42:20.897635+05:30,2026-09-21 13:42:20.897635+05:30
479,383,71.20,False,False,,415,36,4729,2026-09-21 13:42:20.897635+05:30,2026-09-21 13:42:20.897635+05:30
479,384,71.20,False,False,,415,36,4730,2026-09-21 13:42:20.897635+05:30,2026-09-21 13:42:20.897635+05:30
479,385,24.00,False,False,,415,36,4731,2026-09-21 13:42:20.897635+05:30,2026-09-21 13:42:20.897635+05:30
479,386,36.00,False,False,,415,36,4732,2026-09-21 13:42:20.897635+05:30,2026-09-21 13:42:20.897635+05:30
479,387,39.20,False,False,,415,36,4733,2026-09-21 13:42:20.897635+05:30,2026-09-21 13:42:20.897635+05:30
480,378,30.40,False,False,,412,36,4734,2026-09-21 13:42:20.897635+05:30,2026-09-21 13:42:20.897635+05:30
480,379,32.00,False,False,,412,36,4735,2026-09-21 13:42:20.897635+05:30,2026-09-21 13:42:20.897635+05:30
480,380,52.00,False,False,,412,36,4736,2026-09-21 13:42:20.897635+05:30,2026-09-21 13:42:20.897635+05:30
480,381,47.20,False,False,,412,36,4737,2026-09-21 13:42:20.897635+05:30,2026-09-21 13:42:20.897635+05:30
480,382,59.20,False,False,,412,36,4738,2026-09-21 13:42:20.897635+05:30,2026-09-21 13:42:20.897635+05:30
480,383,64.80,False,False,,412,36,4739,2026-09-21 13:42:20.897635+05:30,2026-09-21 13:42:20.897635+05:30
480,384,75.20,False,False,,412,36,4740,2026-09-21 13:42:20.897635+05:30,2026-09-21 13:42:20.897635+05:30
480,385,28.00,False,False,,412,36,4741,2026-09-21 13:42:20.897635+05:30,2026-09-21 13:42:20.897635+05:30
480,386,28.80,False,False,,412,36,4742,2026-09-21 13:42:20.897635+05:30,2026-09-21 13:42:20.897635+05:30
480,387,48.00,False,False,,412,36,4743,2026-09-21 13:42:20.897635+05:30,2026-09-21 13:42:20.897635+05:30
481,378,27.20,False,False,,410,36,4744,2026-09-21 13:42:20.897635+05:30,2026-09-21 13:42:20.897635+05:30
481,379,46.40,False,False,,410,36,4745,2026-09-21 13:42:20.897635+05:30,2026-09-21 13:42:20.897635+05:30
481,380,41.60,False,False,,410,36,4746,2026-09-21 13:42:20.897635+05:30,2026-09-21 13:42:20.897635+05:30
481,381,49.60,False,False,,410,36,4747,2026-09-21 13:42:20.897635+05:30,2026-09-21 13:42:20.897635+05:30
481,382,61.60,False,False,,410,36,4748,2026-09-21 13:42:20.897635+05:30,2026-09-21 13:42:20.897635+05:30
481,383,59.20,False,False,,410,36,4749,2026-09-21 13:42:20.897635+05:30,2026-09-21 13:42:20.897635+05:30
481,384,76.80,False,False,,410,36,4750,2026-09-21 13:42:20.897635+05:30,2026-09-21 13:42:20.897635+05:30
481,385,34.40,False,False,,410,36,4751,2026-09-21 13:42:20.897635+05:30,2026-09-21 13:42:20.897635+05:30
481,386,39.20,False,False,,410,36,4752,2026-09-21 13:42:20.897635+05:30,2026-09-21 13:42:20.897635+05:30
481,387,44.00,False,False,,410,36,4753,2026-09-21 13:42:20.897635+05:30,2026-09-21 13:42:20.897635+05:30
482,388,33.60,False,False,,417,36,4754,2026-09-21 13:42:20.897635+05:30,2026-09-21 13:42:20.897635+05:30
482,389,44.80,False,False,,417,36,4755,2026-09-21 13:42:20.897635+05:30,2026-09-21 13:42:20.897635+05:30
482,390,40.00,False,False,,417,36,4756,2026-09-21 13:42:20.897635+05:30,2026-09-21 13:42:20.897635+05:30
482,391,54.40,False,False,,417,36,4757,2026-09-21 13:42:20.897635+05:30,2026-09-21 13:42:20.897635+05:30
482,392,53.60,False,False,,417,36,4758,2026-09-21 13:42:20.897635+05:30,2026-09-21 13:42:20.897635+05:30
482,393,68.00,False,False,,417,36,4759,2026-09-21 13:42:20.897635+05:30,2026-09-21 13:42:20.897635+05:30
482,394,77.60,False,False,,417,36,4760,2026-09-21 13:42:20.897635+05:30,2026-09-21 13:42:20.897635+05:30
482,396,33.60,False,False,,417,36,4762,2026-09-21 13:42:20.897635+05:30,2026-09-21 13:42:20.897635+05:30
482,397,45.60,False,False,,417,36,4763,2026-09-21 13:42:20.897635+05:30,2026-09-21 13:42:20.897635+05:30
483,388,32.80,False,False,,414,36,4764,2026-09-21 13:42:20.897635+05:30,2026-09-21 13:42:20.897635+05:30
483,389,44.80,False,False,,414,36,4765,2026-09-21 13:42:20.897635+05:30,2026-09-21 13:42:20.897635+05:30
483,390,45.60,False,False,,414,36,4766,2026-09-21 13:42:20.897635+05:30,2026-09-21 13:42:20.897635+05:30
483,391,59.20,False,False,,414,36,4767,2026-09-21 13:42:20.897635+05:30,2026-09-21 13:42:20.897635+05:30
483,392,59.20,False,False,,414,36,4768,2026-09-21 13:42:20.897635+05:30,2026-09-21 13:42:20.897635+05:30
483,393,57.60,False,False,,414,36,4769,2026-09-21 13:42:20.897635+05:30,2026-09-21 13:42:20.897635+05:30
483,394,72.80,False,False,,414,36,4770,2026-09-21 13:42:20.897635+05:30,2026-09-21 13:42:20.897635+05:30
483,395,25.60,False,False,,414,36,4771,2026-09-21 13:42:20.897635+05:30,2026-09-21 13:42:20.897635+05:30
483,396,32.80,False,False,,414,36,4772,2026-09-21 13:42:20.897635+05:30,2026-09-21 13:42:20.897635+05:30
483,397,48.00,False,False,,414,36,4773,2026-09-21 13:42:20.897635+05:30,2026-09-21 13:42:20.897635+05:30
484,388,39.20,False,False,,418,36,4774,2026-09-21 13:42:20.897635+05:30,2026-09-21 13:42:20.897635+05:30
484,389,36.80,False,False,,418,36,4775,2026-09-21 13:42:20.897635+05:30,2026-09-21 13:42:20.897635+05:30
484,390,42.40,False,False,,418,36,4776,2026-09-21 13:42:20.897635+05:30,2026-09-21 13:42:20.897635+05:30
484,391,52.80,False,False,,418,36,4777,2026-09-21 13:42:20.897635+05:30,2026-09-21 13:42:20.897635+05:30
484,392,61.60,False,False,,418,36,4778,2026-09-21 13:42:20.897635+05:30,2026-09-21 13:42:20.897635+05:30
484,393,68.00,False,False,,418,36,4779,2026-09-21 13:42:20.897635+05:30,2026-09-21 13:42:20.897635+05:30
484,394,71.20,False,False,,418,36,4780,2026-09-21 13:42:20.897635+05:30,2026-09-21 13:42:20.897635+05:30
484,395,24.00,False,False,,418,36,4781,2026-09-21 13:42:20.897635+05:30,2026-09-21 13:42:20.897635+05:30
484,396,40.80,False,False,,418,36,4782,2026-09-21 13:42:20.897635+05:30,2026-09-21 13:42:20.897635+05:30
484,397,48.00,False,False,,418,36,4783,2026-09-21 13:42:20.897635+05:30,2026-09-21 13:42:20.897635+05:30
485,388,28.00,False,False,,415,36,4784,2026-09-21 13:42:20.897635+05:30,2026-09-21 13:42:20.897635+05:30
485,389,45.60,False,False,,415,36,4785,2026-09-21 13:42:20.897635+05:30,2026-09-21 13:42:20.897635+05:30
485,390,40.00,False,False,,415,36,4786,2026-09-21 13:42:20.897635+05:30,2026-09-21 13:42:20.897635+05:30
485,391,52.80,False,False,,415,36,4787,2026-09-21 13:42:20.897635+05:30,2026-09-21 13:42:20.897635+05:30
485,392,58.40,False,False,,415,36,4788,2026-09-21 13:42:20.897635+05:30,2026-09-21 13:42:20.897635+05:30
485,393,63.20,False,False,,415,36,4789,2026-09-21 13:42:20.897635+05:30,2026-09-21 13:42:20.897635+05:30
485,394,68.00,False,False,,415,36,4790,2026-09-21 13:42:20.897635+05:30,2026-09-21 13:42:20.897635+05:30
485,395,32.80,False,False,,415,36,4791,2026-09-21 13:42:20.897635+05:30,2026-09-21 13:42:20.897635+05:30
485,396,42.40,False,False,,415,36,4792,2026-09-21 13:42:20.897635+05:30,2026-09-21 13:42:20.897635+05:30
485,397,41.60,False,False,,415,36,4793,2026-09-21 13:42:20.897635+05:30,2026-09-21 13:42:20.897635+05:30
486,388,32.00,False,False,,412,36,4794,2026-09-21 13:42:20.897635+05:30,2026-09-21 13:42:20.897635+05:30
486,389,46.40,False,False,,412,36,4795,2026-09-21 13:42:20.897635+05:30,2026-09-21 13:42:20.897635+05:30
486,390,39.20,False,False,,412,36,4796,2026-09-21 13:42:20.897635+05:30,2026-09-21 13:42:20.897635+05:30
486,391,45.60,False,False,,412,36,4797,2026-09-21 13:42:20.897635+05:30,2026-09-21 13:42:20.897635+05:30
486,392,64.80,False,False,,412,36,4798,2026-09-21 13:42:20.897635+05:30,2026-09-21 13:42:20.897635+05:30
486,393,63.20,False,False,,412,36,4799,2026-09-21 13:42:20.897635+05:30,2026-09-21 13:42:20.897635+05:30
486,394,73.60,False,False,,412,36,4800,2026-09-21 13:42:20.897635+05:30,2026-09-21 13:42:20.897635+05:30
486,395,24.00,False,False,,412,36,4801,2026-09-21 13:42:20.897635+05:30,2026-09-21 13:42:20.897635+05:30
486,396,34.40,False,False,,412,36,4802,2026-09-21 13:42:20.897635+05:30,2026-09-21 13:42:20.897635+05:30
486,397,36.80,False,False,,412,36,4803,2026-09-21 13:42:20.897635+05:30,2026-09-21 13:42:20.897635+05:30
487,388,30.40,False,False,,410,36,4804,2026-09-21 13:42:20.897635+05:30,2026-09-21 13:42:20.897635+05:30
487,389,36.80,False,False,,410,36,4805,2026-09-21 13:42:20.897635+05:30,2026-09-21 13:42:20.897635+05:30
487,390,39.20,False,False,,410,36,4806,2026-09-21 13:42:20.897635+05:30,2026-09-21 13:42:20.897635+05:30
487,391,56.80,False,False,,410,36,4807,2026-09-21 13:42:20.897635+05:30,2026-09-21 13:42:20.897635+05:30
487,392,64.80,False,False,,410,36,4808,2026-09-21 13:42:20.897635+05:30,2026-09-21 13:42:20.897635+05:30
487,393,65.60,False,False,,410,36,4809,2026-09-21 13:42:20.897635+05:30,2026-09-21 13:42:20.897635+05:30
487,394,74.40,False,False,,410,36,4810,2026-09-21 13:42:20.897635+05:30,2026-09-21 13:42:20.897635+05:30
487,395,24.80,False,False,,410,36,4811,2026-09-21 13:42:20.897635+05:30,2026-09-21 13:42:20.897635+05:30
487,396,40.00,False,False,,410,36,4812,2026-09-21 13:42:20.897635+05:30,2026-09-21 13:42:20.897635+05:30
487,397,35.20,False,False,,410,36,4813,2026-09-21 13:42:20.897635+05:30,2026-09-21 13:42:20.897635+05:30
